mission_id,tail_id,aircraft_type,home_base,mission_type,departure_date,aircraft_age_years,total_flight_hours,days_since_inspection,ground_time_hours,cargo_weight_klb,temperature_c,sortie_duration_hours,maint_delay,open_major,open_minor,flag_out_of_range
M00001,T-0620,C-17A,Halstead AFB,channel,2025-01-01,28.2,15411,15,7.0,45.1,-3.1,6.1,0,0,2,False
M00002,T-1171,C-17A,Carver Field,SAAM,2025-01-01,26.8,29878,33,78.1,68.9,5.9,11.8,0,0,2,False
M00003,T-0217,C-17A,Halstead AFB,SAAM,2025-01-01,31.6,23219,44,3.7,47.5,-17.9,7.9,0,0,1,False
M00004,T-2295,KC-135R,Dunmore AFB,air refueling,2025-01-01,63.1,37980,29,8.6,0.0,1.4,4.3,1,1,1,False
M00005,T-0730,KC-46A,Halstead AFB,air refueling,2025-01-01,4.0,500,60,13.6,0.0,-5.9,3.7,0,0,2,False
M00006,T-1713,KC-135R,Carver Field,air refueling,2025-01-02,66.1,44856,69,5.6,,11.0,3.1,1,1,3,False
M00007,T-2186,C-5M,Dunmore AFB,channel,2025-01-02,38.2,34011,53,31.9,193.4,2.0,11.6,0,0,0,False
M00008,T-2295,KC-135R,Dunmore AFB,air refueling,2025-01-02,63.1,37980,121,5.7,0.0,5.6,4.3,0,1,1,False
M00009,T-1823,KC-135R,Carver Field,aeromedical,2025-01-02,63.0,50201,133,1.7,7.9,14.1,8.6,1,0,0,False
M00010,T-0143,C-17A,Halstead AFB,SAAM,2025-01-02,21.7,20720,52,17.4,,-2.6,6.8,1,0,3,False
M00011,T-2474,KC-135R,Dunmore AFB,air refueling,2025-01-02,67.8,48502,111,7.6,0.0,0.0,5.2,1,0,1,False
M00012,T-1537,C-17A,Carver Field,SAAM,2025-01-03,16.8,13250,10,33.1,46.4,14.6,11.4,0,0,0,False
M00013,T-1654,KC-135R,Carver Field,air refueling,2025-01-03,59.2,50982,42,17.5,0.0,5.1,5.7,1,0,2,False
M00014,T-0914,KC-46A,Halstead AFB,air refueling,2025-01-03,5.4,4439,58,3.8,0.0,-2.8,4.4,1,0,1,False
M00015,T-2145,C-5M,Dunmore AFB,channel,2025-01-03,44.7,32151,4,9.3,86.0,-3.7,11.6,1,0,2,False
M00016,T-1887,KC-135R,Carver Field,air refueling,2025-01-03,67.0,50748,58,9.6,0.0,13.2,5.1,0,0,1,False
M00017,T-0463,C-17A,Halstead AFB,aeromedical,2025-01-04,30.7,19476,10,10.6,24.9,-10.8,4.0,1,0,1,False
M00018,T-2114,C-5M,Dunmore AFB,channel,2025-01-04,53.9,35390,47,27.0,110.7,1.9,9.7,0,0,3,False
M00019,T-1020,KC-46A,Halstead AFB,channel,2025-01-04,3.4,500,30,1.7,22.1,-10.6,9.0,0,0,0,False
M00020,T-1113,KC-46A,Halstead AFB,air refueling,2025-01-04,2.4,500,49,4.4,0.0,0.5,5.6,0,0,3,False
M00021,T-2394,KC-135R,Dunmore AFB,training,2025-01-04,59.1,31509,34,15.2,4.6,1.9,2.6,1,0,0,False
M00022,T-1171,C-17A,Carver Field,SAAM,2025-01-04,26.8,29878,54,94.1,40.6,6.4,9.6,0,0,2,False
M00023,T-0599,C-17A,Halstead AFB,channel,2025-01-04,25.4,24118,77,7.5,73.4,-16.6,13.2,1,0,1,False
M00024,T-0599,C-17A,Halstead AFB,SAAM,2025-01-04,25.4,24118,99,14.5,47.2,-14.0,12.0,0,0,1,False
M00025,T-1340,C-17A,Carver Field,aeromedical,2025-01-04,23.5,12865,19,7.2,23.9,8.8,8.5,0,0,0,False
M00026,T-1964,C-5M,Dunmore AFB,SAAM,2025-01-04,44.9,34382,47,24.0,139.5,13.7,11.0,1,1,1,False
M00027,T-0473,C-17A,Halstead AFB,aeromedical,2025-01-04,25.9,25278,78,20.7,17.7,-9.4,9.6,1,0,3,False
M00028,T-2023,C-5M,Dunmore AFB,channel,2025-01-04,46.5,35310,73,90.6,225.8,0.9,12.7,0,0,0,False
M00029,T-0599,C-17A,Halstead AFB,training,2025-01-05,25.4,24118,57,7.8,,-1.5,2.1,0,0,1,False
M00030,T-2334,KC-135R,Dunmore AFB,training,2025-01-05,65.9,51911,60,63.1,12.7,-1.5,4.5,0,0,1,False
M00031,T-0914,KC-46A,Halstead AFB,air refueling,2025-01-05,5.4,4439,35,7.6,0.0,-11.7,3.3,0,0,1,False
M00032,T-2552,KC-135R,Dunmore AFB,air refueling,2025-01-05,65.1,65331,45,13.3,0.0,7.1,3.8,1,0,2,False
M00033,T-1713,KC-135R,Carver Field,air refueling,2025-01-05,66.1,44856,51,3.9,,13.3,4.6,1,1,3,False
M00034,T-1557,C-17A,Carver Field,channel,2025-01-05,19.3,18333,47,20.1,27.6,16.3,13.0,0,0,4,False
M00035,T-1869,KC-135R,Carver Field,air refueling,2025-01-05,65.7,38892,72,5.2,0.0,4.6,5.0,0,0,2,False
M00036,T-1630,KC-135R,Carver Field,air refueling,2025-01-05,58.4,49021,88,3.2,0.0,14.0,4.9,1,0,2,False
M00037,T-1504,C-17A,Carver Field,channel,2025-01-06,21.4,28553,54,2.6,96.5,16.4,6.0,0,0,0,False
M00038,T-0730,KC-46A,Halstead AFB,air refueling,2025-01-06,4.0,500,20,7.8,0.0,-6.4,4.3,1,0,2,False
M00039,T-0208,C-17A,Halstead AFB,SAAM,2025-01-06,26.8,18481,81,23.9,43.1,-1.3,5.0,0,0,1,False
M00040,T-1557,C-17A,Carver Field,aeromedical,2025-01-06,19.3,18333,74,14.3,37.7,11.6,6.5,1,0,4,False
M00041,T-2114,C-5M,Dunmore AFB,channel,2025-01-06,53.9,35390,10,30.7,79.5,5.1,6.4,1,0,3,False
M00042,T-1088,KC-46A,Halstead AFB,training,2025-01-06,4.4,5067,33,17.4,5.1,-15.6,2.2,1,1,2,False
M00043,T-1654,KC-135R,Carver Field,air refueling,2025-01-06,59.2,50982,54,35.5,0.0,17.4,5.4,0,0,2,False
M00044,T-0493,C-17A,Halstead AFB,channel,2025-01-06,25.1,23647,147,8.2,44.6,-16.3,12.8,0,0,4,False
M00045,T-0255,C-17A,Halstead AFB,aeromedical,2025-01-06,28.5,22538,117,31.1,,-12.4,4.3,1,2,0,False
M00046,T-0664,C-17A,Halstead AFB,SAAM,2025-01-06,23.9,23720,42,19.1,125.3,-13.7,12.0,1,1,1,False
M00047,T-1823,KC-135R,Carver Field,air refueling,2025-01-06,63.0,50201,136,6.2,0.0,19.1,4.2,1,0,0,False
M00048,T-1964,C-5M,Dunmore AFB,channel,2025-01-07,44.9,34382,21,72.0,99.0,7.2,8.3,0,1,1,False
M00049,T-1619,KC-135R,Carver Field,air refueling,2025-01-07,65.8,33590,94,6.6,0.0,0.6,3.9,0,0,1,False
M00050,T-2295,KC-135R,Dunmore AFB,training,2025-01-07,63.1,37980,167,3.8,8.1,0.0,4.2,1,1,1,False
M00051,T-2540,KC-135R,Dunmore AFB,air refueling,2025-01-07,65.5,57086,5,4.4,0.0,4.5,4.7,1,1,1,False
M00052,T-2552,KC-135R,Dunmore AFB,training,2025-01-07,65.1,65331,17,11.3,6.5,7.6,3.9,0,0,2,False
M00053,T-2394,KC-135R,Dunmore AFB,channel,2025-01-07,59.1,31509,24,16.5,41.3,5.0,6.8,0,0,0,False
M00054,T-2001,C-5M,Dunmore AFB,channel,2025-01-07,43.4,38613,70,56.4,77.6,-0.6,13.8,1,1,0,False
M00055,T-1496,C-17A,Carver Field,SAAM,2025-01-07,25.9,16243,46,20.8,64.7,6.8,10.7,0,0,0,False
M00056,T-1137,C-17A,Carver Field,channel,2025-01-07,26.3,26363,40,6.7,45.3,7.1,10.4,0,0,1,False
M00057,T-0143,C-17A,Halstead AFB,channel,2025-01-07,21.7,20720,35,5.5,156.2,-16.3,6.9,0,0,3,False
M00058,T-1171,C-17A,Carver Field,SAAM,2025-01-08,26.8,29878,35,16.6,161.5,20.4,11.1,0,0,2,False
M00059,T-0473,C-17A,Halstead AFB,training,2025-01-08,25.9,25278,54,47.6,8.4,-12.8,4.0,0,0,3,False
M00060,T-1395,C-17A,Carver Field,channel,2025-01-08,31.0,34623,39,9.3,65.1,3.4,12.6,0,0,2,False
M00061,T-2145,C-5M,Dunmore AFB,SAAM,2025-01-08,44.7,32151,40,11.1,266.0,4.9,7.2,0,0,2,False
M00062,T-0599,C-17A,Halstead AFB,SAAM,2025-01-08,25.4,24118,151,20.0,37.9,-9.3,10.9,0,0,1,False
M00063,T-2073,C-5M,Dunmore AFB,training,2025-01-08,40.9,26759,73,12.8,17.2,9.0,4.4,0,0,0,False
M00064,T-0473,C-17A,Halstead AFB,channel,2025-01-08,25.9,25278,64,6.5,50.2,-13.7,13.5,1,0,3,False
M00065,T-2290,KC-135R,Dunmore AFB,air refueling,2025-01-08,67.8,42978,147,2.8,0.0,1.2,5.4,1,0,1,False
M00066,T-0764,KC-46A,Halstead AFB,air refueling,2025-01-08,6.4,500,50,10.8,0.0,-19.3,4.7,0,0,1,False
M00067,T-1311,C-17A,Carver Field,channel,2025-01-09,20.7,20906,39,15.4,73.6,8.3,6.8,0,0,1,False
M00068,T-1767,KC-135R,Carver Field,air refueling,2025-01-09,64.3,61672,62,7.0,0.0,15.0,5.5,0,0,0,False
M00069,T-2376,KC-135R,Dunmore AFB,air refueling,2025-01-09,66.8,51278,55,6.3,0.0,2.7,4.9,0,2,2,False
M00070,T-0314,C-17A,Halstead AFB,aeromedical,2025-01-09,20.0,5381,121,10.0,,-13.3,9.5,1,0,3,False
M00071,T-2049,C-5M,Dunmore AFB,channel,2025-01-09,39.1,24961,50,9.8,,-0.2,13.3,1,0,0,False
M00072,T-0599,C-17A,Halstead AFB,training,2025-01-09,25.4,24118,38,15.2,6.5,-12.6,4.5,1,0,1,False
M00073,T-1593,C-17A,Carver Field,channel,2025-01-09,18.3,12995,57,22.2,98.0,13.0,6.7,0,1,0,False
M00074,T-2001,C-5M,Dunmore AFB,training,2025-01-09,43.4,38613,139,42.5,,3.7,4.1,1,1,0,False
M00075,T-2052,C-5M,Dunmore AFB,SAAM,2025-01-10,46.4,27070,8,48.9,148.5,3.6,8.9,0,0,0,False
M00076,T-0348,C-17A,Halstead AFB,channel,2025-01-10,22.8,15441,9,8.2,,-11.7,12.8,1,0,0,False
M00077,T-2164,C-5M,Dunmore AFB,channel,2025-01-10,37.4,42570,52,20.8,266.0,6.0,6.7,1,0,0,False
M00078,T-1847,KC-135R,Carver Field,training,2025-01-10,60.9,53602,50,8.2,6.1,15.3,4.8,0,0,3,False
M00079,T-0939,KC-46A,Halstead AFB,air refueling,2025-01-10,7.5,8245,16,15.8,,-6.7,4.8,1,0,0,False
M00080,T-2052,C-5M,Dunmore AFB,channel,2025-01-10,46.4,27070,63,12.3,136.9,7.1,7.9,0,0,0,False
M00081,T-2164,C-5M,Dunmore AFB,channel,2025-01-10,37.4,42570,154,40.1,,-3.4,7.0,1,0,0,False
M00082,T-1593,C-17A,Carver Field,channel,2025-01-10,18.3,12995,75,20.7,,11.4,10.2,1,1,0,False
M00083,T-2394,KC-135R,Dunmore AFB,air refueling,2025-01-10,59.1,31509,26,26.2,0.0,3.6,4.3,0,0,0,False
M00084,T-1581,C-17A,Carver Field,aeromedical,2025-01-10,17.3,14313,87,11.5,23.2,9.8,8.6,1,0,1,False
M00085,T-2114,C-5M,Dunmore AFB,training,2025-01-11,53.9,35390,55,62.3,29.5,4.8,4.5,0,0,3,False
M00086,T-0370,C-17A,Halstead AFB,training,2025-01-11,15.2,15916,67,8.2,5.9,-10.0,2.9,0,0,1,False
M00087,T-1340,C-17A,Carver Field,channel,2025-01-11,23.5,12865,4,26.1,37.6,17.5,6.1,0,0,0,False
M00088,T-0870,KC-46A,Halstead AFB,air refueling,2025-01-11,2.6,676,33,10.9,0.0,-12.9,5.0,1,1,0,False
M00089,T-0914,KC-46A,Halstead AFB,air refueling,2025-01-11,5.4,4439,50,15.9,0.0,-11.8,3.9,1,0,1,False
M00090,T-1964,C-5M,Dunmore AFB,channel,2025-01-11,44.9,34382,13,13.9,200.8,4.2,13.4,0,1,1,False
M00091,T-0493,C-17A,Halstead AFB,SAAM,2025-01-11,25.1,23647,46,17.6,46.0,-5.7,11.7,0,0,4,False
M00092,T-0865,KC-46A,Halstead AFB,air refueling,2025-01-11,3.7,1696,32,14.3,0.0,-8.0,5.4,0,0,0,False
M00093,T-1327,C-17A,Carver Field,training,2025-01-11,17.1,16066,25,3.0,20.0,6.0,2.6,0,3,0,False
M00094,T-2161,C-5M,Dunmore AFB,channel,2025-01-11,44.9,44409,17,9.8,100.5,1.6,7.2,1,0,1,False
M00095,T-2049,C-5M,Dunmore AFB,channel,2025-01-11,39.1,24961,35,13.6,181.8,10.5,10.7,0,0,0,False
M00096,T-2397,KC-135R,Dunmore AFB,air refueling,2025-01-12,62.1,47128,63,29.3,0.0,1.9,3.5,0,1,2,False
M00097,T-1940,C-5M,Dunmore AFB,channel,2025-01-12,38.6,34418,55,36.2,261.9,-4.2,6.8,0,0,0,False
M00098,T-1553,C-17A,Carver Field,training,2025-01-12,31.5,16953,23,15.6,11.7,5.7,4.2,0,0,2,False
M00099,T-1581,C-17A,Carver Field,SAAM,2025-01-12,17.3,14313,38,6.0,33.4,4.2,6.5,0,0,1,False
M00100,T-1908,C-5M,Dunmore AFB,channel,2025-01-12,43.3,32747,128,15.9,93.3,4.9,12.9,0,1,2,False
M00101,T-0348,C-17A,Halstead AFB,SAAM,2025-01-12,22.8,15441,7,12.5,,-4.3,10.2,0,0,0,False
M00102,T-0827,KC-46A,Halstead AFB,channel,2025-01-13,2.1,9446,40,6.1,26.8,-16.8,11.5,0,0,3,False
M00103,T-1630,KC-135R,Carver Field,aeromedical,2025-01-13,58.4,49021,200,5.6,5.8,9.6,6.6,1,0,2,False
M00104,T-2290,KC-135R,Dunmore AFB,training,2025-01-13,67.8,42978,117,4.4,7.1,-1.7,3.8,0,0,1,False
M00105,T-1425,C-17A,Carver Field,SAAM,2025-01-13,26.7,12605,58,12.5,89.0,7.9,11.4,0,2,4,False
M00106,T-2145,C-5M,Dunmore AFB,SAAM,2025-01-13,44.7,32151,49,32.0,96.4,5.6,9.6,1,0,2,False
M00107,T-1856,KC-135R,Carver Field,air refueling,2025-01-13,65.7,50112,83,20.0,0.0,16.3,4.2,0,0,0,False
M00108,T-1056,KC-46A,Halstead AFB,air refueling,2025-01-13,6.9,5985,14,8.4,0.0,-20.3,4.1,1,0,0,False
M00109,T-0914,KC-46A,Halstead AFB,air refueling,2025-01-13,5.4,4439,98,19.8,0.0,0.4,4.8,0,0,1,False
M00110,T-2073,C-5M,Dunmore AFB,channel,2025-01-14,40.9,26759,17,20.2,151.3,7.2,10.7,1,0,0,False
M00111,T-0531,C-17A,Halstead AFB,channel,2025-01-14,31.2,20204,69,21.5,77.8,-3.4,7.8,0,1,3,False
M00112,T-1803,KC-135R,Carver Field,air refueling,2025-01-14,63.8,46399,79,8.5,0.0,14.3,3.0,0,0,0,False
M00113,T-2504,KC-135R,Dunmore AFB,air refueling,2025-01-14,65.7,48344,48,22.4,0.0,-4.1,5.6,0,1,1,False
M00114,T-1020,KC-46A,Halstead AFB,air refueling,2025-01-14,3.4,500,58,9.3,0.0,-8.0,5.8,0,0,0,False
M00115,T-0620,C-17A,Halstead AFB,SAAM,2025-01-14,28.2,15411,34,11.5,64.4,-15.1,5.9,1,0,2,False
M00116,T-0425,C-17A,Halstead AFB,SAAM,2025-01-14,22.8,18352,69,11.3,65.7,-8.6,11.7,1,0,0,False
M00117,T-2540,KC-135R,Dunmore AFB,air refueling,2025-01-14,65.5,57086,42,15.1,0.0,3.4,5.7,1,1,1,False
M00118,T-2540,KC-135R,Dunmore AFB,air refueling,2025-01-14,65.5,57086,81,21.1,,-2.0,4.5,1,1,1,False
M00119,T-0790,KC-46A,Halstead AFB,air refueling,2025-01-14,7.8,7001,30,10.7,0.0,-11.8,5.8,1,0,0,False
M00120,T-2023,C-5M,Dunmore AFB,training,2025-01-14,46.5,35310,50,27.8,17.1,2.8,3.9,0,0,0,False
M00121,T-1510,C-17A,Carver Field,SAAM,2025-01-14,18.9,500,7,8.7,35.5,3.0,10.4,0,0,0,False
M00122,T-2524,KC-135R,Dunmore AFB,air refueling,2025-01-15,67.1,57056,12,41.2,0.0,4.7,5.8,0,0,0,False
M00123,T-2474,KC-135R,Dunmore AFB,air refueling,2025-01-15,67.8,48502,94,3.6,,0.2,5.9,1,0,1,False
M00124,T-1327,C-17A,Carver Field,channel,2025-01-15,17.1,16066,5,34.1,87.5,5.8,10.4,1,3,0,False
M00125,T-2376,KC-135R,Dunmore AFB,air refueling,2025-01-15,66.8,51278,60,19.1,0.0,3.7,5.3,0,2,2,False
M00126,T-0730,KC-46A,Halstead AFB,channel,2025-01-15,4.0,500,16,2.0,,-1.7,12.1,1,0,2,False
M00127,T-0176,C-17A,Halstead AFB,aeromedical,2025-01-15,31.3,25596,69,40.4,,-9.9,9.7,1,0,0,False
M00128,T-0255,C-17A,Halstead AFB,channel,2025-01-15,28.5,22538,43,18.4,59.3,-6.3,12.4,1,2,0,False
M00129,T-2433,KC-135R,Dunmore AFB,training,2025-01-15,59.2,35488,60,8.9,7.7,5.4,2.7,1,0,0,False
M00130,T-0988,KC-46A,Halstead AFB,air refueling,2025-01-16,6.0,9210,106,72.1,0.0,-20.4,5.4,1,0,4,False
M00131,T-0951,KC-46A,Halstead AFB,channel,2025-01-16,6.7,3673,31,21.3,22.9,-9.6,12.6,0,0,1,False
M00132,T-2587,KC-135R,Dunmore AFB,aeromedical,2025-01-16,61.2,41342,106,3.3,5.9,7.6,4.6,0,0,0,False
M00133,T-0208,C-17A,Halstead AFB,aeromedical,2025-01-16,26.8,18481,77,29.5,27.3,-15.8,9.7,1,0,1,False
M00134,T-1281,C-17A,Carver Field,training,2025-01-16,26.9,19964,48,8.9,14.0,7.4,2.1,1,0,0,False
M00135,T-0639,C-17A,Halstead AFB,channel,2025-01-17,21.7,10925,21,7.7,34.1,-13.0,8.7,0,0,2,False
M00136,T-1795,KC-135R,Carver Field,air refueling,2025-01-17,64.6,55962,144,9.9,0.0,12.9,6.0,0,0,0,False
M00137,T-0951,KC-46A,Halstead AFB,channel,2025-01-17,6.7,3673,77,11.4,35.7,-7.4,8.4,1,0,1,False
M00138,T-1713,KC-135R,Carver Field,air refueling,2025-01-17,66.1,44856,45,4.9,0.0,11.4,5.0,1,1,3,False
M00139,T-2433,KC-135R,Dunmore AFB,channel,2025-01-17,59.2,35488,21,18.0,39.7,-1.5,9.4,0,0,0,False
M00140,T-0730,KC-46A,Halstead AFB,air refueling,2025-01-17,4.0,500,60,10.8,0.0,-5.7,4.3,0,0,2,False
M00141,T-1654,KC-135R,Carver Field,training,2025-01-17,59.2,50982,118,6.1,6.1,19.7,4.8,1,0,2,False
M00142,T-1920,C-5M,Dunmore AFB,SAAM,2025-01-17,40.4,32103,57,2.9,130.0,2.9,8.3,1,0,0,False
M00143,T-0493,C-17A,Halstead AFB,SAAM,2025-01-17,25.1,23647,76,18.4,45.8,-19.1,7.0,1,0,4,False
M00144,T-0951,KC-46A,Halstead AFB,air refueling,2025-01-18,6.7,3673,84,31.1,,-13.7,5.4,1,0,1,False
M00145,T-1847,KC-135R,Carver Field,air refueling,2025-01-18,60.9,53602,29,37.3,0.0,9.5,3.8,0,0,3,False
M00146,T-0620,C-17A,Halstead AFB,channel,2025-01-18,28.2,15411,64,6.1,101.8,-8.8,10.3,1,0,2,False
M00147,T-2145,C-5M,Dunmore AFB,training,2025-01-18,44.7,32151,13,10.7,17.0,3.4,4.4,0,0,2,False
M00148,T-1496,C-17A,Carver Field,SAAM,2025-01-18,25.9,16243,37,6.6,94.3,14.0,8.6,0,0,0,False
M00149,T-2545,KC-135R,Dunmore AFB,training,2025-01-18,59.3,46236,27,5.7,9.0,-4.3,4.8,0,0,0,False
M00150,T-2260,KC-135R,Dunmore AFB,training,2025-01-18,61.5,50733,30,19.7,7.0,9.8,3.6,0,0,2,False
M00151,T-0695,KC-46A,Halstead AFB,training,2025-01-18,2.0,500,47,19.2,2.8,-11.6,5.0,0,0,1,False
M00152,T-2052,C-5M,Dunmore AFB,aeromedical,2025-01-19,46.4,27070,111,27.4,18.4,4.6,9.0,1,0,0,False
M00153,T-0951,KC-46A,Halstead AFB,air refueling,2025-01-19,6.7,3673,75,6.6,0.0,-4.0,5.8,0,0,1,False
M00154,T-0914,KC-46A,Halstead AFB,air refueling,2025-01-19,5.4,4439,21,5.9,0.0,-10.4,3.7,0,0,1,False
M00155,T-2504,KC-135R,Dunmore AFB,air refueling,2025-01-19,65.7,48344,54,7.9,0.0,-3.1,5.2,0,1,1,False
M00156,T-1658,KC-135R,Carver Field,aeromedical,2025-01-19,60.1,63704,9,30.0,8.2,8.3,7.8,0,2,1,False
M00157,T-1823,KC-135R,Carver Field,training,2025-01-19,63.0,50201,39,19.9,3.7,-3.5,2.5,0,0,0,False
M00158,T-1496,C-17A,Carver Field,SAAM,2025-01-19,25.9,16243,90,13.3,40.8,21.2,10.9,0,0,0,False
M00159,T-1425,C-17A,Carver Field,aeromedical,2025-01-19,26.7,12605,67,38.2,10.5,10.4,6.7,0,2,4,False
M00160,T-0493,C-17A,Halstead AFB,channel,2025-01-19,25.1,23647,19,22.3,,-15.1,10.2,1,0,4,False
M00161,T-0134,C-17A,Halstead AFB,SAAM,2025-01-19,26.5,6615,64,11.0,161.5,-8.1,8.3,0,0,3,False
M00162,T-2260,KC-135R,Dunmore AFB,channel,2025-01-19,61.5,50733,24,4.8,31.2,4.2,7.8,0,0,2,False
M00163,T-0348,C-17A,Halstead AFB,channel,2025-01-20,22.8,15441,102,20.3,86.1,-6.7,10.1,0,0,0,False
M00164,T-1887,KC-135R,Carver Field,air refueling,2025-01-20,67.0,50748,67,3.1,0.0,1.0,5.3,1,0,1,False
M00165,T-1803,KC-135R,Carver Field,air refueling,2025-01-20,63.8,46399,166,3.4,,13.7,5.0,1,0,0,False
M00166,T-1593,C-17A,Carver Field,channel,2025-01-20,18.3,12995,109,25.8,64.7,16.1,6.0,0,1,0,False
M00167,T-1869,KC-135R,Carver Field,channel,2025-01-20,65.7,38892,37,7.1,,17.2,8.7,1,0,2,False
M00168,T-0134,C-17A,Halstead AFB,training,2025-01-20,26.5,6615,15,19.2,14.3,-16.1,3.0,1,0,3,False
M00169,T-0217,C-17A,Halstead AFB,channel,2025-01-20,31.6,23219,59,25.9,,-4.8,8.8,0,0,1,False
M00170,T-0370,C-17A,Halstead AFB,channel,2025-01-20,15.2,15916,34,9.8,100.2,-5.6,10.6,0,0,1,False
M00171,T-0821,KC-46A,Halstead AFB,air refueling,2025-01-20,5.7,500,10,30.8,0.0,-3.5,4.3,1,0,3,False
M00172,T-0577,C-17A,Halstead AFB,channel,2025-01-21,27.6,14931,21,12.3,114.3,-12.5,11.7,0,0,1,False
M00173,T-1658,KC-135R,Carver Field,air refueling,2025-01-21,60.1,63704,29,10.0,0.0,15.9,3.9,0,2,1,False
M00174,T-1630,KC-135R,Carver Field,aeromedical,2025-01-21,58.4,49021,39,1.9,7.4,18.6,8.7,0,0,2,False
M00175,T-1795,KC-135R,Carver Field,air refueling,2025-01-21,64.6,55962,23,11.7,0.0,7.7,4.6,0,0,0,False
M00176,T-0639,C-17A,Halstead AFB,aeromedical,2025-01-21,21.7,10925,43,6.6,11.4,-13.6,8.7,1,0,2,False
M00177,T-1113,KC-46A,Halstead AFB,air refueling,2025-01-22,2.4,500,75,14.8,0.0,-15.5,3.9,0,0,3,False
M00178,T-2145,C-5M,Dunmore AFB,channel,2025-01-22,44.7,32151,51,12.3,66.5,3.3,12.5,0,0,2,False
M00179,T-0695,KC-46A,Halstead AFB,channel,2025-01-22,2.0,500,175,3.7,18.1,-7.4,9.6,0,0,1,False
M00180,T-1462,C-17A,Carver Field,SAAM,2025-01-22,21.2,21621,57,17.7,58.1,15.5,8.3,0,0,0,False
M00181,T-1630,KC-135R,Carver Field,aeromedical,2025-01-22,58.4,49021,46,3.6,,6.6,8.2,1,0,2,False
M00182,T-1258,C-17A,Carver Field,channel,2025-01-22,19.2,15181,161,12.8,99.4,8.3,8.7,0,0,0,False
M00183,T-0951,KC-46A,Halstead AFB,air refueling,2025-01-22,6.7,3673,39,23.8,0.0,-10.8,4.5,0,0,1,False
M00184,T-1800,KC-135R,Carver Field,channel,2025-01-22,59.6,49983,33,7.9,22.7,7.5,13.6,0,0,6,False
M00185,T-0599,C-17A,Halstead AFB,training,2025-01-22,25.4,24118,5,7.0,,-10.8,3.9,1,0,1,False
M00186,T-2161,C-5M,Dunmore AFB,training,2025-01-23,44.9,44409,35,101.4,10.7,-4.6,4.7,1,0,1,False
M00187,T-1619,KC-135R,Carver Field,air refueling,2025-01-23,65.8,33590,37,5.3,0.0,10.0,3.5,0,0,1,False
M00188,T-1856,KC-135R,Carver Field,air refueling,2025-01-23,65.7,50112,42,15.0,0.0,18.5,4.7,1,0,0,False
M00189,T-2089,C-5M,Dunmore AFB,channel,2025-01-23,42.3,34339,70,48.3,89.5,6.3,10.5,0,0,3,False
M00190,T-0664,C-17A,Halstead AFB,SAAM,2025-01-23,23.9,23720,62,9.8,89.3,-10.1,5.5,1,1,1,False
M00191,T-2552,KC-135R,Dunmore AFB,air refueling,2025-01-23,65.1,65331,27,9.0,0.0,1.7,5.7,1,0,2,False
M00192,T-0668,KC-46A,Halstead AFB,air refueling,2025-01-23,5.5,998,39,25.3,0.0,-12.0,3.0,0,0,0,False
M00193,T-1425,C-17A,Carver Field,channel,2025-01-23,26.7,12605,84,16.2,161.5,7.4,6.8,1,2,4,False
M00194,T-2433,KC-135R,Dunmore AFB,air refueling,2025-01-23,59.2,35488,45,9.1,0.0,5.2,3.4,0,0,0,False
M00195,T-0409,C-17A,Halstead AFB,training,2025-01-23,18.5,23325,184,11.7,,-14.6,4.1,1,1,1,False
M00196,T-1056,KC-46A,Halstead AFB,training,2025-01-23,6.9,5985,91,11.9,6.1,-5.3,2.9,1,0,0,False
M00197,T-1658,KC-135R,Carver Field,air refueling,2025-01-23,60.1,63704,89,24.8,0.0,13.8,5.6,0,2,1,False
M00198,T-1964,C-5M,Dunmore AFB,aeromedical,2025-01-24,44.9,34382,62,13.2,19.3,6.7,5.8,1,1,1,False
M00199,T-1395,C-17A,Carver Field,SAAM,2025-01-24,31.0,34623,92,5.3,107.5,11.5,6.0,0,0,2,False
M00200,T-1856,KC-135R,Carver Field,air refueling,2025-01-24,65.7,50112,49,7.2,0.0,12.8,3.0,1,0,0,False
M00201,T-1171,C-17A,Carver Field,channel,2025-01-24,26.8,29878,88,6.1,56.3,6.1,12.0,1,0,2,False
M00202,T-1713,KC-135R,Carver Field,air refueling,2025-01-24,66.1,44856,43,3.8,,12.4,4.6,1,1,3,False
M00203,T-2052,C-5M,Dunmore AFB,training,2025-01-24,46.4,27070,87,29.8,22.6,-3.5,4.2,0,0,0,False
M00204,T-1171,C-17A,Carver Field,SAAM,2025-01-24,26.8,29878,7,8.3,161.5,11.8,5.6,0,0,2,False
M00205,T-0493,C-17A,Halstead AFB,channel,2025-01-24,25.1,23647,4,13.3,68.4,-17.9,11.9,1,0,4,False
M00206,T-1557,C-17A,Carver Field,SAAM,2025-01-24,19.3,18333,86,6.9,66.6,4.9,6.8,0,0,4,False
M00207,T-1593,C-17A,Carver Field,channel,2025-01-24,18.3,12995,47,16.6,81.8,15.8,7.5,0,1,0,False
M00208,T-0217,C-17A,Halstead AFB,training,2025-01-24,31.6,23219,155,30.8,13.6,-11.1,5.0,1,0,1,False
M00209,T-0281,C-17A,Halstead AFB,channel,2025-01-24,23.1,21141,19,9.0,155.9,-5.2,9.9,1,2,2,False
M00210,T-1311,C-17A,Carver Field,training,2025-01-24,20.7,20906,76,9.2,8.5,14.6,3.1,0,0,1,False
M00211,T-1856,KC-135R,Carver Field,air refueling,2025-01-25,65.7,50112,62,14.6,0.0,16.5,4.8,0,0,0,False
M00212,T-2052,C-5M,Dunmore AFB,channel,2025-01-25,46.4,27070,138,13.4,71.3,-5.2,12.5,1,0,0,False
M00213,T-1311,C-17A,Carver Field,training,2025-01-25,20.7,20906,93,5.9,10.6,4.1,2.7,0,0,1,False
M00214,T-1654,KC-135R,Carver Field,channel,2025-01-25,59.2,50982,102,7.1,42.4,17.1,12.5,1,0,2,False
M00215,T-0370,C-17A,Halstead AFB,SAAM,2025-01-25,15.2,15916,69,8.3,72.9,-13.4,7.4,0,0,1,False
M00216,T-2290,KC-135R,Dunmore AFB,air refueling,2025-01-25,67.8,42978,166,4.8,0.0,0.9,5.7,1,0,1,False
M00217,T-0370,C-17A,Halstead AFB,SAAM,2025-01-25,15.2,15916,110,17.3,86.6,-15.9,8.6,1,0,1,False
M00218,T-0281,C-17A,Halstead AFB,SAAM,2025-01-25,23.1,21141,59,23.2,55.0,-5.7,5.8,1,2,2,False
M00219,T-0255,C-17A,Halstead AFB,channel,2025-01-25,28.5,22538,117,14.0,29.3,-13.4,6.5,1,2,0,False
M00220,T-2545,KC-135R,Dunmore AFB,air refueling,2025-01-25,59.3,46236,49,25.5,0.0,-4.2,5.3,1,0,0,False
M00221,T-1557,C-17A,Carver Field,SAAM,2025-01-26,19.3,18333,71,14.9,75.2,13.7,8.8,0,0,4,False
M00222,T-0348,C-17A,Halstead AFB,SAAM,2025-01-26,22.8,15441,41,9.9,,-1.8,6.8,0,0,0,False
M00223,T-1553,C-17A,Carver Field,channel,2025-01-26,31.5,16953,84,10.8,84.1,14.8,6.1,0,0,2,False
M00224,T-2052,C-5M,Dunmore AFB,aeromedical,2025-01-26,46.4,27070,30,13.9,13.2,-2.7,5.3,1,0,0,False
M00225,T-0134,C-17A,Halstead AFB,channel,2025-01-26,26.5,6615,81,7.1,57.6,-23.7,10.2,1,0,3,False
M00226,T-0473,C-17A,Halstead AFB,channel,2025-01-26,25.9,25278,79,8.1,101.5,-20.1,8.1,1,0,3,False
M00227,T-0217,C-17A,Halstead AFB,channel,2025-01-26,31.6,23219,102,23.2,79.9,-15.0,11.0,0,0,1,False
M00228,T-2386,KC-135R,Dunmore AFB,air refueling,2025-01-26,62.3,36598,18,23.4,0.0,6.0,5.2,1,0,1,False
M00229,T-0988,KC-46A,Halstead AFB,training,2025-01-26,6.0,9210,77,11.9,10.8,-16.0,2.3,1,0,4,False
M00230,T-2474,KC-135R,Dunmore AFB,air refueling,2025-01-26,67.8,48502,45,11.6,0.0,8.6,3.2,0,0,1,False
M00231,T-2052,C-5M,Dunmore AFB,channel,2025-01-26,46.4,27070,51,14.1,111.1,7.2,13.2,0,0,0,False
M00232,T-1940,C-5M,Dunmore AFB,channel,2025-01-26,38.6,34418,21,12.1,,-5.0,6.5,1,0,0,False
M00233,T-1800,KC-135R,Carver Field,air refueling,2025-01-26,59.6,49983,17,15.2,0.0,14.3,6.0,0,0,6,False
M00234,T-1658,KC-135R,Carver Field,air refueling,2025-01-26,60.1,63704,66,3.8,0.0,12.4,5.9,0,2,1,False
M00235,T-0314,C-17A,Halstead AFB,SAAM,2025-01-27,20.0,5381,56,10.5,47.7,-5.6,11.9,0,0,3,False
M00236,T-0620,C-17A,Halstead AFB,SAAM,2025-01-27,28.2,15411,33,18.9,55.5,-6.8,8.7,0,0,2,False
M00237,T-1581,C-17A,Carver Field,SAAM,2025-01-27,17.3,14313,90,17.3,57.0,17.3,5.0,0,0,1,False
M00238,T-1020,KC-46A,Halstead AFB,air refueling,2025-01-27,3.4,500,14,5.3,0.0,-6.8,4.3,0,0,0,False
M00239,T-0730,KC-46A,Halstead AFB,air refueling,2025-01-27,4.0,500,57,31.1,0.0,-11.9,3.4,1,0,2,False
M00240,T-0549,C-17A,Halstead AFB,aeromedical,2025-01-27,20.6,16918,104,13.4,22.6,-9.2,6.8,1,0,0,False
M00241,T-2260,KC-135R,Dunmore AFB,air refueling,2025-01-27,61.5,50733,47,20.8,0.0,-2.9,5.1,0,0,2,False
M00242,T-2001,C-5M,Dunmore AFB,SAAM,2025-01-27,43.4,38613,27,15.5,,9.7,7.7,1,1,0,False
M00243,T-2545,KC-135R,Dunmore AFB,air refueling,2025-01-27,59.3,46236,39,19.4,0.0,3.0,6.0,0,0,0,False
M00244,T-1553,C-17A,Carver Field,aeromedical,2025-01-27,31.5,16953,78,6.2,10.6,23.8,7.7,0,0,2,False
M00245,T-2073,C-5M,Dunmore AFB,aeromedical,2025-01-27,40.9,26759,16,8.6,37.0,2.2,6.2,1,0,0,False
M00246,T-2433,KC-135R,Dunmore AFB,training,2025-01-27,59.2,35488,86,12.9,5.2,3.1,2.7,0,0,0,False
M00247,T-0348,C-17A,Halstead AFB,channel,2025-01-28,22.8,15441,25,13.5,74.1,-6.2,10.6,1,0,0,False
M00248,T-1908,C-5M,Dunmore AFB,channel,2025-01-28,43.3,32747,17,15.5,63.1,3.0,7.3,0,1,2,False
M00249,T-0865,KC-46A,Halstead AFB,channel,2025-01-28,3.7,1696,125,14.2,20.5,-13.7,7.1,1,0,0,False
M00250,T-0463,C-17A,Halstead AFB,SAAM,2025-01-28,30.7,19476,39,41.6,57.1,-16.4,10.7,0,0,1,False
M00251,T-1940,C-5M,Dunmore AFB,channel,2025-01-28,38.6,34418,77,9.3,,7.0,6.7,1,0,0,False
M00252,T-2540,KC-135R,Dunmore AFB,air refueling,2025-01-28,65.5,57086,42,13.5,0.0,5.5,3.1,0,1,1,False
M00253,T-0370,C-17A,Halstead AFB,aeromedical,2025-01-29,15.2,15916,8,27.1,14.2,-14.0,4.9,1,0,1,False
M00254,T-2545,KC-135R,Dunmore AFB,training,2025-01-29,59.3,46236,60,5.1,3.5,11.5,3.3,0,0,0,False
M00255,T-2397,KC-135R,Dunmore AFB,aeromedical,2025-01-29,62.1,47128,19,12.4,9.3,5.7,7.1,0,1,2,False
M00256,T-1795,KC-135R,Carver Field,channel,2025-01-29,64.6,55962,41,11.6,27.9,13.9,11.9,0,0,0,False
M00257,T-1593,C-17A,Carver Field,aeromedical,2025-01-29,18.3,12995,96,23.6,11.0,6.2,5.2,0,1,0,False
M00258,T-0493,C-17A,Halstead AFB,channel,2025-01-29,25.1,23647,66,21.3,93.1,1.9,10.7,0,0,4,False
M00259,T-2504,KC-135R,Dunmore AFB,training,2025-01-29,65.7,48344,93,15.7,7.5,6.1,4.2,1,1,1,False
M00260,T-0549,C-17A,Halstead AFB,aeromedical,2025-01-30,20.6,16918,29,6.4,19.0,-6.5,7.7,0,0,0,False
M00261,T-0764,KC-46A,Halstead AFB,air refueling,2025-01-30,6.4,500,121,26.4,0.0,-9.9,4.4,0,0,1,False
M00262,T-1611,C-17A,Carver Field,channel,2025-01-30,25.0,24677,54,7.1,44.6,11.9,12.2,0,0,0,False
M00263,T-2552,KC-135R,Dunmore AFB,air refueling,2025-01-30,65.1,65331,43,28.0,0.0,-4.6,3.7,1,0,2,False
M00264,T-2552,KC-135R,Dunmore AFB,channel,2025-01-30,65.1,65331,37,3.4,38.3,-6.3,11.1,1,0,2,False
M00265,T-0208,C-17A,Halstead AFB,channel,2025-01-30,26.8,18481,35,40.2,57.5,-6.1,9.3,0,0,1,False
M00266,T-0730,KC-46A,Halstead AFB,channel,2025-01-30,4.0,500,198,1.2,238.0,44.0,13.8,1,0,2,True
M00267,T-1557,C-17A,Carver Field,channel,2025-01-30,19.3,18333,79,5.6,39.4,11.7,6.6,1,0,4,False
M00268,T-1677,KC-135R,Carver Field,air refueling,2025-01-30,67.6,55886,70,9.6,0.0,13.6,4.0,0,0,1,False
M00269,T-0730,KC-46A,Halstead AFB,air refueling,2025-01-31,4.0,500,60,21.2,0.0,-16.7,3.6,1,0,2,False
M00270,T-1733,KC-135R,Carver Field,training,2025-01-31,67.8,47860,14,19.2,11.6,11.4,3.1,0,0,3,False
M00271,T-1920,C-5M,Dunmore AFB,channel,2025-01-31,40.4,32103,79,3.8,83.2,11.3,11.4,1,0,0,False
M00272,T-0425,C-17A,Halstead AFB,channel,2025-01-31,22.8,18352,95,18.8,79.7,-15.0,12.7,1,0,0,False
M00273,T-1425,C-17A,Carver Field,aeromedical,2025-01-31,26.7,12605,21,8.8,30.9,17.8,9.6,0,2,4,False
M00274,T-1700,KC-135R,Carver Field,air refueling,2025-01-31,58.7,53822,74,9.9,0.0,5.2,3.0,0,0,0,False
M00275,T-1020,KC-46A,Halstead AFB,training,2025-01-31,3.4,500,7,38.2,3.3,-24.3,2.4,1,0,0,False
M00276,T-1767,KC-135R,Carver Field,air refueling,2025-01-31,64.3,61672,28,6.8,0.0,4.4,5.6,0,0,0,False
M00277,T-0143,C-17A,Halstead AFB,channel,2025-02-01,21.7,20720,34,8.0,57.6,-17.2,6.4,0,0,3,False
M00278,T-0409,C-17A,Halstead AFB,aeromedical,2025-02-01,18.5,23325,24,50.3,15.7,-20.3,9.5,1,1,1,False
M00279,T-1327,C-17A,Carver Field,channel,2025-02-01,17.1,16066,31,6.2,67.9,4.3,7.4,0,3,0,False
M00280,T-2540,KC-135R,Dunmore AFB,air refueling,2025-02-02,65.5,57086,6,10.1,0.0,-2.7,3.7,1,1,1,False
M00281,T-0790,KC-46A,Halstead AFB,training,2025-02-02,7.8,7001,114,18.1,5.3,-1.2,3.4,1,0,0,False
M00282,T-1557,C-17A,Carver Field,channel,2025-02-02,19.3,18333,87,32.3,62.8,14.5,8.0,0,0,4,False
M00283,T-1311,C-17A,Carver Field,channel,2025-02-02,20.7,20906,108,27.5,29.4,12.0,14.0,1,0,1,False
M00284,T-0549,C-17A,Halstead AFB,aeromedical,2025-02-02,20.6,16918,30,13.6,30.8,-14.4,5.7,0,0,0,False
M00285,T-1340,C-17A,Carver Field,training,2025-02-02,23.5,12865,195,17.4,32.5,6.2,3.0,0,0,0,False
M00286,T-2334,KC-135R,Dunmore AFB,channel,2025-02-02,65.9,51911,95,3.5,26.7,4.8,9.4,1,0,1,False
M00287,T-0208,C-17A,Halstead AFB,SAAM,2025-02-02,26.8,18481,52,7.2,64.5,-7.9,5.1,0,0,1,False
M00288,T-0865,KC-46A,Halstead AFB,air refueling,2025-02-03,3.7,1696,7,9.6,0.0,-15.9,4.3,0,0,0,False
M00289,T-1869,KC-135R,Carver Field,air refueling,2025-02-03,65.7,38892,11,12.6,0.0,12.5,5.7,0,0,2,False
M00290,T-1908,C-5M,Dunmore AFB,SAAM,2025-02-03,43.3,32747,58,23.2,137.7,1.4,10.8,0,1,2,False
M00291,T-0865,KC-46A,Halstead AFB,training,2025-02-03,3.7,1696,65,17.4,2.3,-5.8,4.3,0,0,0,False
M00292,T-2442,KC-135R,Dunmore AFB,air refueling,2025-02-03,66.9,50383,81,10.2,0.0,4.1,4.0,0,1,2,False
M00293,T-2145,C-5M,Dunmore AFB,channel,2025-02-03,44.7,32151,47,33.7,221.4,-1.6,11.4,0,0,2,False
M00294,T-1869,KC-135R,Carver Field,air refueling,2025-02-03,65.7,38892,11,23.5,0.0,10.7,5.0,0,0,2,False
M00295,T-0599,C-17A,Halstead AFB,SAAM,2025-02-03,25.4,24118,36,16.9,129.3,-3.9,11.4,0,0,1,False
M00296,T-2545,KC-135R,Dunmore AFB,air refueling,2025-02-03,59.3,46236,15,5.2,0.0,2.0,3.8,0,0,0,False
M00297,T-1020,KC-46A,Halstead AFB,air refueling,2025-02-03,3.4,500,58,5.8,0.0,-16.5,4.2,0,0,0,False
M00298,T-2023,C-5M,Dunmore AFB,channel,2025-02-04,46.5,35310,4,85.9,191.2,2.8,7.8,0,0,0,False
M00299,T-1504,C-17A,Carver Field,training,2025-02-04,21.4,28553,79,9.7,5.8,12.7,3.4,0,0,0,False
M00300,T-0951,KC-46A,Halstead AFB,training,2025-02-04,6.7,3673,43,33.8,3.4,-6.6,2.5,0,0,1,False
M00301,T-0549,C-17A,Halstead AFB,aeromedical,2025-02-04,20.6,16918,31,12.5,28.8,-19.3,9.3,0,0,0,False
M00302,T-2397,KC-135R,Dunmore AFB,air refueling,2025-02-04,62.1,47128,37,18.1,0.0,0.6,3.8,0,1,2,False
M00303,T-2394,KC-135R,Dunmore AFB,air refueling,2025-02-04,59.1,31509,12,48.2,0.0,4.0,5.0,0,0,0,False
M00304,T-0348,C-17A,Halstead AFB,channel,2025-02-04,22.8,15441,136,24.9,43.1,-19.9,13.7,1,0,0,False
M00305,T-1020,KC-46A,Halstead AFB,aeromedical,2025-02-05,3.4,500,102,6.1,3.2,-1.5,4.5,1,0,0,False
M00306,T-0143,C-17A,Halstead AFB,training,2025-02-05,21.7,20720,31,18.3,,-8.2,4.3,0,0,3,False
M00307,T-2334,KC-135R,Dunmore AFB,channel,2025-02-05,65.9,51911,17,19.3,14.8,7.4,9.4,0,0,1,False
M00308,T-0463,C-17A,Halstead AFB,aeromedical,2025-02-05,30.7,19476,160,25.5,32.0,-7.7,4.2,0,0,1,False
M00309,T-2052,C-5M,Dunmore AFB,SAAM,2025-02-05,46.4,27070,64,11.9,137.3,6.7,5.7,1,0,0,False
M00310,T-1897,KC-135R,Carver Field,training,2025-02-05,60.1,41165,41,27.4,3.7,18.6,2.0,0,0,2,False
M00311,T-0473,C-17A,Halstead AFB,SAAM,2025-02-06,25.9,25278,46,6.8,48.7,-3.0,10.1,0,0,3,False
M00312,T-1869,KC-135R,Carver Field,training,2025-02-06,65.7,38892,50,19.9,3.3,10.5,3.8,0,0,2,False
M00313,T-0730,KC-46A,Halstead AFB,air refueling,2025-02-06,4.0,500,12,3.6,0.0,-10.2,3.8,1,0,2,False
M00314,T-2334,KC-135R,Dunmore AFB,channel,2025-02-06,65.9,51911,99,8.0,35.1,3.7,7.2,0,0,1,False
M00315,T-2161,C-5M,Dunmore AFB,SAAM,2025-02-06,44.9,44409,54,11.8,57.8,-4.9,6.4,1,0,1,False
M00316,T-1869,KC-135R,Carver Field,air refueling,2025-02-07,65.7,38892,21,26.3,0.0,21.5,3.4,0,0,2,False
M00317,T-1510,C-17A,Carver Field,SAAM,2025-02-07,18.9,500,131,12.9,34.1,9.1,6.3,0,0,0,False
M00318,T-2049,C-5M,Dunmore AFB,training,2025-02-07,39.1,24961,27,39.3,30.0,-3.2,2.7,0,0,0,False
M00319,T-1113,KC-46A,Halstead AFB,air refueling,2025-02-07,2.4,500,38,3.9,0.0,-8.8,4.1,0,0,3,False
M00320,T-1510,C-17A,Carver Field,channel,2025-02-07,18.9,500,84,12.2,81.3,11.3,9.6,0,0,0,False
M00321,T-0664,C-17A,Halstead AFB,channel,2025-02-07,23.9,23720,16,16.8,124.9,1.8,13.8,0,1,1,False
M00322,T-0780,KC-46A,Halstead AFB,air refueling,2025-02-07,5.4,500,92,5.5,0.0,-5.4,3.1,0,0,0,False
M00323,T-1795,KC-135R,Carver Field,channel,2025-02-07,64.6,55962,62,18.0,29.7,16.4,11.3,1,0,0,False
M00324,T-1504,C-17A,Carver Field,training,2025-02-07,21.4,28553,41,24.2,21.7,16.8,2.1,0,0,0,False
M00325,T-2161,C-5M,Dunmore AFB,aeromedical,2025-02-07,44.9,44409,169,18.8,51.4,11.5,9.4,0,0,1,False
M00326,T-0463,C-17A,Halstead AFB,aeromedical,2025-02-07,30.7,19476,66,16.8,11.5,-10.0,6.8,0,0,1,False
M00327,T-2225,C-5M,Dunmore AFB,SAAM,2025-02-07,53.3,54876,18,17.4,111.3,3.7,6.2,0,0,0,False
M00328,T-0217,C-17A,Halstead AFB,channel,2025-02-08,31.6,23219,29,8.0,53.5,-11.0,11.0,1,0,1,False
M00329,T-1425,C-17A,Carver Field,channel,2025-02-08,26.7,12605,67,6.8,52.4,18.8,12.4,0,2,4,False
M00330,T-2260,KC-135R,Dunmore AFB,air refueling,2025-02-09,61.5,50733,91,10.7,0.0,2.3,4.9,1,0,2,False
M00331,T-0531,C-17A,Halstead AFB,aeromedical,2025-02-09,31.2,20204,60,12.6,14.2,-10.3,8.5,1,1,3,False
M00332,T-2572,KC-135R,Dunmore AFB,air refueling,2025-02-09,58.1,43971,31,37.5,0.0,3.6,4.7,0,0,1,False
M00333,T-1859,KC-135R,Carver Field,training,2025-02-09,65.4,50943,74,21.7,10.8,9.0,2.5,1,0,3,False
M00334,T-1462,C-17A,Carver Field,training,2025-02-09,21.2,21621,49,20.0,19.9,11.8,2.3,0,0,0,False
M00335,T-1847,KC-135R,Carver Field,air refueling,2025-02-09,60.9,53602,39,4.4,,5.5,4.7,1,0,3,False
M00336,T-1700,KC-135R,Carver Field,air refueling,2025-02-10,58.7,53822,70,8.9,0.0,15.3,5.6,1,0,0,False
M00337,T-0891,KC-46A,Halstead AFB,air refueling,2025-02-10,5.6,500,53,13.0,0.0,-9.4,5.2,0,0,1,False
M00338,T-2023,C-5M,Dunmore AFB,SAAM,2025-02-10,46.5,35310,16,27.5,74.5,1.5,10.6,1,0,0,False
M00339,T-0176,C-17A,Halstead AFB,channel,2025-02-10,31.3,25596,97,7.3,88.0,-2.8,13.4,1,0,0,False
M00340,T-1537,C-17A,Carver Field,channel,2025-02-10,16.8,13250,62,14.2,59.1,7.6,11.4,0,0,0,False
M00341,T-0668,KC-46A,Halstead AFB,air refueling,2025-02-10,5.5,998,42,22.9,0.0,-5.3,5.3,1,0,0,False
M00342,T-1056,KC-46A,Halstead AFB,channel,2025-02-11,6.9,5985,97,17.6,33.9,-10.9,8.5,0,0,0,False
M00343,T-0208,C-17A,Halstead AFB,SAAM,2025-02-11,26.8,18481,12,19.5,133.8,-8.6,9.3,0,0,1,False
M00344,T-1504,C-17A,Carver Field,channel,2025-02-11,21.4,28553,4,13.3,65.5,10.2,12.3,0,0,0,False
M00345,T-1171,C-17A,Carver Field,channel,2025-02-11,26.8,29878,29,15.3,96.4,6.4,10.9,0,0,2,False
M00346,T-2386,KC-135R,Dunmore AFB,air refueling,2025-02-11,62.3,36598,83,22.3,0.0,3.5,5.9,0,0,1,False
M00347,T-0425,C-17A,Halstead AFB,SAAM,2025-02-11,22.8,18352,85,12.1,71.1,-12.2,7.4,1,0,0,False
M00348,T-0473,C-17A,Halstead AFB,channel,2025-02-12,25.9,25278,43,34.6,161.5,-11.4,12.8,1,0,3,False
M00349,T-2290,KC-135R,Dunmore AFB,training,2025-02-12,67.8,42978,26,21.1,8.5,3.2,3.0,1,0,1,False
M00350,T-1221,C-17A,Carver Field,channel,2025-02-12,15.6,19726,186,47.2,71.4,2.2,9.9,0,0,3,False
M00351,T-1581,C-17A,Carver Field,aeromedical,2025-02-12,17.3,14313,14,24.8,20.0,5.5,8.8,0,0,1,False
M00352,T-1940,C-5M,Dunmore AFB,training,2025-02-12,38.6,34418,71,23.0,18.8,-3.7,2.6,0,0,0,False
M00353,T-1713,KC-135R,Carver Field,air refueling,2025-02-12,66.1,44856,33,2.5,0.0,6.0,5.1,1,1,3,False
M00354,T-2164,C-5M,Dunmore AFB,SAAM,2025-02-12,37.4,42570,29,22.5,116.9,5.7,7.9,0,0,0,False
M00355,T-2186,C-5M,Dunmore AFB,channel,2025-02-12,38.2,34011,86,13.3,106.7,-0.8,10.3,0,0,0,False
M00356,T-1088,KC-46A,Halstead AFB,training,2025-02-12,4.4,5067,53,11.1,5.2,-11.5,4.2,1,1,2,False
M00357,T-0370,C-17A,Halstead AFB,channel,2025-02-12,15.2,15916,88,30.5,150.7,-10.4,7.0,1,0,1,False
M00358,T-0939,KC-46A,Halstead AFB,training,2025-02-13,7.5,8245,7,14.9,5.0,-6.1,3.1,0,0,0,False
M00359,T-1677,KC-135R,Carver Field,air refueling,2025-02-13,67.6,55886,27,12.7,0.0,10.7,5.6,1,0,1,False
M00360,T-1311,C-17A,Carver Field,channel,2025-02-13,20.7,20906,100,10.4,104.5,9.0,13.9,0,0,1,False
M00361,T-1425,C-17A,Carver Field,training,2025-02-13,26.7,12605,17,85.0,6.3,15.5,3.2,0,2,4,False
M00362,T-2290,KC-135R,Dunmore AFB,training,2025-02-13,67.8,42978,119,3.8,6.2,11.6,3.7,1,0,1,False
M00363,T-2225,C-5M,Dunmore AFB,aeromedical,2025-02-13,53.3,54876,75,61.1,17.2,3.4,7.1,0,0,0,False
M00364,T-1137,C-17A,Carver Field,channel,2025-02-13,26.3,26363,99,8.9,70.7,18.6,12.3,0,0,1,False
M00365,T-0664,C-17A,Halstead AFB,aeromedical,2025-02-13,23.9,23720,72,9.2,29.8,-8.9,8.9,1,1,1,False
M00366,T-2386,KC-135R,Dunmore AFB,training,2025-02-13,62.3,36598,200,5.4,6.3,-2.4,4.1,1,0,1,False
M00367,T-1908,C-5M,Dunmore AFB,training,2025-02-13,43.3,32747,74,21.3,22.6,-1.4,2.5,1,1,2,False
M00368,T-1908,C-5M,Dunmore AFB,SAAM,2025-02-13,43.3,32747,116,16.7,117.9,-6.8,8.3,1,1,2,False
M00369,T-2442,KC-135R,Dunmore AFB,training,2025-02-14,66.9,50383,38,10.5,3.3,-6.8,4.8,1,1,2,False
M00370,T-0217,C-17A,Halstead AFB,channel,2025-02-14,31.6,23219,95,7.9,47.8,-5.7,12.8,1,0,1,False
M00371,T-0821,KC-46A,Halstead AFB,air refueling,2025-02-14,5.7,500,66,8.0,0.0,-19.4,4.1,1,0,3,False
M00372,T-1020,KC-46A,Halstead AFB,air refueling,2025-02-14,3.4,500,41,17.5,0.0,-7.3,5.2,0,0,0,False
M00373,T-0281,C-17A,Halstead AFB,channel,2025-02-14,23.1,21141,94,4.8,70.7,-9.1,11.9,1,2,2,False
M00374,T-2290,KC-135R,Dunmore AFB,air refueling,2025-02-14,67.8,42978,73,9.3,0.0,-1.6,3.9,1,0,1,False
M00375,T-1611,C-17A,Carver Field,SAAM,2025-02-14,25.0,24677,196,43.8,24.6,10.4,9.0,0,0,0,False
M00376,T-2295,KC-135R,Dunmore AFB,air refueling,2025-02-15,63.1,37980,66,7.3,0.0,2.1,5.2,1,1,1,False
M00377,T-1713,KC-135R,Carver Field,training,2025-02-15,66.1,44856,51,2.2,3.3,16.1,2.9,1,1,3,False
M00378,T-0143,C-17A,Halstead AFB,channel,2025-02-15,21.7,20720,32,13.2,59.7,-7.4,8.1,1,0,3,False
M00379,T-1940,C-5M,Dunmore AFB,channel,2025-02-15,38.6,34418,23,17.1,230.2,1.6,9.1,0,0,0,False
M00380,T-0988,KC-46A,Halstead AFB,channel,2025-02-15,6.0,9210,49,21.3,18.0,-4.9,10.8,1,0,4,False
M00381,T-1847,KC-135R,Carver Field,training,2025-02-15,60.9,53602,68,3.6,12.6,17.6,4.6,1,0,3,False
M00382,T-0348,C-17A,Halstead AFB,channel,2025-02-15,22.8,15441,25,12.8,99.4,-12.5,13.9,1,0,0,False
M00383,T-1964,C-5M,Dunmore AFB,SAAM,2025-02-15,44.9,34382,17,16.1,142.1,0.4,11.8,0,1,1,False
M00384,T-1281,C-17A,Carver Field,SAAM,2025-02-15,26.9,19964,86,78.3,61.9,10.2,9.6,0,0,0,False
M00385,T-1619,KC-135R,Carver Field,training,2025-02-15,65.8,33590,8,11.4,3.9,14.4,2.0,0,0,1,False
M00386,T-1258,C-17A,Carver Field,channel,2025-02-15,19.2,15181,36,33.4,73.3,18.6,12.7,0,0,0,False
M00387,T-0891,KC-46A,Halstead AFB,training,2025-02-15,5.6,500,105,6.3,2.9,-0.4,2.6,0,0,1,False
M00388,T-0409,C-17A,Halstead AFB,aeromedical,2025-02-16,18.5,23325,42,30.6,16.7,-9.9,8.4,0,1,1,False
M00389,T-1940,C-5M,Dunmore AFB,SAAM,2025-02-16,38.6,34418,162,20.2,241.1,0.4,11.6,0,0,0,False
M00390,T-0695,KC-46A,Halstead AFB,training,2025-02-16,2.0,500,29,9.7,4.1,-5.1,4.1,1,0,1,False
M00391,T-0208,C-17A,Halstead AFB,channel,2025-02-16,26.8,18481,20,24.0,96.1,-8.4,8.0,0,0,1,False
M00392,T-1496,C-17A,Carver Field,channel,2025-02-16,25.9,16243,31,6.3,70.8,9.4,7.7,0,0,0,False
M00393,T-0281,C-17A,Halstead AFB,training,2025-02-16,23.1,21141,31,45.1,9.5,-2.4,3.3,1,2,2,False
M00394,T-2161,C-5M,Dunmore AFB,aeromedical,2025-02-16,44.9,44409,19,18.8,20.6,6.6,7.0,0,0,1,False
M00395,T-2186,C-5M,Dunmore AFB,training,2025-02-17,38.2,34011,42,15.2,15.5,6.0,3.7,0,0,0,False
M00396,T-1462,C-17A,Carver Field,channel,2025-02-17,21.2,21621,35,25.6,106.5,6.3,11.4,0,0,0,False
M00397,T-0668,KC-46A,Halstead AFB,training,2025-02-17,5.5,998,34,25.7,,-8.9,2.3,0,0,0,False
M00398,T-1340,C-17A,Carver Field,channel,2025-02-17,23.5,12865,126,25.6,66.2,13.7,7.3,0,0,0,False
M00399,T-1869,KC-135R,Carver Field,channel,2025-02-17,65.7,38892,28,11.6,,14.5,7.9,0,0,2,False
M00400,T-2545,KC-135R,Dunmore AFB,air refueling,2025-02-17,59.3,46236,142,2.5,0.0,0.9,4.5,1,0,0,False
M00401,T-0620,C-17A,Halstead AFB,aeromedical,2025-02-17,28.2,15411,29,14.4,34.9,-2.8,7.0,0,0,2,False
M00402,T-2540,KC-135R,Dunmore AFB,air refueling,2025-02-17,65.5,57086,155,21.9,,4.9,5.9,1,1,1,False
M00403,T-2049,C-5M,Dunmore AFB,aeromedical,2025-02-17,39.1,24961,55,62.2,28.4,7.8,6.2,0,0,0,False
M00404,T-0463,C-17A,Halstead AFB,training,2025-02-17,30.7,19476,30,16.2,22.0,-5.6,4.0,1,0,1,False
M00405,T-1425,C-17A,Carver Field,channel,2025-02-18,26.7,12605,35,13.9,35.6,15.7,13.7,1,2,4,False
M00406,T-0780,KC-46A,Halstead AFB,air refueling,2025-02-18,5.4,500,23,6.8,0.0,-8.3,4.9,0,0,0,False
M00407,T-0314,C-17A,Halstead AFB,training,2025-02-18,20.0,5381,51,30.3,6.2,-12.5,2.4,0,0,3,False
M00408,T-2552,KC-135R,Dunmore AFB,training,2025-02-19,65.1,65331,47,14.6,7.0,-0.4,5.0,1,0,2,False
M00409,T-1733,KC-135R,Carver Field,air refueling,2025-02-19,67.8,47860,96,16.5,0.0,5.0,3.0,0,0,3,False
M00410,T-0639,C-17A,Halstead AFB,channel,2025-02-19,21.7,10925,59,27.4,70.0,-11.2,8.3,1,0,2,False
M00411,T-2260,KC-135R,Dunmore AFB,training,2025-02-19,61.5,50733,162,3.6,9.7,0.2,3.0,1,0,2,False
M00412,T-1327,C-17A,Carver Field,aeromedical,2025-02-19,17.1,16066,159,7.6,15.3,11.0,5.8,0,3,0,False
M00413,T-1856,KC-135R,Carver Field,aeromedical,2025-02-19,65.7,50112,75,21.4,7.4,9.7,8.0,0,0,0,False
M00414,T-1088,KC-46A,Halstead AFB,training,2025-02-20,4.4,5067,49,8.4,6.1,-14.5,3.5,1,1,2,False
M00415,T-2161,C-5M,Dunmore AFB,SAAM,2025-02-20,44.9,44409,24,19.3,109.2,13.2,7.3,1,0,1,False
M00416,T-0891,KC-46A,Halstead AFB,channel,2025-02-20,5.6,500,86,7.5,19.9,-11.0,7.9,0,0,1,False
M00417,T-1887,KC-135R,Carver Field,air refueling,2025-02-20,67.0,50748,50,11.2,0.0,14.5,4.9,0,0,1,False
M00418,T-0914,KC-46A,Halstead AFB,channel,2025-02-20,5.4,4439,103,7.1,34.1,-6.3,9.7,0,0,1,False
M00419,T-1327,C-17A,Carver Field,channel,2025-02-20,17.1,16066,128,10.2,156.8,17.6,9.6,1,3,0,False
M00420,T-0891,KC-46A,Halstead AFB,air refueling,2025-02-20,5.6,500,107,36.7,0.0,-16.6,4.7,1,0,1,False
M00421,T-2474,KC-135R,Dunmore AFB,air refueling,2025-02-20,67.8,48502,15,13.3,0.0,3.3,3.1,0,0,1,False
M00422,T-1581,C-17A,Carver Field,aeromedical,2025-02-20,17.3,14313,141,21.8,13.4,15.7,8.3,1,0,1,False
M00423,T-0821,KC-46A,Halstead AFB,air refueling,2025-02-20,5.7,500,35,40.7,0.0,-16.6,5.1,1,0,3,False
M00424,T-2023,C-5M,Dunmore AFB,aeromedical,2025-02-20,46.5,35310,85,13.0,31.8,4.9,7.1,0,0,0,False
M00425,T-2186,C-5M,Dunmore AFB,channel,2025-02-21,38.2,34011,52,61.1,90.2,7.1,10.4,0,0,0,False
M00426,T-2023,C-5M,Dunmore AFB,training,2025-02-21,46.5,35310,44,16.7,,8.7,2.1,0,0,0,False
M00427,T-0891,KC-46A,Halstead AFB,training,2025-02-21,5.6,500,12,4.7,3.4,-14.4,4.3,1,0,1,False
M00428,T-0764,KC-46A,Halstead AFB,training,2025-02-21,6.4,500,59,6.7,,-11.8,4.5,0,0,1,False
M00429,T-0493,C-17A,Halstead AFB,training,2025-02-21,25.1,23647,17,3.4,8.0,4.2,4.9,0,0,4,False
M00430,T-2089,C-5M,Dunmore AFB,SAAM,2025-02-21,42.3,34339,89,32.4,178.9,11.1,8.5,0,0,3,False
M00431,T-0493,C-17A,Halstead AFB,aeromedical,2025-02-21,25.1,23647,30,48.2,9.1,-5.9,7.6,1,0,4,False
M00432,T-1462,C-17A,Carver Field,SAAM,2025-02-21,21.2,21621,25,14.0,115.8,13.7,6.6,1,0,0,False
M00433,T-2295,KC-135R,Dunmore AFB,channel,2025-02-21,63.1,37980,38,14.9,29.9,1.1,8.8,1,1,1,False
M00434,T-0599,C-17A,Halstead AFB,training,2025-02-22,25.4,24118,65,25.6,15.4,-10.4,4.0,1,0,1,False
M00435,T-0668,KC-46A,Halstead AFB,air refueling,2025-02-22,5.5,998,68,10.7,0.0,-5.5,5.0,0,0,0,False
M00436,T-0217,C-17A,Halstead AFB,channel,2025-02-22,31.6,23219,12,9.7,38.6,-9.6,9.9,0,0,1,False
M00437,T-0409,C-17A,Halstead AFB,SAAM,2025-02-22,18.5,23325,89,8.8,65.5,-8.6,7.3,0,1,1,False
M00438,T-0790,KC-46A,Halstead AFB,channel,2025-02-22,7.8,7001,15,21.6,30.4,0.4,12.4,0,0,0,False
M00439,T-0549,C-17A,Halstead AFB,aeromedical,2025-02-23,20.6,16918,156,14.6,13.6,-7.2,6.9,1,0,0,False
M00440,T-0988,KC-46A,Halstead AFB,air refueling,2025-02-23,6.0,9210,33,83.8,0.0,-7.4,5.0,0,0,4,False
M00441,T-0549,C-17A,Halstead AFB,channel,2025-02-23,20.6,16918,60,6.6,42.9,-2.6,10.5,0,0,0,False
M00442,T-2540,KC-135R,Dunmore AFB,air refueling,2025-02-23,65.5,57086,4,10.2,0.0,7.3,3.9,0,1,1,False
M00443,T-1767,KC-135R,Carver Field,air refueling,2025-02-23,64.3,61672,26,26.6,0.0,14.8,3.0,1,0,0,False
M00444,T-0620,C-17A,Halstead AFB,channel,2025-02-23,28.2,15411,36,3.7,45.5,-5.4,6.0,0,0,2,False
M00445,T-0176,C-17A,Halstead AFB,SAAM,2025-02-23,31.3,25596,27,2.8,129.4,-1.8,6.0,0,0,0,False
M00446,T-1619,KC-135R,Carver Field,air refueling,2025-02-23,65.8,33590,189,5.7,0.0,14.1,5.8,1,0,1,False
M00447,T-2161,C-5M,Dunmore AFB,SAAM,2025-02-23,44.9,44409,23,3.4,122.4,6.3,6.0,0,0,1,False
M00448,T-0891,KC-46A,Halstead AFB,air refueling,2025-02-24,5.6,500,14,10.3,0.0,-6.9,3.9,0,0,1,False
M00449,T-0664,C-17A,Halstead AFB,channel,2025-02-24,23.9,23720,89,9.9,89.3,-8.1,8.0,1,1,1,False
M00450,T-2114,C-5M,Dunmore AFB,aeromedical,2025-02-24,53.9,35390,105,11.1,,0.3,8.3,0,0,3,False
M00451,T-0639,C-17A,Halstead AFB,SAAM,2025-02-24,21.7,10925,18,13.2,102.4,-4.2,11.2,0,0,2,False
M00452,T-2394,KC-135R,Dunmore AFB,air refueling,2025-02-24,59.1,31509,11,74.5,0.0,-2.9,5.1,0,0,0,False
M00453,T-0951,KC-46A,Halstead AFB,training,2025-02-24,6.7,3673,90,8.4,3.1,-14.2,4.5,1,0,1,False
M00454,T-1713,KC-135R,Carver Field,training,2025-02-25,66.1,44856,63,11.2,7.7,12.8,2.9,1,1,3,False
M00455,T-0870,KC-46A,Halstead AFB,air refueling,2025-02-25,2.6,676,38,11.1,0.0,-5.5,6.0,1,1,0,False
M00456,T-0208,C-17A,Halstead AFB,channel,2025-02-25,26.8,18481,31,8.0,66.8,-5.7,12.1,0,0,1,False
M00457,T-1859,KC-135R,Carver Field,air refueling,2025-02-25,65.4,50943,70,13.2,0.0,20.9,4.8,0,0,3,False
M00458,T-2334,KC-135R,Dunmore AFB,air refueling,2025-02-25,65.9,51911,23,6.2,0.0,1.0,3.7,0,0,1,False
M00459,T-1327,C-17A,Carver Field,training,2025-02-25,17.1,16066,87,6.2,9.4,15.5,4.4,0,3,0,False
M00460,T-1020,KC-46A,Halstead AFB,air refueling,2025-02-26,3.4,500,40,27.5,0.0,-1.7,5.7,0,0,0,False
M00461,T-2376,KC-135R,Dunmore AFB,air refueling,2025-02-26,66.8,51278,76,5.5,0.0,2.0,3.8,1,2,2,False
M00462,T-1496,C-17A,Carver Field,channel,2025-02-26,25.9,16243,71,20.5,83.1,3.1,10.9,1,0,0,False
M00463,T-2552,KC-135R,Dunmore AFB,air refueling,2025-02-26,65.1,65331,50,1.9,0.0,-0.5,3.1,1,0,2,False
M00464,T-2504,KC-135R,Dunmore AFB,air refueling,2025-02-26,65.7,48344,101,10.3,0.0,7.1,4.1,0,1,1,False
M00465,T-1221,C-17A,Carver Field,SAAM,2025-02-26,15.6,19726,54,5.4,,7.8,7.5,0,0,3,False
M00466,T-2540,KC-135R,Dunmore AFB,air refueling,2025-02-26,65.5,57086,24,16.0,0.0,6.0,4.6,0,1,1,False
M00467,T-2397,KC-135R,Dunmore AFB,training,2025-02-26,62.1,47128,143,11.7,13.8,7.0,2.1,1,1,2,False
M00468,T-2049,C-5M,Dunmore AFB,aeromedical,2025-02-27,39.1,24961,53,14.3,39.6,0.6,6.5,0,0,0,False
M00469,T-1504,C-17A,Carver Field,channel,2025-02-27,21.4,28553,21,3.6,52.0,10.1,10.6,0,0,0,False
M00470,T-2052,C-5M,Dunmore AFB,training,2025-02-27,46.4,27070,200,7.2,27.5,5.5,3.2,0,0,0,False
M00471,T-1340,C-17A,Carver Field,aeromedical,2025-02-27,23.5,12865,94,56.4,11.3,19.3,9.7,0,0,0,False
M00472,T-1908,C-5M,Dunmore AFB,channel,2025-02-27,43.3,32747,44,45.5,141.0,11.6,6.9,0,1,2,False
M00473,T-2545,KC-135R,Dunmore AFB,air refueling,2025-02-27,59.3,46236,85,7.8,0.0,5.6,5.4,0,0,0,False
M00474,T-2334,KC-135R,Dunmore AFB,air refueling,2025-02-27,65.9,51911,50,11.0,0.0,10.2,4.5,1,0,1,False
M00475,T-1504,C-17A,Carver Field,SAAM,2025-02-27,21.4,28553,16,29.5,,8.1,6.6,1,0,0,False
M00476,T-2545,KC-135R,Dunmore AFB,air refueling,2025-02-27,59.3,46236,56,67.5,0.0,3.5,3.9,0,0,0,False
M00477,T-1373,C-17A,Carver Field,SAAM,2025-02-28,32.3,29232,12,55.4,129.5,16.9,8.9,0,2,1,False
M00478,T-0780,KC-46A,Halstead AFB,training,2025-02-28,5.4,500,40,6.1,8.4,-9.7,4.8,1,0,0,False
M00479,T-2366,KC-135R,Dunmore AFB,air refueling,2025-02-28,63.1,45478,127,11.2,0.0,4.5,4.4,0,0,4,False
M00480,T-0939,KC-46A,Halstead AFB,aeromedical,2025-03-01,7.5,8245,27,10.3,5.7,-0.9,5.1,0,0,0,False
M00481,T-1713,KC-135R,Carver Field,air refueling,2025-03-01,66.1,44856,45,12.9,,21.3,4.0,1,1,3,False
M00482,T-2089,C-5M,Dunmore AFB,aeromedical,2025-03-01,42.3,34339,52,97.5,11.2,-7.1,4.8,0,0,3,False
M00483,T-2474,KC-135R,Dunmore AFB,training,2025-03-01,67.8,48502,55,10.0,6.6,2.2,2.4,0,0,1,False
M00484,T-0695,KC-46A,Halstead AFB,air refueling,2025-03-01,2.0,500,18,11.6,,-15.0,3.9,1,0,1,False
M00485,T-2386,KC-135R,Dunmore AFB,air refueling,2025-03-01,62.3,36598,73,15.2,0.0,6.6,3.0,1,0,1,False
M00486,T-2433,KC-135R,Dunmore AFB,channel,2025-03-01,59.2,35488,25,12.0,76.0,-4.6,13.7,0,0,0,False
M00487,T-1887,KC-135R,Carver Field,air refueling,2025-03-01,67.0,50748,70,23.0,0.0,11.6,4.3,0,0,1,False
M00488,T-0914,KC-46A,Halstead AFB,training,2025-03-01,5.4,4439,32,9.0,3.3,-3.3,3.8,0,0,1,False
M00489,T-0730,KC-46A,Halstead AFB,aeromedical,2025-03-01,4.0,500,23,5.5,6.4,-8.3,4.8,0,0,2,False
M00490,T-1557,C-17A,Carver Field,channel,2025-03-02,19.3,18333,50,10.7,51.9,20.2,10.8,0,0,4,False
M00491,T-1859,KC-135R,Carver Field,air refueling,2025-03-02,65.4,50943,15,8.0,0.0,14.6,5.5,0,0,3,False
M00492,T-1630,KC-135R,Carver Field,training,2025-03-02,58.4,49021,28,19.3,6.7,13.6,4.3,0,0,2,False
M00493,T-0425,C-17A,Halstead AFB,SAAM,2025-03-02,22.8,18352,92,8.6,34.9,-7.4,5.8,1,0,0,False
M00494,T-2161,C-5M,Dunmore AFB,training,2025-03-02,44.9,44409,168,17.9,47.0,7.5,3.6,0,0,1,False
M00495,T-1340,C-17A,Carver Field,SAAM,2025-03-02,23.5,12865,33,17.7,64.3,16.4,8.5,0,0,0,False
M00496,T-0208,C-17A,Halstead AFB,channel,2025-03-02,26.8,18481,58,2.7,136.2,-7.1,13.9,1,0,1,False
M00497,T-1020,KC-46A,Halstead AFB,aeromedical,2025-03-02,3.4,500,52,16.7,18.0,-0.6,5.0,0,0,0,False
M00498,T-1803,KC-135R,Carver Field,training,2025-03-02,63.8,46399,26,1.9,5.9,25.3,3.3,0,0,0,False
M00499,T-0134,C-17A,Halstead AFB,SAAM,2025-03-02,26.5,6615,64,9.4,148.1,5.1,5.2,0,0,3,False
M00500,T-1658,KC-135R,Carver Field,air refueling,2025-03-02,60.1,63704,93,74.3,0.0,21.0,4.2,1,2,1,False
M00501,T-2394,KC-135R,Dunmore AFB,training,2025-03-02,59.1,31509,50,28.2,,10.9,3.8,0,0,0,False
M00502,T-2023,C-5M,Dunmore AFB,SAAM,2025-03-03,46.5,35310,60,16.7,126.3,12.5,5.2,0,0,0,False
M00503,T-2397,KC-135R,Dunmore AFB,air refueling,2025-03-03,62.1,47128,33,10.5,0.0,-2.3,5.2,1,1,2,False
M00504,T-0473,C-17A,Halstead AFB,SAAM,2025-03-03,25.9,25278,20,20.6,30.2,-4.0,7.9,0,0,3,False
M00505,T-1887,KC-135R,Carver Field,air refueling,2025-03-03,67.0,50748,115,51.7,0.0,16.6,3.8,0,0,1,False
M00506,T-2382,KC-135R,Dunmore AFB,air refueling,2025-03-03,67.4,65865,140,2.9,0.0,2.6,5.9,0,0,2,False
M00507,T-0473,C-17A,Halstead AFB,channel,2025-03-03,25.9,25278,65,12.7,62.2,4.7,13.3,0,0,3,False
M00508,T-1767,KC-135R,Carver Field,air refueling,2025-03-03,64.3,61672,20,5.2,0.0,9.1,3.8,0,0,0,False
M00509,T-2225,C-5M,Dunmore AFB,channel,2025-03-03,53.3,54876,71,5.2,81.7,7.8,11.2,1,0,0,False
M00510,T-2225,C-5M,Dunmore AFB,SAAM,2025-03-03,53.3,54876,18,14.7,111.6,3.9,8.7,0,0,0,False
M00511,T-2552,KC-135R,Dunmore AFB,air refueling,2025-03-03,65.1,65331,56,10.1,0.0,7.0,5.5,0,0,2,False
M00512,T-0281,C-17A,Halstead AFB,SAAM,2025-03-04,23.1,21141,41,32.4,59.3,-4.1,9.7,0,2,2,False
M00513,T-2442,KC-135R,Dunmore AFB,training,2025-03-04,66.9,50383,50,12.9,6.1,3.2,2.1,1,1,2,False
M00514,T-1581,C-17A,Carver Field,SAAM,2025-03-04,17.3,14313,65,29.7,85.1,18.5,8.6,0,0,1,False
M00515,T-1677,KC-135R,Carver Field,channel,2025-03-04,67.6,55886,38,10.9,,10.0,7.5,1,0,1,False
M00516,T-1677,KC-135R,Carver Field,training,2025-03-04,67.6,55886,62,13.6,9.3,12.2,4.4,1,0,1,False
M00517,T-1593,C-17A,Carver Field,SAAM,2025-03-04,18.3,12995,4,28.9,69.0,11.5,6.3,0,1,0,False
M00518,T-0134,C-17A,Halstead AFB,channel,2025-03-04,26.5,6615,87,8.8,161.5,-2.2,11.5,1,0,3,False
M00519,T-1113,KC-46A,Halstead AFB,training,2025-03-04,2.4,500,42,8.6,3.8,0.5,4.2,0,0,3,False
M00520,T-0531,C-17A,Halstead AFB,training,2025-03-04,31.2,20204,46,13.9,44.0,-6.1,4.8,0,1,3,False
M00521,T-0463,C-17A,Halstead AFB,channel,2025-03-04,30.7,19476,12,17.8,29.7,-6.1,7.1,0,0,1,False
M00522,T-2524,KC-135R,Dunmore AFB,air refueling,2025-03-04,67.1,57056,70,6.9,0.0,3.1,5.6,1,0,0,False
M00523,T-0914,KC-46A,Halstead AFB,channel,2025-03-05,5.4,4439,16,27.4,53.8,-7.3,6.0,0,0,1,False
M00524,T-1611,C-17A,Carver Field,aeromedical,2025-03-05,25.0,24677,24,4.5,6.9,18.2,9.2,0,0,0,False
M00525,T-1425,C-17A,Carver Field,SAAM,2025-03-05,26.7,12605,14,21.7,48.8,17.2,6.0,1,2,4,False
M00526,T-1327,C-17A,Carver Field,training,2025-03-05,17.1,16066,26,15.4,11.8,18.1,2.3,0,3,0,False
M00527,T-0314,C-17A,Halstead AFB,channel,2025-03-05,20.0,5381,28,3.4,,-0.7,9.4,1,0,3,False
M00528,T-0314,C-17A,Halstead AFB,aeromedical,2025-03-05,20.0,5381,105,18.1,21.1,-12.2,7.9,1,0,3,False
M00529,T-0493,C-17A,Halstead AFB,SAAM,2025-03-05,25.1,23647,18,6.6,56.5,-9.5,10.6,0,0,4,False
M00530,T-0827,KC-46A,Halstead AFB,training,2025-03-06,2.1,9446,28,7.1,6.8,-0.0,4.9,1,0,3,False
M00531,T-2023,C-5M,Dunmore AFB,channel,2025-03-06,46.5,35310,27,9.8,144.0,4.1,11.5,0,0,0,False
M00532,T-0370,C-17A,Halstead AFB,SAAM,2025-03-06,15.2,15916,32,29.4,99.0,-6.4,7.0,1,0,1,False
M00533,T-0473,C-17A,Halstead AFB,SAAM,2025-03-06,25.9,25278,51,25.8,17.0,-3.0,7.5,0,0,3,False
M00534,T-0730,KC-46A,Halstead AFB,air refueling,2025-03-06,4.0,500,25,21.9,0.0,1.5,4.8,0,0,2,False
M00535,T-1795,KC-135R,Carver Field,air refueling,2025-03-06,64.6,55962,38,10.8,,15.8,3.9,1,0,0,False
M00536,T-2552,KC-135R,Dunmore AFB,training,2025-03-07,65.1,65331,45,1.4,7.2,-1.0,3.2,1,0,2,False
M00537,T-1611,C-17A,Carver Field,channel,2025-03-07,25.0,24677,134,10.0,55.7,6.8,6.6,0,0,0,False
M00538,T-1964,C-5M,Dunmore AFB,channel,2025-03-07,44.9,34382,38,65.4,266.0,-2.1,11.9,1,1,1,False
M00539,T-2001,C-5M,Dunmore AFB,channel,2025-03-07,43.4,38613,49,17.9,65.8,-1.0,13.6,0,1,0,False
M00540,T-0730,KC-46A,Halstead AFB,air refueling,2025-03-07,4.0,500,36,9.0,0.0,-4.3,3.5,0,0,2,False
M00541,T-1887,KC-135R,Carver Field,channel,2025-03-07,67.0,50748,19,15.1,21.0,12.7,6.5,0,0,1,False
M00542,T-2442,KC-135R,Dunmore AFB,aeromedical,2025-03-07,66.9,50383,109,11.0,9.9,2.6,7.7,1,1,2,False
M00543,T-1425,C-17A,Carver Field,SAAM,2025-03-07,26.7,12605,20,6.1,157.5,17.2,8.8,0,2,4,False
M00544,T-0314,C-17A,Halstead AFB,channel,2025-03-07,20.0,5381,61,25.6,46.0,-10.1,8.4,0,0,3,False
M00545,T-2001,C-5M,Dunmore AFB,aeromedical,2025-03-07,43.4,38613,33,10.6,31.4,-0.7,4.8,1,1,0,False
M00546,T-0217,C-17A,Halstead AFB,training,2025-03-08,31.6,23219,180,5.2,26.2,2.8,4.7,0,0,1,False
M00547,T-0143,C-17A,Halstead AFB,channel,2025-03-08,21.7,20720,56,11.5,67.8,-5.2,13.4,0,0,3,False
M00548,T-2572,KC-135R,Dunmore AFB,air refueling,2025-03-08,58.1,43971,42,6.7,0.0,0.8,3.6,1,0,1,False
M00549,T-0620,C-17A,Halstead AFB,training,2025-03-08,28.2,15411,198,52.1,8.3,-7.0,2.7,1,0,2,False
M00550,T-2540,KC-135R,Dunmore AFB,training,2025-03-08,65.5,57086,93,10.6,3.0,3.9,3.1,0,1,1,False
M00551,T-2089,C-5M,Dunmore AFB,channel,2025-03-08,42.3,34339,28,16.3,266.0,0.8,10.1,0,0,3,False
M00552,T-2052,C-5M,Dunmore AFB,aeromedical,2025-03-08,46.4,27070,22,26.9,24.9,4.7,9.3,0,0,0,False
M00553,T-1462,C-17A,Carver Field,channel,2025-03-08,21.2,21621,44,11.1,71.4,15.6,9.6,0,0,0,False
M00554,T-2164,C-5M,Dunmore AFB,training,2025-03-09,37.4,42570,117,13.1,21.5,-4.9,4.2,1,0,0,False
M00555,T-1088,KC-46A,Halstead AFB,air refueling,2025-03-09,4.4,5067,75,30.3,0.0,-7.2,4.6,1,1,2,False
M00556,T-0639,C-17A,Halstead AFB,training,2025-03-09,21.7,10925,97,7.2,9.0,0.0,4.6,0,0,2,False
M00557,T-0599,C-17A,Halstead AFB,channel,2025-03-09,25.4,24118,65,7.4,64.7,-1.2,13.1,0,0,1,False
M00558,T-0549,C-17A,Halstead AFB,SAAM,2025-03-09,20.6,16918,49,7.4,122.8,-8.3,7.3,1,0,0,False
M00559,T-1221,C-17A,Carver Field,channel,2025-03-09,15.6,19726,55,29.8,81.0,15.0,8.4,0,0,3,False
M00560,T-2001,C-5M,Dunmore AFB,channel,2025-03-09,43.4,38613,20,17.3,120.3,10.9,6.9,0,1,0,False
M00561,T-0255,C-17A,Halstead AFB,aeromedical,2025-03-09,28.5,22538,79,8.5,8.7,-5.4,8.6,1,2,0,False
M00562,T-0764,KC-46A,Halstead AFB,air refueling,2025-03-09,6.4,500,99,21.6,0.0,2.3,3.6,0,0,1,False
M00563,T-0865,KC-46A,Halstead AFB,air refueling,2025-03-09,3.7,1696,77,22.0,0.0,-4.8,5.3,0,0,0,False
M00564,T-0577,C-17A,Halstead AFB,channel,2025-03-10,27.6,14931,84,23.6,107.2,-10.2,9.9,0,0,1,False
M00565,T-1221,C-17A,Carver Field,SAAM,2025-03-10,15.6,19726,4,3.3,44.6,14.1,11.8,0,0,3,False
M00566,T-1194,C-17A,Carver Field,SAAM,2025-03-10,17.3,16603,94,4.9,64.7,9.5,7.3,0,1,3,False
M00567,T-1897,KC-135R,Carver Field,air refueling,2025-03-10,60.1,41165,20,5.1,,10.9,5.5,1,0,2,False
M00568,T-1611,C-17A,Carver Field,channel,2025-03-10,25.0,24677,59,7.4,24.7,13.5,7.6,0,0,0,False
M00569,T-1137,C-17A,Carver Field,SAAM,2025-03-10,26.3,26363,153,18.9,140.3,16.7,9.9,1,0,1,False
M00570,T-2442,KC-135R,Dunmore AFB,air refueling,2025-03-10,66.9,50383,113,7.6,0.0,3.9,4.2,1,1,2,False
M00571,T-1940,C-5M,Dunmore AFB,channel,2025-03-10,38.6,34418,22,9.5,266.0,5.7,11.7,0,0,0,False
M00572,T-0281,C-17A,Halstead AFB,SAAM,2025-03-10,23.1,21141,87,4.0,74.1,0.4,7.5,0,2,2,False
M00573,T-0951,KC-46A,Halstead AFB,training,2025-03-10,6.7,3673,32,7.0,8.3,-6.6,4.6,0,0,1,False
M00574,T-1557,C-17A,Carver Field,SAAM,2025-03-10,19.3,18333,114,8.7,51.2,14.6,7.0,1,0,4,False
M00575,T-1700,KC-135R,Carver Field,air refueling,2025-03-10,58.7,53822,81,8.4,0.0,16.8,5.2,0,0,0,False
M00576,T-1722,KC-135R,Carver Field,air refueling,2025-03-10,65.2,42857,56,4.4,0.0,17.0,3.0,0,0,1,False
M00577,T-2114,C-5M,Dunmore AFB,channel,2025-03-11,53.9,35390,33,27.9,153.5,-1.9,9.5,1,0,3,False
M00578,T-0865,KC-46A,Halstead AFB,air refueling,2025-03-11,3.7,1696,17,19.3,0.0,-2.3,6.0,0,0,0,False
M00579,T-2023,C-5M,Dunmore AFB,channel,2025-03-11,46.5,35310,55,24.0,135.5,2.0,12.0,0,0,0,False
M00580,T-1311,C-17A,Carver Field,SAAM,2025-03-11,20.7,20906,86,16.7,147.8,17.4,8.0,0,0,1,False
M00581,T-0695,KC-46A,Halstead AFB,training,2025-03-11,2.0,500,200,9.8,5.7,-0.7,2.2,0,0,1,False
M00582,T-1859,KC-135R,Carver Field,air refueling,2025-03-12,65.4,50943,200,14.1,0.0,13.0,5.1,1,0,3,False
M00583,T-0493,C-17A,Halstead AFB,channel,2025-03-12,25.1,23647,87,43.0,56.6,2.6,10.4,1,0,4,False
M00584,T-1340,C-17A,Carver Field,channel,2025-03-12,23.5,12865,37,36.6,43.9,0.2,6.1,0,0,0,False
M00585,T-1553,C-17A,Carver Field,channel,2025-03-13,31.5,16953,9,15.9,,17.7,7.6,0,0,2,False
M00586,T-2504,KC-135R,Dunmore AFB,channel,2025-03-13,65.7,48344,90,20.9,35.4,-2.3,8.2,1,1,1,False
M00587,T-0821,KC-46A,Halstead AFB,air refueling,2025-03-13,5.7,500,53,30.5,0.0,-3.7,3.9,0,0,3,False
M00588,T-1767,KC-135R,Carver Field,air refueling,2025-03-13,64.3,61672,42,25.1,,15.1,3.4,0,0,0,False
M00589,T-1733,KC-135R,Carver Field,training,2025-03-13,67.8,47860,53,23.8,3.2,12.5,4.6,0,0,3,False
M00590,T-2552,KC-135R,Dunmore AFB,air refueling,2025-03-13,65.1,65331,131,12.3,0.0,10.1,4.3,0,0,2,False
M00591,T-0639,C-17A,Halstead AFB,channel,2025-03-13,21.7,10925,23,12.7,69.2,-0.1,6.7,0,0,2,False
M00592,T-0695,KC-46A,Halstead AFB,training,2025-03-13,2.0,500,41,8.9,9.0,2.4,2.9,0,0,1,False
M00593,T-1611,C-17A,Carver Field,aeromedical,2025-03-14,25.0,24677,62,19.3,46.5,25.8,4.7,0,0,0,False
M00594,T-0827,KC-46A,Halstead AFB,aeromedical,2025-03-14,2.1,9446,95,82.7,3.8,-3.3,5.1,0,0,3,False
M00595,T-1056,KC-46A,Halstead AFB,aeromedical,2025-03-14,6.9,5985,56,40.3,8.4,-9.4,5.4,0,0,0,False
M00596,T-0599,C-17A,Halstead AFB,SAAM,2025-03-14,25.4,24118,22,20.2,94.3,-4.5,7.2,1,0,1,False
M00597,T-1113,KC-46A,Halstead AFB,air refueling,2025-03-14,2.4,500,30,6.3,0.0,-8.7,4.7,1,0,3,False
M00598,T-2572,KC-135R,Dunmore AFB,air refueling,2025-03-14,58.1,43971,30,7.0,0.0,8.0,3.9,0,0,1,False
M00599,T-2089,C-5M,Dunmore AFB,SAAM,2025-03-14,42.3,34339,200,16.0,74.5,9.5,10.0,0,0,3,False
M00600,T-1311,C-17A,Carver Field,training,2025-03-14,20.7,20906,74,5.2,11.6,14.3,4.0,0,0,1,False
M00601,T-0914,KC-46A,Halstead AFB,air refueling,2025-03-14,5.4,4439,70,7.8,0.0,0.0,5.3,0,0,1,False
M00602,T-1137,C-17A,Carver Field,SAAM,2025-03-14,26.3,26363,42,8.5,75.3,15.4,9.5,0,0,1,False
M00603,T-1619,KC-135R,Carver Field,training,2025-03-15,65.8,33590,105,26.1,10.1,20.9,2.0,1,0,1,False
M00604,T-2225,C-5M,Dunmore AFB,training,2025-03-15,53.3,54876,44,19.3,19.8,11.8,4.8,0,0,0,False
M00605,T-1920,C-5M,Dunmore AFB,aeromedical,2025-03-15,40.4,32103,163,23.4,27.4,-1.2,8.8,0,0,0,False
M00606,T-2382,KC-135R,Dunmore AFB,air refueling,2025-03-15,67.4,65865,57,30.1,0.0,11.3,4.5,0,0,2,False
M00607,T-1908,C-5M,Dunmore AFB,SAAM,2025-03-15,43.3,32747,15,109.5,159.0,6.6,7.7,0,1,2,False
M00608,T-1940,C-5M,Dunmore AFB,channel,2025-03-15,38.6,34418,82,19.4,,15.8,10.1,0,0,0,False
M00609,T-0370,C-17A,Halstead AFB,SAAM,2025-03-15,15.2,15916,70,19.8,32.3,1.6,9.8,1,0,1,False
M00610,T-1194,C-17A,Carver Field,channel,2025-03-15,17.3,16603,15,13.0,72.8,18.5,7.4,0,1,3,False
M00611,T-1496,C-17A,Carver Field,channel,2025-03-15,25.9,16243,149,10.1,49.3,16.4,12.8,0,0,0,False
M00612,T-2049,C-5M,Dunmore AFB,SAAM,2025-03-16,39.1,24961,54,34.6,147.9,11.1,5.6,0,0,0,False
M00613,T-1847,KC-135R,Carver Field,air refueling,2025-03-16,60.9,53602,113,39.6,0.0,11.6,3.9,0,0,3,False
M00614,T-1395,C-17A,Carver Field,channel,2025-03-16,31.0,34623,163,29.1,87.7,18.8,11.5,1,0,2,False
M00615,T-1920,C-5M,Dunmore AFB,aeromedical,2025-03-16,40.4,32103,44,45.1,,1.2,4.0,1,0,0,False
M00616,T-0370,C-17A,Halstead AFB,training,2025-03-16,15.2,15916,64,41.2,10.1,-8.2,3.9,0,0,1,False
M00617,T-2474,KC-135R,Dunmore AFB,air refueling,2025-03-16,67.8,48502,68,26.7,0.0,1.7,5.7,1,0,1,False
M00618,T-2089,C-5M,Dunmore AFB,SAAM,2025-03-16,42.3,34339,43,28.9,58.8,5.5,7.3,0,0,3,False
M00619,T-2089,C-5M,Dunmore AFB,SAAM,2025-03-16,42.3,34339,40,21.5,65.0,-3.7,9.7,0,0,3,False
M00620,T-1088,KC-46A,Halstead AFB,air refueling,2025-03-16,4.4,5067,84,29.8,0.0,-2.6,3.9,0,1,2,False
M00621,T-2114,C-5M,Dunmore AFB,channel,2025-03-17,53.9,35390,30,5.1,116.2,15.8,6.7,0,0,3,False
M00622,T-1425,C-17A,Carver Field,channel,2025-03-17,26.7,12605,84,17.5,55.0,14.5,9.9,1,2,4,False
M00623,T-0217,C-17A,Halstead AFB,aeromedical,2025-03-17,31.6,23219,99,13.8,10.3,5.3,5.8,0,0,1,False
M00624,T-0409,C-17A,Halstead AFB,channel,2025-03-17,18.5,23325,87,17.1,,-0.8,10.2,1,1,1,False
M00625,T-0951,KC-46A,Halstead AFB,training,2025-03-17,6.7,3673,69,8.6,3.8,-3.2,3.2,0,0,1,False
M00626,T-1088,KC-46A,Halstead AFB,air refueling,2025-03-17,4.4,5067,42,30.5,0.0,-0.4,4.2,0,1,2,False
M00627,T-1395,C-17A,Carver Field,SAAM,2025-03-17,31.0,34623,83,3.9,70.0,16.1,5.8,0,0,2,False
M00628,T-1767,KC-135R,Carver Field,channel,2025-03-18,64.3,61672,56,17.5,16.7,15.7,9.7,1,0,0,False
M00629,T-2334,KC-135R,Dunmore AFB,air refueling,2025-03-18,65.9,51911,23,25.3,0.0,-0.6,4.4,0,0,1,False
M00630,T-1908,C-5M,Dunmore AFB,channel,2025-03-18,43.3,32747,97,15.8,139.4,4.9,10.9,0,1,2,False
M00631,T-1395,C-17A,Carver Field,aeromedical,2025-03-18,31.0,34623,28,17.8,,7.3,5.5,1,0,2,False
M00632,T-1137,C-17A,Carver Field,SAAM,2025-03-18,26.3,26363,67,16.2,63.5,16.6,10.4,0,0,1,False
M00633,T-0473,C-17A,Halstead AFB,SAAM,2025-03-18,25.9,25278,59,13.0,73.1,-11.4,9.3,1,0,3,False
M00634,T-0695,KC-46A,Halstead AFB,air refueling,2025-03-18,2.0,500,28,28.2,0.0,-6.0,3.9,0,0,1,False
M00635,T-0939,KC-46A,Halstead AFB,air refueling,2025-03-18,7.5,8245,89,19.8,0.0,2.0,5.2,0,0,0,False
M00636,T-0409,C-17A,Halstead AFB,aeromedical,2025-03-18,18.5,23325,77,28.2,18.2,-5.9,5.7,0,1,1,False
M00637,T-0870,KC-46A,Halstead AFB,air refueling,2025-03-18,2.6,676,14,7.3,0.0,-1.2,4.0,1,1,0,False
M00638,T-0473,C-17A,Halstead AFB,channel,2025-03-18,25.9,25278,123,18.0,49.3,5.8,9.1,0,0,3,False
M00639,T-2073,C-5M,Dunmore AFB,aeromedical,2025-03-18,40.9,26759,136,6.6,,6.8,5.2,1,0,0,False
M00640,T-0639,C-17A,Halstead AFB,channel,2025-03-19,21.7,10925,12,8.2,76.6,3.4,13.3,0,0,2,False
M00641,T-1327,C-17A,Carver Field,training,2025-03-19,17.1,16066,59,46.4,7.0,22.2,2.2,0,3,0,False
M00642,T-1859,KC-135R,Carver Field,training,2025-03-19,65.4,50943,21,5.6,5.0,10.3,4.5,0,0,3,False
M00643,T-1327,C-17A,Carver Field,SAAM,2025-03-19,17.1,16066,157,9.7,41.3,18.4,6.2,0,3,0,False
M00644,T-2001,C-5M,Dunmore AFB,training,2025-03-19,43.4,38613,74,26.0,23.8,-0.3,2.0,1,1,0,False
M00645,T-0865,KC-46A,Halstead AFB,air refueling,2025-03-19,3.7,1696,54,19.6,0.0,-8.3,5.9,1,0,0,False
M00646,T-2587,KC-135R,Dunmore AFB,training,2025-03-19,61.2,41342,25,15.1,6.7,9.6,4.8,0,0,0,False
M00647,T-2474,KC-135R,Dunmore AFB,air refueling,2025-03-19,67.8,48502,40,65.3,0.0,13.2,3.3,0,0,1,False
M00648,T-1677,KC-135R,Carver Field,air refueling,2025-03-19,67.6,55886,12,39.5,0.0,9.1,5.4,0,0,1,False
M00649,T-2504,KC-135R,Dunmore AFB,air refueling,2025-03-20,65.7,48344,70,36.3,0.0,11.3,4.1,0,1,1,False
M00650,T-0281,C-17A,Halstead AFB,aeromedical,2025-03-20,23.1,21141,103,7.8,17.7,-9.0,7.0,1,2,2,False
M00651,T-2587,KC-135R,Dunmore AFB,training,2025-03-20,61.2,41342,40,2.9,6.9,0.5,3.2,1,0,0,False
M00652,T-2186,C-5M,Dunmore AFB,channel,2025-03-20,38.2,34011,10,11.8,118.6,0.9,8.2,1,0,0,False
M00653,T-2540,KC-135R,Dunmore AFB,air refueling,2025-03-20,65.5,57086,37,15.8,0.0,8.9,5.6,1,1,1,False
M00654,T-1221,C-17A,Carver Field,channel,2025-03-21,15.6,19726,25,12.0,92.3,24.2,11.8,0,0,3,False
M00655,T-0639,C-17A,Halstead AFB,SAAM,2025-03-21,21.7,10925,9,10.9,33.4,0.1,9.2,0,0,2,False
M00656,T-1553,C-17A,Carver Field,channel,2025-03-21,31.5,16953,133,7.3,30.4,20.4,10.1,0,0,2,False
M00657,T-1281,C-17A,Carver Field,channel,2025-03-21,26.9,19964,106,49.1,48.3,18.1,6.3,0,0,0,False
M00658,T-0827,KC-46A,Halstead AFB,air refueling,2025-03-21,2.1,9446,26,21.7,0.0,5.0,5.9,0,0,3,False
M00659,T-1722,KC-135R,Carver Field,air refueling,2025-03-21,65.2,42857,72,12.0,0.0,18.0,4.4,0,0,1,False
M00660,T-2572,KC-135R,Dunmore AFB,training,2025-03-21,58.1,43971,200,2.7,9.0,8.0,2.1,1,0,1,False
M00661,T-0914,KC-46A,Halstead AFB,air refueling,2025-03-21,5.4,4439,138,9.7,0.0,0.9,5.0,0,0,1,False
M00662,T-1113,KC-46A,Halstead AFB,channel,2025-03-21,2.4,500,34,22.2,29.5,-4.2,13.7,0,0,3,False
M00663,T-1823,KC-135R,Carver Field,air refueling,2025-03-22,63.0,50201,70,9.3,0.0,20.7,4.0,0,0,0,False
M00664,T-2164,C-5M,Dunmore AFB,training,2025-03-22,37.4,42570,53,33.3,32.8,6.8,2.3,0,0,0,False
M00665,T-1722,KC-135R,Carver Field,aeromedical,2025-03-22,65.2,42857,122,6.8,12.2,23.0,4.9,1,0,1,False
M00666,T-0255,C-17A,Halstead AFB,SAAM,2025-03-22,28.5,22538,15,15.3,57.0,-0.5,6.5,1,2,0,False
M00667,T-1897,KC-135R,Carver Field,air refueling,2025-03-22,60.1,41165,33,24.4,0.0,15.3,3.1,0,0,2,False
M00668,T-2260,KC-135R,Dunmore AFB,air refueling,2025-03-22,61.5,50733,15,15.9,0.0,8.0,4.4,1,0,2,False
M00669,T-1767,KC-135R,Carver Field,channel,2025-03-22,64.3,61672,13,12.3,47.3,20.0,9.7,0,0,0,False
M00670,T-2334,KC-135R,Dunmore AFB,training,2025-03-22,65.9,51911,71,11.6,7.6,-1.1,4.0,1,0,1,False
M00671,T-2376,KC-135R,Dunmore AFB,air refueling,2025-03-22,66.8,51278,40,5.1,0.0,9.7,4.6,1,2,2,False
M00672,T-1462,C-17A,Carver Field,training,2025-03-22,21.2,21621,78,44.2,20.4,14.9,4.8,0,0,0,False
M00673,T-0620,C-17A,Halstead AFB,channel,2025-03-22,28.2,15411,120,12.2,104.5,7.1,13.1,0,0,2,False
M00674,T-0217,C-17A,Halstead AFB,channel,2025-03-22,31.6,23219,75,25.5,44.5,-1.6,10.1,0,0,1,False
M00675,T-0939,KC-46A,Halstead AFB,air refueling,2025-03-22,7.5,8245,111,8.0,0.0,6.5,3.9,0,0,0,False
M00676,T-0790,KC-46A,Halstead AFB,training,2025-03-22,7.8,7001,67,21.7,4.6,3.3,4.7,0,0,0,False
M00677,T-0988,KC-46A,Halstead AFB,channel,2025-03-23,6.0,9210,92,10.7,41.6,-0.2,8.0,0,0,4,False
M00678,T-2474,KC-135R,Dunmore AFB,channel,2025-03-23,67.8,48502,126,8.5,70.5,9.8,12.2,1,0,1,False
M00679,T-1713,KC-135R,Carver Field,training,2025-03-23,66.1,44856,51,4.7,5.3,11.3,3.0,0,1,3,False
M00680,T-0134,C-17A,Halstead AFB,SAAM,2025-03-23,26.5,6615,114,10.2,73.1,0.7,8.6,0,0,3,False
M00681,T-2164,C-5M,Dunmore AFB,channel,2025-03-23,37.4,42570,105,37.1,95.4,11.9,13.6,0,0,0,False
M00682,T-1281,C-17A,Carver Field,channel,2025-03-23,26.9,19964,12,8.7,96.8,16.9,12.9,0,0,0,False
M00683,T-1311,C-17A,Carver Field,aeromedical,2025-03-23,20.7,20906,39,11.1,13.6,20.5,8.4,0,0,1,False
M00684,T-1553,C-17A,Carver Field,SAAM,2025-03-23,31.5,16953,36,18.4,75.6,20.8,11.9,0,0,2,False
M00685,T-1425,C-17A,Carver Field,aeromedical,2025-03-23,26.7,12605,115,13.5,27.8,11.0,5.1,1,2,4,False
M00686,T-2164,C-5M,Dunmore AFB,training,2025-03-23,37.4,42570,97,52.0,13.8,-5.2,4.8,1,0,0,False
M00687,T-0143,C-17A,Halstead AFB,channel,2025-03-23,21.7,20720,90,41.6,,-2.1,7.9,0,0,3,False
M00688,T-1803,KC-135R,Carver Field,air refueling,2025-03-24,63.8,46399,34,1.9,0.0,8.1,5.4,0,0,0,False
M00689,T-2545,KC-135R,Dunmore AFB,air refueling,2025-03-24,59.3,46236,67,36.8,0.0,10.8,4.0,0,0,0,False
M00690,T-1654,KC-135R,Carver Field,air refueling,2025-03-24,59.2,50982,31,27.8,0.0,15.6,5.6,0,0,2,False
M00691,T-2164,C-5M,Dunmore AFB,aeromedical,2025-03-24,37.4,42570,95,50.9,31.4,8.9,4.5,0,0,0,False
M00692,T-0752,KC-46A,Halstead AFB,training,2025-03-24,7.9,500,22,25.1,2.2,-4.3,4.4,0,0,2,False
M00693,T-0780,KC-46A,Halstead AFB,air refueling,2025-03-24,5.4,500,75,13.2,0.0,1.5,4.5,0,0,0,False
M00694,T-1395,C-17A,Carver Field,channel,2025-03-24,31.0,34623,25,3.0,38.2,16.8,8.6,0,0,2,False
M00695,T-1611,C-17A,Carver Field,training,2025-03-24,25.0,24677,37,15.0,9.9,15.0,3.8,0,0,0,False
M00696,T-0425,C-17A,Halstead AFB,aeromedical,2025-03-24,22.8,18352,66,10.1,10.7,-5.1,5.3,0,0,0,False
M00697,T-1677,KC-135R,Carver Field,channel,2025-03-24,67.6,55886,58,11.7,30.4,17.4,6.6,0,0,1,False
M00698,T-2290,KC-135R,Dunmore AFB,channel,2025-03-25,67.8,42978,65,32.8,22.9,14.6,13.7,1,0,1,False
M00699,T-2114,C-5M,Dunmore AFB,SAAM,2025-03-25,53.9,35390,26,16.0,92.2,7.9,7.4,0,0,3,False
M00700,T-0208,C-17A,Halstead AFB,SAAM,2025-03-25,26.8,18481,16,6.8,53.7,3.7,11.2,0,0,1,False
M00701,T-0463,C-17A,Halstead AFB,channel,2025-03-25,30.7,19476,36,12.6,,8.4,13.9,0,0,1,False
M00702,T-1869,KC-135R,Carver Field,channel,2025-03-25,65.7,38892,77,4.5,35.5,18.1,8.1,0,0,2,False
M00703,T-1920,C-5M,Dunmore AFB,channel,2025-03-25,40.4,32103,22,23.8,,0.3,9.9,1,0,0,False
M00704,T-1171,C-17A,Carver Field,SAAM,2025-03-25,26.8,29878,57,14.6,83.0,14.9,9.6,0,0,2,False
M00705,T-2524,KC-135R,Dunmore AFB,air refueling,2025-03-25,67.1,57056,81,7.0,0.0,14.3,3.1,0,0,0,False
M00706,T-0780,KC-46A,Halstead AFB,air refueling,2025-03-25,5.4,500,12,17.9,0.0,-2.0,5.2,0,0,0,False
M00707,T-0493,C-17A,Halstead AFB,aeromedical,2025-03-25,25.1,23647,139,21.0,20.0,-1.9,8.7,0,0,4,False
M00708,T-2382,KC-135R,Dunmore AFB,training,2025-03-26,67.4,65865,32,11.9,8.9,5.3,3.9,0,0,2,False
M00709,T-0409,C-17A,Halstead AFB,training,2025-03-26,18.5,23325,16,10.6,24.9,7.1,2.7,0,1,1,False
M00710,T-0939,KC-46A,Halstead AFB,aeromedical,2025-03-26,7.5,8245,74,19.5,18.4,3.5,5.0,0,0,0,False
M00711,T-2524,KC-135R,Dunmore AFB,channel,2025-03-26,67.1,57056,22,7.5,19.8,5.1,12.4,0,0,0,False
M00712,T-0891,KC-46A,Halstead AFB,channel,2025-03-26,5.6,500,61,8.0,25.9,0.0,8.2,1,0,1,False
M00713,T-0493,C-17A,Halstead AFB,channel,2025-03-26,25.1,23647,106,19.9,62.3,-1.7,8.8,0,0,4,False
M00714,T-1496,C-17A,Carver Field,training,2025-03-26,25.9,16243,80,23.0,10.9,14.8,2.5,0,0,0,False
M00715,T-0314,C-17A,Halstead AFB,training,2025-03-26,20.0,5381,47,12.7,14.6,-2.9,3.7,0,0,3,False
M00716,T-2161,C-5M,Dunmore AFB,aeromedical,2025-03-27,44.9,44409,58,9.4,24.3,11.5,9.4,1,0,1,False
M00717,T-2023,C-5M,Dunmore AFB,aeromedical,2025-03-27,46.5,35310,60,14.0,53.4,-1.5,5.2,0,0,0,False
M00718,T-1496,C-17A,Carver Field,SAAM,2025-03-27,25.9,16243,20,11.5,110.8,19.4,7.8,0,0,0,False
M00719,T-0620,C-17A,Halstead AFB,training,2025-03-27,28.2,15411,117,14.0,8.5,-3.1,2.6,0,0,2,False
M00720,T-1803,KC-135R,Carver Field,aeromedical,2025-03-27,63.8,46399,70,13.6,5.7,20.6,8.1,0,0,0,False
M00721,T-2376,KC-135R,Dunmore AFB,training,2025-03-27,66.8,51278,23,20.4,9.5,10.8,4.3,0,2,2,False
M00722,T-2552,KC-135R,Dunmore AFB,training,2025-03-27,65.1,65331,132,5.3,8.7,-0.7,2.1,1,0,2,False
M00723,T-2433,KC-135R,Dunmore AFB,channel,2025-03-27,59.2,35488,37,14.9,44.5,8.8,9.7,0,0,0,False
M00724,T-2382,KC-135R,Dunmore AFB,training,2025-03-27,67.4,65865,32,25.6,5.4,12.8,3.3,0,0,2,False
M00725,T-2260,KC-135R,Dunmore AFB,training,2025-03-27,61.5,50733,72,5.4,2.5,18.8,3.0,1,0,2,False
M00726,T-0870,KC-46A,Halstead AFB,air refueling,2025-03-28,2.6,676,39,14.2,0.0,-0.8,6.0,0,1,0,False
M00727,T-2089,C-5M,Dunmore AFB,training,2025-03-28,42.3,34339,174,4.9,,7.9,4.8,1,0,3,False
M00728,T-1823,KC-135R,Carver Field,air refueling,2025-03-28,63.0,50201,62,6.9,0.0,26.5,3.5,0,0,0,False
M00729,T-2001,C-5M,Dunmore AFB,channel,2025-03-28,43.4,38613,38,35.8,113.2,3.8,8.8,0,1,0,False
M00730,T-1056,KC-46A,Halstead AFB,air refueling,2025-03-28,6.9,5985,53,16.8,0.0,5.3,3.2,0,0,0,False
M00731,T-1281,C-17A,Carver Field,channel,2025-03-28,26.9,19964,62,8.4,33.4,12.7,13.1,0,0,0,False
M00732,T-1940,C-5M,Dunmore AFB,SAAM,2025-03-28,38.6,34418,71,14.3,,18.1,11.4,1,0,0,False
M00733,T-2504,KC-135R,Dunmore AFB,air refueling,2025-03-28,65.7,48344,83,6.2,0.0,14.6,5.9,0,1,1,False
M00734,T-1221,C-17A,Carver Field,channel,2025-03-28,15.6,19726,123,45.1,55.9,18.5,7.5,0,0,3,False
M00735,T-1593,C-17A,Carver Field,channel,2025-03-28,18.3,12995,101,18.4,42.7,20.4,12.1,1,1,0,False
M00736,T-1537,C-17A,Carver Field,SAAM,2025-03-29,16.8,13250,47,10.6,32.1,21.3,11.8,0,0,0,False
M00737,T-0577,C-17A,Halstead AFB,SAAM,2025-03-29,27.6,14931,123,31.0,29.4,-0.9,11.7,0,0,1,False
M00738,T-1940,C-5M,Dunmore AFB,channel,2025-03-29,38.6,34418,40,21.8,82.4,9.0,6.2,0,0,0,False
M00739,T-2161,C-5M,Dunmore AFB,training,2025-03-29,44.9,44409,49,15.4,43.6,11.6,4.2,0,0,1,False
M00740,T-1859,KC-135R,Carver Field,air refueling,2025-03-29,65.4,50943,60,13.5,,26.1,5.4,1,0,3,False
M00741,T-1258,C-17A,Carver Field,SAAM,2025-03-29,19.2,15181,41,11.7,43.1,13.8,8.1,0,0,0,False
M00742,T-1510,C-17A,Carver Field,channel,2025-03-29,18.9,500,50,6.2,82.3,15.6,10.4,0,0,0,False
M00743,T-0217,C-17A,Halstead AFB,channel,2025-03-29,31.6,23219,49,33.3,96.6,3.8,6.2,0,0,1,False
M00744,T-0752,KC-46A,Halstead AFB,air refueling,2025-03-29,7.9,500,33,14.3,0.0,4.2,5.7,0,0,2,False
M00745,T-2089,C-5M,Dunmore AFB,channel,2025-03-30,42.3,34339,68,28.7,159.3,6.4,11.4,0,0,3,False
M00746,T-1020,KC-46A,Halstead AFB,training,2025-03-30,3.4,500,21,8.9,7.2,11.8,2.9,0,0,0,False
M00747,T-1823,KC-135R,Carver Field,air refueling,2025-03-30,63.0,50201,64,6.5,0.0,30.0,3.3,0,0,0,False
M00748,T-2524,KC-135R,Dunmore AFB,air refueling,2025-03-30,67.1,57056,105,10.7,0.0,14.6,3.5,0,0,0,False
M00749,T-0790,KC-46A,Halstead AFB,channel,2025-03-30,7.8,7001,69,5.0,11.9,-4.6,10.0,0,0,0,False
M00750,T-2114,C-5M,Dunmore AFB,aeromedical,2025-03-30,53.9,35390,18,14.8,27.3,7.5,7.4,1,0,3,False
M00751,T-1425,C-17A,Carver Field,aeromedical,2025-03-30,26.7,12605,7,23.6,3.9,17.2,7.5,0,2,4,False
M00752,T-1510,C-17A,Carver Field,channel,2025-03-30,18.9,500,25,16.1,,15.5,7.5,0,0,0,False
M00753,T-1823,KC-135R,Carver Field,air refueling,2025-03-30,63.0,50201,31,23.7,0.0,19.7,3.5,0,0,0,False
M00754,T-1908,C-5M,Dunmore AFB,channel,2025-03-30,43.3,32747,106,18.5,78.2,6.3,8.9,0,1,2,False
M00755,T-2442,KC-135R,Dunmore AFB,air refueling,2025-03-30,66.9,50383,65,25.2,0.0,4.2,5.1,1,1,2,False
M00756,T-1020,KC-46A,Halstead AFB,air refueling,2025-03-31,3.4,500,22,56.1,0.0,3.0,5.3,0,0,0,False
M00757,T-1510,C-17A,Carver Field,training,2025-03-31,18.9,500,13,38.1,19.1,16.7,4.4,0,0,0,False
M00758,T-0891,KC-46A,Halstead AFB,air refueling,2025-03-31,5.6,500,26,18.7,0.0,-5.5,3.1,1,0,1,False
M00759,T-0134,C-17A,Halstead AFB,aeromedical,2025-03-31,26.5,6615,32,14.2,15.8,2.4,4.7,0,0,3,False
M00760,T-0208,C-17A,Halstead AFB,SAAM,2025-03-31,26.8,18481,18,5.5,73.8,1.9,9.0,1,0,1,False
M00761,T-0463,C-17A,Halstead AFB,channel,2025-03-31,30.7,19476,55,12.3,90.8,5.1,10.0,1,0,1,False
M00762,T-0370,C-17A,Halstead AFB,SAAM,2025-03-31,15.2,15916,10,18.2,63.1,-3.9,6.9,0,0,1,False
M00763,T-0790,KC-46A,Halstead AFB,air refueling,2025-03-31,7.8,7001,10,14.2,0.0,7.2,4.2,0,0,0,False
M00764,T-1171,C-17A,Carver Field,channel,2025-03-31,26.8,29878,60,6.8,,12.3,6.3,0,0,2,False
M00765,T-0821,KC-46A,Halstead AFB,air refueling,2025-03-31,5.7,500,148,12.0,0.0,-0.8,3.4,0,0,3,False
M00766,T-2114,C-5M,Dunmore AFB,training,2025-03-31,53.9,35390,97,19.9,,9.7,5.0,1,0,3,False
M00767,T-0143,C-17A,Halstead AFB,channel,2025-04-01,21.7,20720,86,21.2,,-1.7,9.8,0,0,3,False
M00768,T-1581,C-17A,Carver Field,channel,2025-04-01,17.3,14313,53,5.0,52.0,27.2,9.5,1,0,1,False
M00769,T-1897,KC-135R,Carver Field,air refueling,2025-04-01,60.1,41165,80,6.3,0.0,14.9,4.4,0,0,2,False
M00770,T-0639,C-17A,Halstead AFB,aeromedical,2025-04-01,21.7,10925,29,6.7,22.9,-1.6,6.1,0,0,2,False
M00771,T-1113,KC-46A,Halstead AFB,aeromedical,2025-04-01,2.4,500,55,4.3,,0.5,4.2,0,0,3,False
M00772,T-0255,C-17A,Halstead AFB,channel,2025-04-01,28.5,22538,101,39.5,33.3,4.3,13.7,0,2,0,False
M00773,T-1258,C-17A,Carver Field,channel,2025-04-01,19.2,15181,68,33.3,103.6,13.2,13.3,0,0,0,False
M00774,T-1281,C-17A,Carver Field,SAAM,2025-04-01,26.9,19964,51,2.8,66.2,17.9,5.5,0,0,0,False
M00775,T-2114,C-5M,Dunmore AFB,channel,2025-04-01,53.9,35390,71,25.9,60.1,15.0,12.3,1,0,3,False
M00776,T-1630,KC-135R,Carver Field,channel,2025-04-01,58.4,49021,120,4.7,45.1,16.1,11.6,1,0,2,False
M00777,T-0870,KC-46A,Halstead AFB,aeromedical,2025-04-01,2.6,676,52,27.3,4.4,4.9,6.5,1,1,0,False
M00778,T-1859,KC-135R,Carver Field,air refueling,2025-04-01,65.4,50943,83,5.5,0.0,26.1,3.0,0,0,3,False
M00779,T-1823,KC-135R,Carver Field,training,2025-04-02,63.0,50201,56,9.1,5.9,21.5,4.8,0,0,0,False
M00780,T-0951,KC-46A,Halstead AFB,training,2025-04-02,6.7,3673,8,4.8,8.1,6.2,4.0,0,0,1,False
M00781,T-2433,KC-135R,Dunmore AFB,air refueling,2025-04-02,59.2,35488,63,8.1,0.0,7.6,3.4,0,0,0,False
M00782,T-2524,KC-135R,Dunmore AFB,channel,2025-04-02,67.1,57056,64,5.6,32.7,10.3,10.8,1,0,0,False
M00783,T-1113,KC-46A,Halstead AFB,air refueling,2025-04-02,2.4,500,57,17.1,0.0,17.6,3.5,0,0,3,False
M00784,T-0409,C-17A,Halstead AFB,training,2025-04-03,18.5,23325,188,29.0,9.8,7.5,3.7,0,1,1,False
M00785,T-2386,KC-135R,Dunmore AFB,air refueling,2025-04-03,62.3,36598,8,8.0,0.0,16.6,5.5,0,0,1,False
M00786,T-2073,C-5M,Dunmore AFB,channel,2025-04-03,40.9,26759,35,22.6,148.8,3.5,7.9,0,0,0,False
M00787,T-1795,KC-135R,Carver Field,training,2025-04-03,64.6,55962,40,4.3,14.5,17.5,4.5,1,0,0,False
M00788,T-1897,KC-135R,Carver Field,air refueling,2025-04-04,60.1,41165,82,8.9,0.0,18.2,4.1,0,0,2,False
M00789,T-2587,KC-135R,Dunmore AFB,training,2025-04-04,61.2,41342,10,9.9,5.7,1.9,2.5,1,0,0,False
M00790,T-1327,C-17A,Carver Field,channel,2025-04-04,17.1,16066,53,11.0,70.1,13.4,8.3,0,3,0,False
M00791,T-2161,C-5M,Dunmore AFB,SAAM,2025-04-04,44.9,44409,59,27.3,179.5,9.7,10.7,0,0,1,False
M00792,T-1722,KC-135R,Carver Field,air refueling,2025-04-04,65.2,42857,40,18.0,0.0,16.1,3.3,0,0,1,False
M00793,T-2164,C-5M,Dunmore AFB,channel,2025-04-04,37.4,42570,34,11.4,157.3,8.3,11.4,1,0,0,False
M00794,T-0664,C-17A,Halstead AFB,channel,2025-04-04,23.9,23720,74,49.6,117.6,0.7,8.5,0,1,1,False
M00795,T-1581,C-17A,Carver Field,SAAM,2025-04-04,17.3,14313,88,11.7,45.9,23.5,11.7,0,0,1,False
M00796,T-1496,C-17A,Carver Field,channel,2025-04-05,25.9,16243,76,6.6,47.8,19.0,10.8,0,0,0,False
M00797,T-0780,KC-46A,Halstead AFB,aeromedical,2025-04-05,5.4,500,13,13.9,7.6,-0.9,6.0,0,0,0,False
M00798,T-2295,KC-135R,Dunmore AFB,training,2025-04-05,63.1,37980,49,12.5,3.9,16.6,2.6,0,1,1,False
M00799,T-0865,KC-46A,Halstead AFB,training,2025-04-05,3.7,1696,131,34.2,2.3,-2.0,4.5,0,0,0,False
M00800,T-0493,C-17A,Halstead AFB,training,2025-04-05,25.1,23647,61,10.0,15.9,-0.6,3.2,0,0,4,False
M00801,T-2073,C-5M,Dunmore AFB,training,2025-04-05,40.9,26759,51,13.0,36.0,14.8,2.1,1,0,0,False
M00802,T-2089,C-5M,Dunmore AFB,SAAM,2025-04-05,42.3,34339,40,17.5,259.5,5.1,9.0,1,0,3,False
M00803,T-0752,KC-46A,Halstead AFB,air refueling,2025-04-05,7.9,500,39,39.9,0.0,-7.7,4.7,1,0,2,False
M00804,T-0134,C-17A,Halstead AFB,aeromedical,2025-04-05,26.5,6615,58,15.1,18.4,0.3,7.3,0,0,3,False
M00805,T-0939,KC-46A,Halstead AFB,aeromedical,2025-04-05,7.5,8245,38,12.5,10.2,-1.4,7.3,0,0,0,False
M00806,T-1887,KC-135R,Carver Field,air refueling,2025-04-05,67.0,50748,12,43.5,0.0,28.1,5.8,1,0,1,False
M00807,T-1887,KC-135R,Carver Field,air refueling,2025-04-05,67.0,50748,14,23.0,0.0,23.7,5.6,0,0,1,False
M00808,T-0176,C-17A,Halstead AFB,SAAM,2025-04-06,31.3,25596,111,4.0,72.2,7.1,11.9,0,0,0,False
M00809,T-0348,C-17A,Halstead AFB,channel,2025-04-06,22.8,15441,14,4.0,108.0,4.4,9.4,0,0,0,False
M00810,T-2161,C-5M,Dunmore AFB,channel,2025-04-06,44.9,44409,72,24.4,87.2,2.8,10.9,0,0,1,False
M00811,T-2225,C-5M,Dunmore AFB,channel,2025-04-06,53.3,54876,32,13.0,170.2,10.8,11.7,1,0,0,False
M00812,T-2161,C-5M,Dunmore AFB,training,2025-04-06,44.9,44409,34,49.3,16.2,11.3,2.4,0,0,1,False
M00813,T-1803,KC-135R,Carver Field,air refueling,2025-04-06,63.8,46399,35,9.4,,16.5,3.9,0,0,0,False
M00814,T-2049,C-5M,Dunmore AFB,channel,2025-04-06,39.1,24961,49,15.0,82.6,9.3,6.5,0,0,0,False
M00815,T-1395,C-17A,Carver Field,channel,2025-04-06,31.0,34623,59,17.5,61.8,16.9,6.6,0,0,2,False
M00816,T-0639,C-17A,Halstead AFB,channel,2025-04-06,21.7,10925,39,68.4,79.0,-2.3,12.8,0,0,2,False
M00817,T-1327,C-17A,Carver Field,SAAM,2025-04-06,17.1,16066,79,28.3,61.0,16.9,5.6,1,3,0,False
M00818,T-1425,C-17A,Carver Field,channel,2025-04-07,26.7,12605,17,6.0,74.8,32.1,13.7,0,2,4,False
M00819,T-0790,KC-46A,Halstead AFB,air refueling,2025-04-07,7.8,7001,91,36.2,0.0,2.4,4.0,0,0,0,False
M00820,T-2572,KC-135R,Dunmore AFB,air refueling,2025-04-07,58.1,43971,38,3.5,0.0,21.3,4.1,0,0,1,False
M00821,T-1920,C-5M,Dunmore AFB,training,2025-04-07,40.4,32103,101,49.6,,12.6,2.7,0,0,0,False
M00822,T-1593,C-17A,Carver Field,SAAM,2025-04-07,18.3,12995,62,115.9,36.2,20.4,9.8,0,1,0,False
M00823,T-0951,KC-46A,Halstead AFB,air refueling,2025-04-07,6.7,3673,114,22.2,0.0,8.7,4.2,0,0,1,False
M00824,T-0255,C-17A,Halstead AFB,channel,2025-04-07,28.5,22538,57,14.2,58.1,10.8,9.5,1,2,0,False
M00825,T-1964,C-5M,Dunmore AFB,channel,2025-04-07,44.9,34382,110,14.0,43.0,9.3,9.6,1,1,1,False
M00826,T-2552,KC-135R,Dunmore AFB,air refueling,2025-04-07,65.1,65331,26,6.6,0.0,8.0,4.3,1,0,2,False
M00827,T-2164,C-5M,Dunmore AFB,channel,2025-04-07,37.4,42570,41,16.4,,12.7,9.4,0,0,0,False
M00828,T-2145,C-5M,Dunmore AFB,training,2025-04-08,44.7,32151,30,18.5,20.3,9.8,4.6,1,0,2,False
M00829,T-2052,C-5M,Dunmore AFB,channel,2025-04-08,46.4,27070,32,23.0,114.4,6.6,13.2,0,0,0,False
M00830,T-2394,KC-135R,Dunmore AFB,air refueling,2025-04-08,59.1,31509,9,17.5,0.0,13.8,4.2,0,0,0,False
M00831,T-0870,KC-46A,Halstead AFB,air refueling,2025-04-08,2.6,676,35,8.9,0.0,11.1,5.6,0,1,0,False
M00832,T-0870,KC-46A,Halstead AFB,air refueling,2025-04-08,2.6,676,100,13.0,0.0,2.3,5.9,0,1,0,False
M00833,T-1887,KC-135R,Carver Field,air refueling,2025-04-08,67.0,50748,106,2.1,0.0,11.2,4.7,0,0,1,False
M00834,T-2442,KC-135R,Dunmore AFB,air refueling,2025-04-08,66.9,50383,71,7.9,0.0,9.3,4.3,1,1,2,False
M00835,T-1171,C-17A,Carver Field,channel,2025-04-08,26.8,29878,82,26.6,,22.9,9.7,1,0,2,False
M00836,T-2001,C-5M,Dunmore AFB,channel,2025-04-09,43.4,38613,104,17.1,76.1,16.6,8.7,0,1,0,False
M00837,T-2295,KC-135R,Dunmore AFB,air refueling,2025-04-09,63.1,37980,52,21.3,0.0,9.7,5.3,1,1,1,False
M00838,T-1700,KC-135R,Carver Field,channel,2025-04-09,58.7,53822,61,5.0,35.2,22.3,13.7,1,0,0,False
M00839,T-0730,KC-46A,Halstead AFB,channel,2025-04-09,4.0,500,123,17.8,13.3,5.2,11.6,0,0,2,False
M00840,T-1823,KC-135R,Carver Field,air refueling,2025-04-09,63.0,50201,33,5.5,0.0,13.7,5.2,1,0,0,False
M00841,T-2394,KC-135R,Dunmore AFB,air refueling,2025-04-10,59.1,31509,4,11.5,0.0,10.0,5.7,1,0,0,False
M00842,T-2552,KC-135R,Dunmore AFB,air refueling,2025-04-10,65.1,65331,66,10.2,0.0,5.5,5.3,1,0,2,False
M00843,T-1897,KC-135R,Carver Field,air refueling,2025-04-10,60.1,41165,15,12.7,0.0,15.1,4.1,0,0,2,False
M00844,T-1373,C-17A,Carver Field,training,2025-04-10,32.3,29232,85,14.5,23.4,28.4,4.7,1,2,1,False
M00845,T-2474,KC-135R,Dunmore AFB,air refueling,2025-04-10,67.8,48502,92,4.3,0.0,10.4,3.6,0,0,1,False
M00846,T-0143,C-17A,Halstead AFB,SAAM,2025-04-10,21.7,20720,63,12.4,40.1,-0.6,7.9,0,0,3,False
M00847,T-1887,KC-135R,Carver Field,air refueling,2025-04-10,67.0,50748,54,7.5,0.0,20.6,3.6,1,0,1,False
M00848,T-2114,C-5M,Dunmore AFB,channel,2025-04-10,53.9,35390,20,17.0,169.4,12.5,6.4,0,0,3,False
M00849,T-2161,C-5M,Dunmore AFB,SAAM,2025-04-10,44.9,44409,65,12.8,50.8,15.7,5.6,1,0,1,False
M00850,T-2433,KC-135R,Dunmore AFB,air refueling,2025-04-10,59.2,35488,54,8.3,0.0,13.4,5.5,1,0,0,False
M00851,T-1113,KC-46A,Halstead AFB,air refueling,2025-04-10,2.4,500,20,5.4,0.0,8.5,6.0,0,0,3,False
M00852,T-2114,C-5M,Dunmore AFB,aeromedical,2025-04-10,53.9,35390,37,7.7,17.9,21.3,6.8,1,0,3,False
M00853,T-2290,KC-135R,Dunmore AFB,training,2025-04-10,67.8,42978,61,6.4,,13.1,2.0,0,0,1,False
M00854,T-1137,C-17A,Carver Field,SAAM,2025-04-11,26.3,26363,19,11.3,81.6,14.3,10.6,0,0,1,False
M00855,T-1713,KC-135R,Carver Field,air refueling,2025-04-11,66.1,44856,105,22.5,0.0,18.6,3.8,0,1,3,False
M00856,T-1630,KC-135R,Carver Field,training,2025-04-11,58.4,49021,78,23.0,,13.9,4.8,0,0,2,False
M00857,T-1713,KC-135R,Carver Field,air refueling,2025-04-11,66.1,44856,72,7.0,0.0,12.2,5.1,0,1,3,False
M00858,T-1795,KC-135R,Carver Field,air refueling,2025-04-11,64.6,55962,64,31.6,0.0,22.7,4.9,0,0,0,False
M00859,T-0865,KC-46A,Halstead AFB,air refueling,2025-04-11,3.7,1696,36,13.1,0.0,2.7,5.1,1,0,0,False
M00860,T-0314,C-17A,Halstead AFB,channel,2025-04-12,20.0,5381,200,23.3,54.9,8.7,10.0,0,0,3,False
M00861,T-2334,KC-135R,Dunmore AFB,air refueling,2025-04-12,65.9,51911,71,39.5,0.0,17.3,3.1,0,0,1,False
M00862,T-2433,KC-135R,Dunmore AFB,training,2025-04-12,59.2,35488,38,14.2,2.9,13.6,3.3,1,0,0,False
M00863,T-1281,C-17A,Carver Field,channel,2025-04-12,26.9,19964,72,12.9,81.4,24.7,6.8,0,0,0,False
M00864,T-1908,C-5M,Dunmore AFB,SAAM,2025-04-12,43.3,32747,81,18.2,116.4,14.1,8.1,1,1,2,False
M00865,T-0695,KC-46A,Halstead AFB,air refueling,2025-04-12,2.0,500,38,13.1,0.0,3.0,4.9,1,0,1,False
M00866,T-1823,KC-135R,Carver Field,channel,2025-04-12,63.0,50201,35,13.4,39.9,16.5,6.4,0,0,0,False
M00867,T-2186,C-5M,Dunmore AFB,SAAM,2025-04-12,38.2,34011,38,31.0,182.9,13.4,5.7,0,0,0,False
M00868,T-1311,C-17A,Carver Field,training,2025-04-12,20.7,20906,48,29.0,22.4,24.3,3.7,0,0,1,False
M00869,T-1221,C-17A,Carver Field,channel,2025-04-12,15.6,19726,2,34.8,78.2,24.2,9.4,0,0,3,False
M00870,T-2376,KC-135R,Dunmore AFB,air refueling,2025-04-12,66.8,51278,92,6.8,0.0,6.6,3.7,0,2,2,False
M00871,T-1795,KC-135R,Carver Field,air refueling,2025-04-12,64.6,55962,58,12.3,0.0,20.5,4.0,0,0,0,False
M00872,T-2386,KC-135R,Dunmore AFB,air refueling,2025-04-12,62.3,36598,39,9.7,0.0,16.8,4.9,1,0,1,False
M00873,T-0134,C-17A,Halstead AFB,SAAM,2025-04-12,26.5,6615,166,13.5,,3.7,9.0,1,0,3,False
M00874,T-0620,C-17A,Halstead AFB,training,2025-04-13,28.2,15411,19,12.6,10.5,13.9,3.1,0,0,2,False
M00875,T-2334,KC-135R,Dunmore AFB,air refueling,2025-04-13,65.9,51911,200,4.4,0.0,11.5,3.6,1,0,1,False
M00876,T-1630,KC-135R,Carver Field,air refueling,2025-04-13,58.4,49021,153,17.0,0.0,23.1,5.8,1,0,2,False
M00877,T-1425,C-17A,Carver Field,SAAM,2025-04-13,26.7,12605,26,9.2,52.1,20.2,9.2,0,2,4,False
M00878,T-1258,C-17A,Carver Field,SAAM,2025-04-13,19.2,15181,28,7.7,81.1,13.2,10.9,0,0,0,False
M00879,T-0939,KC-46A,Halstead AFB,air refueling,2025-04-13,7.5,8245,30,7.8,0.0,6.0,4.7,0,0,0,False
M00880,T-0951,KC-46A,Halstead AFB,air refueling,2025-04-13,6.7,3673,111,9.6,0.0,12.7,5.4,0,0,1,False
M00881,T-1510,C-17A,Carver Field,channel,2025-04-13,18.9,500,51,23.2,60.3,15.0,11.4,0,0,0,False
M00882,T-0951,KC-46A,Halstead AFB,air refueling,2025-04-13,6.7,3673,60,23.7,,6.3,4.6,1,0,1,False
M00883,T-1856,KC-135R,Carver Field,air refueling,2025-04-14,65.7,50112,42,21.6,0.0,20.1,4.3,1,0,0,False
M00884,T-2290,KC-135R,Dunmore AFB,air refueling,2025-04-14,67.8,42978,34,6.8,0.0,16.3,3.9,0,0,1,False
M00885,T-1593,C-17A,Carver Field,SAAM,2025-04-14,18.3,12995,24,20.1,161.5,19.5,6.8,1,1,0,False
M00886,T-0870,KC-46A,Halstead AFB,air refueling,2025-04-14,2.6,676,48,8.2,0.0,8.8,5.1,0,1,0,False
M00887,T-0752,KC-46A,Halstead AFB,air refueling,2025-04-15,7.9,500,139,6.5,0.0,4.3,4.4,0,0,2,False
M00888,T-2552,KC-135R,Dunmore AFB,air refueling,2025-04-15,65.1,65331,19,7.2,0.0,5.4,5.9,1,0,2,False
M00889,T-1311,C-17A,Carver Field,SAAM,2025-04-15,20.7,20906,91,42.2,90.7,17.9,8.8,0,0,1,False
M00890,T-2524,KC-135R,Dunmore AFB,air refueling,2025-04-15,67.1,57056,148,7.9,0.0,16.7,5.8,0,0,0,False
M00891,T-1823,KC-135R,Carver Field,training,2025-04-15,63.0,50201,98,23.1,,11.4,2.4,1,0,0,False
M00892,T-0695,KC-46A,Halstead AFB,air refueling,2025-04-15,2.0,500,103,15.6,,14.7,5.9,0,0,1,False
M00893,T-2540,KC-135R,Dunmore AFB,air refueling,2025-04-16,65.5,57086,180,24.7,,15.0,4.5,1,1,1,False
M00894,T-2260,KC-135R,Dunmore AFB,air refueling,2025-04-16,61.5,50733,74,58.7,0.0,12.0,4.5,0,0,2,False
M00895,T-1654,KC-135R,Carver Field,air refueling,2025-04-16,59.2,50982,88,30.7,0.0,15.8,5.2,0,0,2,False
M00896,T-2545,KC-135R,Dunmore AFB,air refueling,2025-04-16,59.3,46236,73,3.2,,3.7,3.1,0,0,0,False
M00897,T-1258,C-17A,Carver Field,training,2025-04-16,19.2,15181,200,31.6,12.9,21.0,2.5,0,0,0,False
M00898,T-0208,C-17A,Halstead AFB,SAAM,2025-04-16,26.8,18481,65,19.6,63.1,15.0,10.3,0,0,1,False
M00899,T-0549,C-17A,Halstead AFB,channel,2025-04-16,20.6,16918,66,33.0,42.5,3.2,11.3,0,0,0,False
M00900,T-1537,C-17A,Carver Field,channel,2025-04-17,16.8,13250,64,13.6,141.3,23.0,11.5,0,0,0,False
M00901,T-1733,KC-135R,Carver Field,air refueling,2025-04-17,67.8,47860,66,34.8,0.0,22.5,3.4,1,0,3,False
M00902,T-2572,KC-135R,Dunmore AFB,air refueling,2025-04-17,58.1,43971,50,19.8,0.0,11.0,4.1,0,0,1,False
M00903,T-1940,C-5M,Dunmore AFB,SAAM,2025-04-17,38.6,34418,66,9.1,63.6,8.2,8.2,0,0,0,False
M00904,T-2049,C-5M,Dunmore AFB,channel,2025-04-17,39.1,24961,75,50.5,155.6,16.4,13.2,1,0,0,False
M00905,T-0988,KC-46A,Halstead AFB,training,2025-04-17,6.0,9210,124,18.2,6.9,14.2,4.7,0,0,4,False
M00906,T-1340,C-17A,Carver Field,training,2025-04-17,23.5,12865,46,11.3,11.1,22.2,3.4,0,0,0,False
M00907,T-1630,KC-135R,Carver Field,channel,2025-04-17,58.4,49021,66,13.7,32.6,28.6,11.3,0,0,2,False
M00908,T-2001,C-5M,Dunmore AFB,channel,2025-04-17,43.4,38613,45,15.8,266.0,19.9,11.9,1,1,0,False
M00909,T-1194,C-17A,Carver Field,channel,2025-04-17,17.3,16603,23,27.4,124.7,20.3,8.4,0,1,3,False
M00910,T-1795,KC-135R,Carver Field,air refueling,2025-04-17,64.6,55962,70,19.4,0.0,18.5,4.9,0,0,0,False
M00911,T-2540,KC-135R,Dunmore AFB,training,2025-04-17,65.5,57086,144,5.5,7.4,13.7,2.5,0,1,1,False
M00912,T-1510,C-17A,Carver Field,channel,2025-04-17,18.9,500,48,22.0,44.7,28.1,13.3,0,0,0,False
M00913,T-0730,KC-46A,Halstead AFB,air refueling,2025-04-17,4.0,500,59,5.8,0.0,-1.0,6.0,0,0,2,False
M00914,T-1593,C-17A,Carver Field,aeromedical,2025-04-17,18.3,12995,53,11.2,14.5,20.0,7.8,0,1,0,False
M00915,T-0951,KC-46A,Halstead AFB,air refueling,2025-04-17,6.7,3673,47,2.1,0.0,8.3,3.9,0,0,1,False
M00916,T-0951,KC-46A,Halstead AFB,channel,2025-04-17,6.7,3673,19,6.6,18.7,13.4,6.0,0,0,1,False
M00917,T-1373,C-17A,Carver Field,channel,2025-04-18,32.3,29232,122,20.8,80.5,22.4,13.3,0,2,1,False
M00918,T-1088,KC-46A,Halstead AFB,air refueling,2025-04-18,4.4,5067,130,10.8,0.0,6.3,4.9,1,1,2,False
M00919,T-1869,KC-135R,Carver Field,training,2025-04-18,65.7,38892,63,20.9,5.2,11.5,4.1,1,0,2,False
M00920,T-1856,KC-135R,Carver Field,air refueling,2025-04-18,65.7,50112,81,5.3,0.0,13.2,5.7,0,0,0,False
M00921,T-0549,C-17A,Halstead AFB,SAAM,2025-04-19,20.6,16918,116,11.4,161.5,6.5,7.8,0,0,0,False
M00922,T-1593,C-17A,Carver Field,training,2025-04-19,18.3,12995,46,5.5,,22.2,2.2,0,1,0,False
M00923,T-2023,C-5M,Dunmore AFB,channel,2025-04-19,46.5,35310,64,18.6,75.4,10.1,6.8,0,0,0,False
M00924,T-2552,KC-135R,Dunmore AFB,aeromedical,2025-04-19,65.1,65331,64,5.8,8.9,9.7,8.4,1,0,2,False
M00925,T-0664,C-17A,Halstead AFB,SAAM,2025-04-19,23.9,23720,56,15.2,55.9,2.9,7.3,1,1,1,False
M00926,T-0668,KC-46A,Halstead AFB,air refueling,2025-04-19,5.5,998,55,13.3,0.0,7.1,4.1,0,0,0,False
M00927,T-1940,C-5M,Dunmore AFB,aeromedical,2025-04-19,38.6,34418,44,11.5,48.0,23.1,8.5,0,0,0,False
M00928,T-0951,KC-46A,Halstead AFB,air refueling,2025-04-20,6.7,3673,63,8.8,0.0,1.4,5.1,0,0,1,False
M00929,T-0134,C-17A,Halstead AFB,SAAM,2025-04-20,26.5,6615,27,17.2,87.8,14.6,5.7,0,0,3,False
M00930,T-1056,KC-46A,Halstead AFB,air refueling,2025-04-20,6.9,5985,55,22.9,0.0,10.4,5.3,0,0,0,False
M00931,T-1020,KC-46A,Halstead AFB,training,2025-04-20,3.4,500,69,5.6,3.6,0.8,2.2,0,0,0,False
M00932,T-1537,C-17A,Carver Field,training,2025-04-20,16.8,13250,16,7.7,19.7,26.0,4.4,0,0,0,False
M00933,T-0951,KC-46A,Halstead AFB,training,2025-04-20,6.7,3673,5,16.2,9.7,10.8,5.0,0,0,1,False
M00934,T-2052,C-5M,Dunmore AFB,aeromedical,2025-04-20,46.4,27070,55,82.0,15.7,16.7,5.0,0,0,0,False
M00935,T-0370,C-17A,Halstead AFB,channel,2025-04-21,15.2,15916,79,9.2,77.3,0.0,13.8,1,0,1,False
M00936,T-0549,C-17A,Halstead AFB,SAAM,2025-04-21,20.6,16918,52,11.2,89.3,10.9,8.7,0,0,0,False
M00937,T-1767,KC-135R,Carver Field,training,2025-04-21,64.3,61672,26,6.7,6.0,11.7,4.1,1,0,0,False
M00938,T-1020,KC-46A,Halstead AFB,air refueling,2025-04-21,3.4,500,3,10.5,0.0,17.0,5.6,0,0,0,False
M00939,T-1171,C-17A,Carver Field,SAAM,2025-04-21,26.8,29878,87,12.4,36.9,22.2,10.0,0,0,2,False
M00940,T-1897,KC-135R,Carver Field,air refueling,2025-04-21,60.1,41165,89,12.9,0.0,7.4,4.7,1,0,2,False
M00941,T-1258,C-17A,Carver Field,SAAM,2025-04-21,19.2,15181,21,7.0,71.3,20.7,5.7,0,0,0,False
M00942,T-2073,C-5M,Dunmore AFB,channel,2025-04-22,40.9,26759,4,37.8,88.9,16.9,7.7,0,0,0,False
M00943,T-2260,KC-135R,Dunmore AFB,air refueling,2025-04-22,61.5,50733,53,26.4,0.0,18.4,4.9,0,0,2,False
M00944,T-0951,KC-46A,Halstead AFB,training,2025-04-22,6.7,3673,15,11.5,6.2,8.6,2.9,0,0,1,False
M00945,T-1537,C-17A,Carver Field,channel,2025-04-22,16.8,13250,64,18.8,34.0,26.8,11.3,0,0,0,False
M00946,T-1537,C-17A,Carver Field,channel,2025-04-22,16.8,13250,8,14.4,58.2,24.2,8.0,0,0,0,False
M00947,T-0695,KC-46A,Halstead AFB,training,2025-04-22,2.0,500,135,34.7,5.4,4.2,3.7,0,0,1,False
M00948,T-1859,KC-135R,Carver Field,air refueling,2025-04-22,65.4,50943,16,5.5,0.0,26.7,5.4,0,0,3,False
M00949,T-1496,C-17A,Carver Field,SAAM,2025-04-22,25.9,16243,129,19.0,56.4,21.6,9.6,0,0,0,False
M00950,T-1194,C-17A,Carver Field,channel,2025-04-22,17.3,16603,6,18.4,101.4,23.9,6.4,0,1,3,False
M00951,T-1496,C-17A,Carver Field,channel,2025-04-22,25.9,16243,37,15.9,59.2,21.1,10.1,0,0,0,False
M00952,T-0639,C-17A,Halstead AFB,aeromedical,2025-04-22,21.7,10925,31,42.7,,-0.4,4.6,0,0,2,False
M00953,T-1964,C-5M,Dunmore AFB,aeromedical,2025-04-22,44.9,34382,26,19.5,37.7,17.6,9.8,0,1,1,False
M00954,T-2225,C-5M,Dunmore AFB,channel,2025-04-22,53.3,54876,64,3.5,94.8,10.8,10.8,0,0,0,False
M00955,T-2164,C-5M,Dunmore AFB,channel,2025-04-22,37.4,42570,26,8.4,89.3,16.8,9.6,0,0,0,False
M00956,T-1340,C-17A,Carver Field,training,2025-04-23,23.5,12865,24,12.4,6.2,15.6,3.2,0,0,0,False
M00957,T-0577,C-17A,Halstead AFB,SAAM,2025-04-23,27.6,14931,54,11.3,58.5,1.1,5.6,0,0,1,False
M00958,T-2524,KC-135R,Dunmore AFB,air refueling,2025-04-23,67.1,57056,6,13.2,0.0,14.0,4.1,1,0,0,False
M00959,T-0821,KC-46A,Halstead AFB,training,2025-04-23,5.7,500,33,18.8,8.5,3.0,3.0,0,0,3,False
M00960,T-1113,KC-46A,Halstead AFB,air refueling,2025-04-23,2.4,500,90,7.0,0.0,4.8,5.9,0,0,3,False
M00961,T-1327,C-17A,Carver Field,aeromedical,2025-04-24,17.1,16066,15,9.1,24.1,22.0,8.4,0,3,0,False
M00962,T-2376,KC-135R,Dunmore AFB,channel,2025-04-24,66.8,51278,63,4.5,27.7,13.5,8.1,1,2,2,False
M00963,T-1137,C-17A,Carver Field,aeromedical,2025-04-24,26.3,26363,86,18.2,31.3,11.1,4.2,0,0,1,False
M00964,T-0409,C-17A,Halstead AFB,channel,2025-04-24,18.5,23325,84,9.6,33.7,10.4,8.7,0,1,1,False
M00965,T-1847,KC-135R,Carver Field,air refueling,2025-04-24,60.9,53602,89,11.7,0.0,23.6,3.7,0,0,3,False
M00966,T-2023,C-5M,Dunmore AFB,channel,2025-04-24,46.5,35310,60,29.9,95.2,21.3,7.7,0,0,0,False
M00967,T-1373,C-17A,Carver Field,channel,2025-04-24,32.3,29232,91,62.9,58.4,27.4,10.8,0,2,1,False
M00968,T-0473,C-17A,Halstead AFB,channel,2025-04-24,25.9,25278,55,15.0,50.6,4.3,6.0,0,0,3,False
M00969,T-2023,C-5M,Dunmore AFB,SAAM,2025-04-24,46.5,35310,21,22.0,160.7,6.7,11.8,0,0,0,False
M00970,T-0821,KC-46A,Halstead AFB,air refueling,2025-04-24,5.7,500,29,15.0,0.0,1.6,3.4,0,0,3,False
M00971,T-2225,C-5M,Dunmore AFB,training,2025-04-24,53.3,54876,33,14.5,21.9,14.0,4.6,0,0,0,False
M00972,T-0348,C-17A,Halstead AFB,training,2025-04-24,22.8,15441,91,16.5,,4.6,2.5,0,0,0,False
M00973,T-2442,KC-135R,Dunmore AFB,air refueling,2025-04-25,66.9,50383,76,17.9,0.0,15.8,5.7,0,1,2,False
M00974,T-2524,KC-135R,Dunmore AFB,air refueling,2025-04-25,67.1,57056,127,22.9,0.0,15.8,4.1,0,0,0,False
M00975,T-0695,KC-46A,Halstead AFB,air refueling,2025-04-25,2.0,500,92,8.6,0.0,6.0,3.9,0,0,1,False
M00976,T-1619,KC-135R,Carver Field,air refueling,2025-04-25,65.8,33590,101,15.0,0.0,23.4,4.4,0,0,1,False
M00977,T-2260,KC-135R,Dunmore AFB,air refueling,2025-04-25,61.5,50733,67,20.2,0.0,9.3,3.8,1,0,2,False
M00978,T-0409,C-17A,Halstead AFB,aeromedical,2025-04-25,18.5,23325,10,7.4,12.6,5.8,4.7,0,1,1,False
M00979,T-1194,C-17A,Carver Field,SAAM,2025-04-25,17.3,16603,75,13.0,39.2,20.1,6.3,0,1,3,False
M00980,T-0348,C-17A,Halstead AFB,aeromedical,2025-04-25,22.8,15441,80,22.8,16.0,0.9,4.9,0,0,0,False
M00981,T-0409,C-17A,Halstead AFB,aeromedical,2025-04-25,18.5,23325,43,16.3,11.4,3.6,7.2,1,1,1,False
M00982,T-1800,KC-135R,Carver Field,air refueling,2025-04-25,59.6,49983,44,6.8,0.0,18.7,5.3,0,0,6,False
M00983,T-1311,C-17A,Carver Field,channel,2025-04-26,20.7,20906,117,21.2,56.5,27.4,9.1,1,0,1,False
M00984,T-0870,KC-46A,Halstead AFB,air refueling,2025-04-26,2.6,676,59,17.7,0.0,3.9,4.3,1,1,0,False
M00985,T-2114,C-5M,Dunmore AFB,SAAM,2025-04-26,53.9,35390,67,31.2,185.3,13.3,5.7,0,0,3,False
M00986,T-2572,KC-135R,Dunmore AFB,air refueling,2025-04-26,58.1,43971,17,5.5,0.0,17.0,4.8,0,0,1,False
M00987,T-1425,C-17A,Carver Field,channel,2025-04-26,26.7,12605,135,15.2,98.1,17.4,7.7,0,2,4,False
M00988,T-1340,C-17A,Carver Field,channel,2025-04-26,23.5,12865,50,7.0,,30.9,8.7,1,0,0,False
M00989,T-0143,C-17A,Halstead AFB,aeromedical,2025-04-26,21.7,20720,114,14.1,16.1,0.9,9.3,0,0,3,False
M00990,T-0764,KC-46A,Halstead AFB,air refueling,2025-04-26,6.4,500,102,8.3,0.0,15.5,5.1,0,0,1,False
M00991,T-0531,C-17A,Halstead AFB,training,2025-04-26,31.2,20204,33,12.1,,3.7,2.8,0,1,3,False
M00992,T-1847,KC-135R,Carver Field,air refueling,2025-04-27,60.9,53602,26,4.7,0.0,25.0,3.4,0,0,3,False
M00993,T-1920,C-5M,Dunmore AFB,channel,2025-04-27,40.4,32103,87,14.7,222.0,15.2,7.8,0,0,0,False
M00994,T-0425,C-17A,Halstead AFB,channel,2025-04-27,22.8,18352,38,43.4,64.7,14.2,9.0,0,0,0,False
M00995,T-2089,C-5M,Dunmore AFB,training,2025-04-27,42.3,34339,166,13.4,,23.4,3.4,1,0,3,False
M00996,T-1847,KC-135R,Carver Field,channel,2025-04-27,60.9,53602,10,11.9,21.1,19.9,9.9,1,0,3,False
M00997,T-2394,KC-135R,Dunmore AFB,air refueling,2025-04-27,59.1,31509,117,2.8,0.0,10.1,4.1,1,0,0,False
M00998,T-1137,C-17A,Carver Field,channel,2025-04-27,26.3,26363,103,25.6,53.3,25.1,9.6,1,0,1,False
M00999,T-1800,KC-135R,Carver Field,air refueling,2025-04-27,59.6,49983,23,13.0,0.0,17.6,3.8,0,0,6,False
M01000,T-1847,KC-135R,Carver Field,training,2025-04-27,60.9,53602,72,11.5,12.5,22.3,2.6,0,0,3,False
M01001,T-0473,C-17A,Halstead AFB,channel,2025-04-28,25.9,25278,82,9.4,136.2,7.2,8.1,1,0,3,False
M01002,T-0425,C-17A,Halstead AFB,channel,2025-04-28,22.8,18352,114,6.8,25.7,11.1,14.0,0,0,0,False
M01003,T-1137,C-17A,Carver Field,SAAM,2025-04-28,26.3,26363,29,15.3,44.7,23.7,8.5,0,0,1,False
M01004,T-2001,C-5M,Dunmore AFB,aeromedical,2025-04-28,43.4,38613,79,3.4,16.5,4.5,9.9,0,1,0,False
M01005,T-1137,C-17A,Carver Field,training,2025-04-28,26.3,26363,30,10.8,6.4,13.8,2.5,0,0,1,False
M01006,T-2366,KC-135R,Dunmore AFB,air refueling,2025-04-29,63.1,45478,84,1.9,0.0,6.8,5.1,0,0,4,False
M01007,T-0939,KC-46A,Halstead AFB,training,2025-04-29,7.5,8245,83,6.4,,13.7,2.4,0,0,0,False
M01008,T-2225,C-5M,Dunmore AFB,channel,2025-04-29,53.3,54876,15,31.9,221.7,19.0,12.1,0,0,0,False
M01009,T-2290,KC-135R,Dunmore AFB,channel,2025-04-29,67.8,42978,44,12.6,26.8,17.5,7.5,1,0,1,False
M01010,T-0531,C-17A,Halstead AFB,training,2025-04-29,31.2,20204,140,21.3,13.8,10.9,2.5,0,1,3,False
M01011,T-1581,C-17A,Carver Field,SAAM,2025-04-29,17.3,14313,48,5.3,63.2,19.5,5.8,0,0,1,False
M01012,T-1847,KC-135R,Carver Field,air refueling,2025-04-29,60.9,53602,135,4.9,0.0,24.3,3.3,1,0,3,False
M01013,T-1700,KC-135R,Carver Field,air refueling,2025-04-29,58.7,53822,66,9.0,,25.8,5.0,0,0,0,False
M01014,T-1940,C-5M,Dunmore AFB,channel,2025-04-29,38.6,34418,26,31.7,154.4,16.8,6.5,0,0,0,False
M01015,T-1630,KC-135R,Carver Field,air refueling,2025-04-29,58.4,49021,69,3.1,0.0,24.2,5.2,0,0,2,False
M01016,T-0914,KC-46A,Halstead AFB,air refueling,2025-04-29,5.4,4439,120,35.8,0.0,8.3,4.4,0,0,1,False
M01017,T-1581,C-17A,Carver Field,SAAM,2025-04-29,17.3,14313,84,21.6,58.4,24.0,7.7,0,0,1,False
M01018,T-1869,KC-135R,Carver Field,channel,2025-04-29,65.7,38892,32,9.7,39.0,20.0,11.8,1,0,2,False
M01019,T-2145,C-5M,Dunmore AFB,SAAM,2025-04-30,44.7,32151,21,22.4,144.8,19.0,7.7,0,0,2,False
M01020,T-1373,C-17A,Carver Field,SAAM,2025-04-30,32.3,29232,94,14.8,75.1,19.7,7.7,0,2,1,False
M01021,T-1619,KC-135R,Carver Field,channel,2025-04-30,65.8,33590,11,2.0,42.7,17.6,7.7,0,0,1,False
M01022,T-1425,C-17A,Carver Field,channel,2025-04-30,26.7,12605,96,15.7,,18.2,13.1,1,2,4,False
M01023,T-1677,KC-135R,Carver Field,training,2025-04-30,67.6,55886,44,3.3,11.5,24.9,3.1,0,0,1,False
M01024,T-1557,C-17A,Carver Field,channel,2025-04-30,19.3,18333,74,18.4,41.1,30.4,12.9,0,0,4,False
M01025,T-0176,C-17A,Halstead AFB,channel,2025-04-30,31.3,25596,48,17.8,89.8,8.0,6.8,1,0,0,False
M01026,T-2382,KC-135R,Dunmore AFB,channel,2025-04-30,67.4,65865,32,10.4,,22.9,9.7,1,0,2,False
M01027,T-1221,C-17A,Carver Field,SAAM,2025-04-30,15.6,19726,50,17.4,35.0,25.5,8.8,0,0,3,False
M01028,T-2442,KC-135R,Dunmore AFB,training,2025-04-30,66.9,50383,54,22.8,2.6,9.5,2.5,0,1,2,False
M01029,T-2552,KC-135R,Dunmore AFB,air refueling,2025-04-30,65.1,65331,37,10.1,0.0,15.1,5.6,1,0,2,False
M01030,T-1194,C-17A,Carver Field,training,2025-04-30,17.3,16603,47,19.3,14.3,23.1,4.9,0,1,3,False
M01031,T-1713,KC-135R,Carver Field,air refueling,2025-05-01,66.1,44856,45,6.5,0.0,25.9,4.0,1,1,3,False
M01032,T-1221,C-17A,Carver Field,SAAM,2025-05-01,15.6,19726,85,42.6,158.4,32.0,6.9,0,0,3,False
M01033,T-1800,KC-135R,Carver Field,training,2025-05-01,59.6,49983,43,25.9,8.6,24.0,3.6,0,0,6,False
M01034,T-0939,KC-46A,Halstead AFB,channel,2025-05-01,7.5,8245,196,12.1,39.3,14.1,12.0,0,0,0,False
M01035,T-1581,C-17A,Carver Field,SAAM,2025-05-01,17.3,14313,55,17.4,43.1,17.0,11.9,0,0,1,False
M01036,T-1803,KC-135R,Carver Field,training,2025-05-01,63.8,46399,39,12.5,5.7,22.4,3.8,1,0,0,False
M01037,T-1611,C-17A,Carver Field,channel,2025-05-02,25.0,24677,54,7.5,61.0,25.9,12.3,0,0,0,False
M01038,T-0531,C-17A,Halstead AFB,channel,2025-05-02,31.2,20204,39,47.2,63.7,11.4,7.7,0,1,3,False
M01039,T-0988,KC-46A,Halstead AFB,training,2025-05-02,6.0,9210,12,13.1,3.3,13.7,3.0,0,0,4,False
M01040,T-1593,C-17A,Carver Field,training,2025-05-02,18.3,12995,14,45.9,17.4,27.5,3.8,0,1,0,False
M01041,T-1088,KC-46A,Halstead AFB,air refueling,2025-05-02,4.4,5067,71,6.6,0.0,14.5,5.3,0,1,2,False
M01042,T-1611,C-17A,Carver Field,channel,2025-05-02,25.0,24677,38,12.3,56.7,20.0,13.6,0,0,0,False
M01043,T-1658,KC-135R,Carver Field,air refueling,2025-05-02,60.1,63704,54,7.0,,23.4,3.4,1,2,1,False
M01044,T-0409,C-17A,Halstead AFB,channel,2025-05-02,18.5,23325,190,13.7,46.7,8.5,10.1,0,1,1,False
M01045,T-2089,C-5M,Dunmore AFB,channel,2025-05-03,42.3,34339,92,15.2,148.6,8.2,10.3,0,0,3,False
M01046,T-1803,KC-135R,Carver Field,channel,2025-05-03,63.8,46399,49,1.2,30.0,26.6,9.0,0,0,0,False
M01047,T-2001,C-5M,Dunmore AFB,SAAM,2025-05-03,43.4,38613,15,6.6,118.6,11.0,8.6,0,1,0,False
M01048,T-1722,KC-135R,Carver Field,air refueling,2025-05-03,65.2,42857,62,4.3,0.0,19.5,5.0,1,0,1,False
M01049,T-0668,KC-46A,Halstead AFB,air refueling,2025-05-03,5.5,998,17,13.0,0.0,9.7,5.3,0,0,0,False
M01050,T-2545,KC-135R,Dunmore AFB,channel,2025-05-03,59.3,46236,104,38.9,38.3,18.6,8.8,0,0,0,False
M01051,T-0939,KC-46A,Halstead AFB,training,2025-05-03,7.5,8245,176,7.5,10.0,8.5,2.1,0,0,0,False
M01052,T-1510,C-17A,Carver Field,training,2025-05-03,18.9,500,65,68.3,15.3,25.3,2.0,0,0,0,False
M01053,T-0217,C-17A,Halstead AFB,SAAM,2025-05-03,31.6,23219,47,19.6,74.1,12.1,9.8,0,0,1,False
M01054,T-0599,C-17A,Halstead AFB,channel,2025-05-03,25.4,24118,114,7.1,45.7,15.0,10.3,0,0,1,False
M01055,T-1767,KC-135R,Carver Field,channel,2025-05-03,64.3,61672,145,8.4,49.4,29.2,7.9,1,0,0,False
M01056,T-0208,C-17A,Halstead AFB,channel,2025-05-03,26.8,18481,15,2.8,56.8,13.0,11.8,0,0,1,False
M01057,T-1194,C-17A,Carver Field,channel,2025-05-03,17.3,16603,66,23.0,58.5,26.8,6.4,0,1,3,False
M01058,T-0577,C-17A,Halstead AFB,SAAM,2025-05-04,27.6,14931,53,9.4,55.0,3.9,6.5,0,0,1,False
M01059,T-1869,KC-135R,Carver Field,training,2025-05-04,65.7,38892,48,9.6,6.0,21.6,4.2,0,0,2,False
M01060,T-1823,KC-135R,Carver Field,air refueling,2025-05-04,63.0,50201,34,5.9,0.0,32.7,4.8,0,0,0,False
M01061,T-1887,KC-135R,Carver Field,air refueling,2025-05-04,67.0,50748,48,6.2,,14.9,5.5,1,0,1,False
M01062,T-0134,C-17A,Halstead AFB,SAAM,2025-05-04,26.5,6615,39,14.4,62.2,1.8,10.6,0,0,3,False
M01063,T-0870,KC-46A,Halstead AFB,air refueling,2025-05-05,2.6,676,50,7.8,0.0,16.9,3.4,0,1,0,False
M01064,T-1887,KC-135R,Carver Field,air refueling,2025-05-05,67.0,50748,33,5.5,0.0,25.6,4.6,0,0,1,False
M01065,T-0134,C-17A,Halstead AFB,SAAM,2025-05-05,26.5,6615,15,14.8,99.6,5.1,11.7,0,0,3,False
M01066,T-1713,KC-135R,Carver Field,channel,2025-05-05,66.1,44856,19,5.6,28.6,14.7,13.0,0,1,3,False
M01067,T-0865,KC-46A,Halstead AFB,training,2025-05-05,3.7,1696,172,7.4,8.8,11.6,3.7,0,0,0,False
M01068,T-1056,KC-46A,Halstead AFB,air refueling,2025-05-05,6.9,5985,39,14.7,0.0,10.7,4.5,0,0,0,False
M01069,T-0281,C-17A,Halstead AFB,channel,2025-05-05,23.1,21141,76,14.1,45.4,6.2,6.3,0,2,2,False
M01070,T-2433,KC-135R,Dunmore AFB,air refueling,2025-05-05,59.2,35488,14,31.0,0.0,18.9,5.1,0,0,0,False
M01071,T-2572,KC-135R,Dunmore AFB,training,2025-05-05,58.1,43971,112,67.1,5.6,19.5,3.9,1,0,1,False
M01072,T-2524,KC-135R,Dunmore AFB,aeromedical,2025-05-05,67.1,57056,58,47.9,7.5,10.5,7.4,1,0,0,False
M01073,T-0865,KC-46A,Halstead AFB,training,2025-05-05,3.7,1696,36,16.4,5.8,1.7,2.4,1,0,0,False
M01074,T-0314,C-17A,Halstead AFB,training,2025-05-06,20.0,5381,56,23.9,15.8,4.8,3.0,0,0,3,False
M01075,T-2572,KC-135R,Dunmore AFB,air refueling,2025-05-06,58.1,43971,33,8.1,0.0,14.6,3.1,0,0,1,False
M01076,T-0208,C-17A,Halstead AFB,channel,2025-05-06,26.8,18481,123,5.9,102.0,19.0,12.9,0,0,1,False
M01077,T-1593,C-17A,Carver Field,channel,2025-05-06,18.3,12995,36,24.9,,20.2,11.6,0,1,0,False
M01078,T-1964,C-5M,Dunmore AFB,aeromedical,2025-05-06,44.9,34382,48,11.0,78.9,27.0,5.5,0,1,1,False
M01079,T-0821,KC-46A,Halstead AFB,training,2025-05-06,5.7,500,47,4.2,9.1,12.0,4.2,0,0,3,False
M01080,T-1713,KC-135R,Carver Field,training,2025-05-06,66.1,44856,67,8.2,3.9,31.8,3.0,0,1,3,False
M01081,T-0790,KC-46A,Halstead AFB,air refueling,2025-05-06,7.8,7001,120,9.1,0.0,5.8,5.3,0,0,0,False
M01082,T-2433,KC-135R,Dunmore AFB,air refueling,2025-05-06,59.2,35488,25,20.0,0.0,14.9,5.7,0,0,0,False
M01083,T-2552,KC-135R,Dunmore AFB,training,2025-05-06,65.1,65331,57,15.0,6.2,11.7,3.5,1,0,2,False
M01084,T-1462,C-17A,Carver Field,SAAM,2025-05-06,21.2,21621,59,4.1,74.7,27.1,8.8,0,0,0,False
M01085,T-0870,KC-46A,Halstead AFB,training,2025-05-07,2.6,676,85,10.4,4.4,15.8,3.0,0,1,0,False
M01086,T-2089,C-5M,Dunmore AFB,SAAM,2025-05-07,42.3,34339,139,11.8,111.9,23.7,11.3,1,0,3,False
M01087,T-1020,KC-46A,Halstead AFB,training,2025-05-07,3.4,500,98,5.5,5.3,13.5,3.3,0,0,0,False
M01088,T-2382,KC-135R,Dunmore AFB,air refueling,2025-05-07,67.4,65865,42,7.9,0.0,19.2,4.1,0,0,2,False
M01089,T-0599,C-17A,Halstead AFB,training,2025-05-07,25.4,24118,21,6.6,12.2,9.6,3.7,0,0,1,False
M01090,T-0730,KC-46A,Halstead AFB,channel,2025-05-07,4.0,500,91,10.1,12.3,12.1,6.7,0,0,2,False
M01091,T-2474,KC-135R,Dunmore AFB,air refueling,2025-05-07,67.8,48502,38,7.0,0.0,11.0,3.1,0,0,1,False
M01092,T-1373,C-17A,Carver Field,SAAM,2025-05-07,32.3,29232,35,23.3,64.5,26.6,11.6,0,2,1,False
M01093,T-0370,C-17A,Halstead AFB,training,2025-05-07,15.2,15916,67,39.4,37.7,6.3,3.6,0,0,1,False
M01094,T-0914,KC-46A,Halstead AFB,air refueling,2025-05-07,5.4,4439,6,18.2,0.0,5.8,5.4,0,0,1,False
M01095,T-0208,C-17A,Halstead AFB,training,2025-05-07,26.8,18481,60,9.3,21.3,20.6,4.0,0,0,1,False
M01096,T-0208,C-17A,Halstead AFB,SAAM,2025-05-07,26.8,18481,65,5.4,67.1,19.9,7.4,0,0,1,False
M01097,T-1281,C-17A,Carver Field,training,2025-05-07,26.9,19964,41,66.2,17.6,20.9,2.4,0,0,0,False
M01098,T-1020,KC-46A,Halstead AFB,air refueling,2025-05-08,3.4,500,31,12.0,0.0,12.1,5.1,0,0,0,False
M01099,T-1537,C-17A,Carver Field,channel,2025-05-08,16.8,13250,64,13.2,,33.4,10.1,1,0,0,False
M01100,T-0493,C-17A,Halstead AFB,channel,2025-05-08,25.1,23647,81,23.5,62.4,12.1,9.9,0,0,4,False
M01101,T-2376,KC-135R,Dunmore AFB,channel,2025-05-08,66.8,51278,25,12.3,31.8,17.4,6.1,0,2,2,False
M01102,T-0217,C-17A,Halstead AFB,channel,2025-05-08,31.6,23219,200,38.3,,19.2,13.8,0,0,1,False
M01103,T-0255,C-17A,Halstead AFB,channel,2025-05-08,28.5,22538,92,34.0,120.6,7.2,10.9,0,2,0,False
M01104,T-1887,KC-135R,Carver Field,air refueling,2025-05-08,67.0,50748,83,12.2,0.0,22.5,3.3,1,0,1,False
M01105,T-1311,C-17A,Carver Field,SAAM,2025-05-08,20.7,20906,60,5.4,56.8,23.8,8.8,0,0,1,False
M01106,T-0780,KC-46A,Halstead AFB,air refueling,2025-05-09,5.4,500,72,6.9,,6.4,5.1,0,0,0,False
M01107,T-2052,C-5M,Dunmore AFB,channel,2025-05-09,46.4,27070,101,40.1,110.2,13.3,13.6,0,0,0,False
M01108,T-2049,C-5M,Dunmore AFB,SAAM,2025-05-09,39.1,24961,136,49.6,266.0,25.6,11.2,0,0,0,False
M01109,T-2397,KC-135R,Dunmore AFB,air refueling,2025-05-09,62.1,47128,50,9.2,0.0,19.8,5.7,0,1,2,False
M01110,T-0493,C-17A,Halstead AFB,channel,2025-05-09,25.1,23647,40,16.1,33.8,6.4,9.0,0,0,4,False
M01111,T-1194,C-17A,Carver Field,aeromedical,2025-05-09,17.3,16603,87,23.0,29.2,18.8,5.0,0,1,3,False
M01112,T-1593,C-17A,Carver Field,channel,2025-05-09,18.3,12995,24,5.5,31.7,16.0,10.7,0,1,0,False
M01113,T-2587,KC-135R,Dunmore AFB,air refueling,2025-05-09,61.2,41342,51,16.0,0.0,16.1,5.3,0,0,0,False
M01114,T-2545,KC-135R,Dunmore AFB,aeromedical,2025-05-09,59.3,46236,43,9.7,14.7,10.7,9.1,1,0,0,False
M01115,T-1395,C-17A,Carver Field,channel,2025-05-09,31.0,34623,40,9.0,,15.5,9.9,0,0,2,False
M01116,T-1593,C-17A,Carver Field,SAAM,2025-05-10,18.3,12995,51,43.2,87.0,26.9,9.6,1,1,0,False
M01117,T-1700,KC-135R,Carver Field,air refueling,2025-05-10,58.7,53822,118,26.6,0.0,29.3,3.4,0,0,0,False
M01118,T-0217,C-17A,Halstead AFB,aeromedical,2025-05-10,31.6,23219,61,40.5,14.8,7.9,7.3,0,0,1,False
M01119,T-1920,C-5M,Dunmore AFB,SAAM,2025-05-10,40.4,32103,21,17.1,209.7,8.3,9.8,0,0,0,False
M01120,T-1658,KC-135R,Carver Field,channel,2025-05-10,60.1,63704,74,9.8,45.7,24.5,13.0,1,2,1,False
M01121,T-1395,C-17A,Carver Field,channel,2025-05-10,31.0,34623,47,26.3,111.0,25.6,13.7,0,0,2,False
M01122,T-1677,KC-135R,Carver Field,training,2025-05-10,67.6,55886,95,12.1,6.9,24.5,2.2,0,0,1,False
M01123,T-1462,C-17A,Carver Field,SAAM,2025-05-10,21.2,21621,56,8.5,66.3,28.7,6.7,0,0,0,False
M01124,T-1823,KC-135R,Carver Field,air refueling,2025-05-11,63.0,50201,58,2.0,0.0,29.2,3.3,1,0,0,False
M01125,T-1658,KC-135R,Carver Field,training,2025-05-11,60.1,63704,73,5.5,7.8,32.1,4.3,1,2,1,False
M01126,T-2001,C-5M,Dunmore AFB,SAAM,2025-05-11,43.4,38613,125,17.7,111.9,22.1,9.9,0,1,0,False
M01127,T-1113,KC-46A,Halstead AFB,channel,2025-05-11,2.4,500,68,17.5,38.5,8.8,12.5,0,0,3,False
M01128,T-0664,C-17A,Halstead AFB,channel,2025-05-11,23.9,23720,134,10.3,59.7,10.3,12.5,0,1,1,False
M01129,T-1557,C-17A,Carver Field,channel,2025-05-11,19.3,18333,61,20.2,93.3,17.4,12.7,0,0,4,False
M01130,T-2524,KC-135R,Dunmore AFB,channel,2025-05-11,67.1,57056,143,10.7,34.8,18.1,7.6,0,0,0,False
M01131,T-1859,KC-135R,Carver Field,channel,2025-05-11,65.4,50943,26,5.3,32.6,28.1,10.0,0,0,3,False
M01132,T-0870,KC-46A,Halstead AFB,aeromedical,2025-05-11,2.6,676,60,17.7,6.9,8.2,9.3,0,1,0,False
M01133,T-1700,KC-135R,Carver Field,air refueling,2025-05-11,58.7,53822,66,13.2,0.0,25.0,3.7,0,0,0,False
M01134,T-0752,KC-46A,Halstead AFB,air refueling,2025-05-11,7.9,500,61,12.6,0.0,16.9,5.3,0,0,2,False
M01135,T-0463,C-17A,Halstead AFB,aeromedical,2025-05-11,30.7,19476,82,13.5,30.5,9.2,5.4,1,0,1,False
M01136,T-1767,KC-135R,Carver Field,channel,2025-05-12,64.3,61672,18,21.3,25.0,35.3,13.4,1,0,0,False
M01137,T-1713,KC-135R,Carver Field,air refueling,2025-05-12,66.1,44856,161,3.8,0.0,26.6,4.3,0,1,3,False
M01138,T-0780,KC-46A,Halstead AFB,training,2025-05-12,5.4,500,45,21.9,8.3,10.9,3.7,0,0,0,False
M01139,T-2545,KC-135R,Dunmore AFB,air refueling,2025-05-12,59.3,46236,43,37.3,0.0,14.4,4.1,0,0,0,False
M01140,T-0370,C-17A,Halstead AFB,SAAM,2025-05-12,15.2,15916,67,21.5,64.3,10.2,11.7,0,0,1,False
M01141,T-2023,C-5M,Dunmore AFB,channel,2025-05-12,46.5,35310,19,39.2,150.3,21.3,9.3,0,0,0,False
M01142,T-1171,C-17A,Carver Field,channel,2025-05-12,26.8,29878,26,71.3,64.2,25.4,13.2,0,0,2,False
M01143,T-1593,C-17A,Carver Field,aeromedical,2025-05-12,18.3,12995,75,26.6,,17.1,8.3,0,1,0,False
M01144,T-1221,C-17A,Carver Field,channel,2025-05-13,15.6,19726,20,14.0,33.6,26.6,7.3,0,0,3,False
M01145,T-2161,C-5M,Dunmore AFB,channel,2025-05-13,44.9,44409,171,19.0,182.3,11.1,7.3,0,0,1,False
M01146,T-2260,KC-135R,Dunmore AFB,aeromedical,2025-05-13,61.5,50733,118,7.7,13.5,17.6,5.1,0,0,2,False
M01147,T-1088,KC-46A,Halstead AFB,air refueling,2025-05-13,4.4,5067,82,6.1,0.0,13.4,4.9,0,1,2,False
M01148,T-0668,KC-46A,Halstead AFB,air refueling,2025-05-14,5.5,998,37,19.7,0.0,13.2,4.7,0,0,0,False
M01149,T-1869,KC-135R,Carver Field,channel,2025-05-14,65.7,38892,38,3.0,46.4,27.4,12.5,0,0,2,False
M01150,T-0951,KC-46A,Halstead AFB,air refueling,2025-05-14,6.7,3673,100,20.3,0.0,10.5,4.5,0,0,1,False
M01151,T-1964,C-5M,Dunmore AFB,channel,2025-05-14,44.9,34382,23,20.3,155.2,19.3,11.7,0,1,1,False
M01152,T-0473,C-17A,Halstead AFB,channel,2025-05-14,25.9,25278,11,3.7,35.5,8.6,10.9,1,0,3,False
M01153,T-0531,C-17A,Halstead AFB,SAAM,2025-05-14,31.2,20204,41,5.1,102.4,4.2,10.5,1,1,3,False
M01154,T-1194,C-17A,Carver Field,training,2025-05-14,17.3,16603,83,10.7,15.9,24.8,3.7,0,1,3,False
M01155,T-0870,KC-46A,Halstead AFB,air refueling,2025-05-14,2.6,676,79,11.0,0.0,2.4,5.0,0,1,0,False
M01156,T-1340,C-17A,Carver Field,SAAM,2025-05-15,23.5,12865,12,21.1,17.2,26.0,6.3,1,0,0,False
M01157,T-0951,KC-46A,Halstead AFB,training,2025-05-15,6.7,3673,73,12.3,4.0,17.1,3.9,0,0,1,False
M01158,T-1340,C-17A,Carver Field,training,2025-05-15,23.5,12865,18,5.4,10.9,23.6,3.6,0,0,0,False
M01159,T-1920,C-5M,Dunmore AFB,aeromedical,2025-05-15,40.4,32103,191,19.1,22.2,25.6,9.8,0,0,0,False
M01160,T-2545,KC-135R,Dunmore AFB,air refueling,2025-05-15,59.3,46236,63,15.2,0.0,22.9,5.0,0,0,0,False
M01161,T-0664,C-17A,Halstead AFB,channel,2025-05-15,23.9,23720,22,13.2,65.1,8.7,8.8,0,1,1,False
M01162,T-2376,KC-135R,Dunmore AFB,air refueling,2025-05-15,66.8,51278,92,5.3,,19.9,4.0,1,2,2,False
M01163,T-0668,KC-46A,Halstead AFB,air refueling,2025-05-16,5.5,998,124,29.6,0.0,12.9,5.0,0,0,0,False
M01164,T-1373,C-17A,Carver Field,SAAM,2025-05-16,32.3,29232,69,17.9,,23.9,11.8,1,2,1,False
M01165,T-2145,C-5M,Dunmore AFB,channel,2025-05-17,44.7,32151,47,27.7,126.5,21.1,13.0,0,0,2,False
M01166,T-1677,KC-135R,Carver Field,air refueling,2025-05-17,67.6,55886,33,2.4,0.0,28.5,4.8,1,0,1,False
M01167,T-1504,C-17A,Carver Field,training,2025-05-17,21.4,28553,18,11.2,13.8,23.0,3.7,0,0,0,False
M01168,T-2052,C-5M,Dunmore AFB,channel,2025-05-17,46.4,27070,62,17.4,266.0,15.4,6.4,0,0,0,False
M01169,T-2334,KC-135R,Dunmore AFB,air refueling,2025-05-17,65.9,51911,31,4.4,0.0,23.4,3.6,0,0,1,False
M01170,T-0409,C-17A,Halstead AFB,aeromedical,2025-05-17,18.5,23325,63,9.1,42.4,13.8,4.2,0,1,1,False
M01171,T-1113,KC-46A,Halstead AFB,training,2025-05-17,2.4,500,58,10.4,3.0,10.5,2.1,0,0,3,False
M01172,T-1847,KC-135R,Carver Field,air refueling,2025-05-17,60.9,53602,137,28.8,0.0,24.9,3.3,1,0,3,False
M01173,T-1258,C-17A,Carver Field,channel,2025-05-17,19.2,15181,52,28.4,73.0,23.8,7.2,0,0,0,False
M01174,T-2442,KC-135R,Dunmore AFB,air refueling,2025-05-18,66.9,50383,23,17.5,0.0,21.6,5.7,0,1,2,False
M01175,T-0939,KC-46A,Halstead AFB,training,2025-05-18,7.5,8245,64,8.3,2.8,13.8,3.9,0,0,0,False
M01176,T-0870,KC-46A,Halstead AFB,air refueling,2025-05-18,2.6,676,38,10.3,0.0,12.8,5.5,0,1,0,False
M01177,T-1373,C-17A,Carver Field,SAAM,2025-05-18,32.3,29232,37,12.6,45.2,30.9,11.9,0,2,1,False
M01178,T-2382,KC-135R,Dunmore AFB,air refueling,2025-05-18,67.4,65865,88,7.6,0.0,19.7,4.7,0,0,2,False
M01179,T-1964,C-5M,Dunmore AFB,channel,2025-05-18,44.9,34382,29,36.5,36.1,23.2,9.4,0,1,1,False
M01180,T-1504,C-17A,Carver Field,training,2025-05-18,21.4,28553,56,7.3,26.1,31.2,2.9,1,0,0,False
M01181,T-1713,KC-135R,Carver Field,air refueling,2025-05-18,66.1,44856,28,17.8,0.0,25.7,4.2,0,1,3,False
M01182,T-0668,KC-46A,Halstead AFB,air refueling,2025-05-19,5.5,998,32,18.8,0.0,19.6,4.0,1,0,0,False
M01183,T-1658,KC-135R,Carver Field,training,2025-05-19,60.1,63704,73,18.4,5.8,22.7,3.2,0,2,1,False
M01184,T-0914,KC-46A,Halstead AFB,air refueling,2025-05-19,5.4,4439,75,12.0,0.0,15.0,4.2,0,0,1,False
M01185,T-2089,C-5M,Dunmore AFB,channel,2025-05-19,42.3,34339,61,38.0,115.0,18.3,9.6,0,0,3,False
M01186,T-2089,C-5M,Dunmore AFB,channel,2025-05-19,42.3,34339,119,28.6,98.5,16.0,13.0,1,0,3,False
M01187,T-1733,KC-135R,Carver Field,air refueling,2025-05-19,67.8,47860,38,16.5,,18.5,5.2,0,0,3,False
M01188,T-1510,C-17A,Carver Field,training,2025-05-19,18.9,500,33,25.0,4.7,24.2,2.3,0,0,0,False
M01189,T-1258,C-17A,Carver Field,training,2025-05-20,19.2,15181,11,13.8,29.1,22.6,4.4,0,0,0,False
M01190,T-1713,KC-135R,Carver Field,training,2025-05-20,66.1,44856,25,4.5,7.1,30.5,4.9,1,1,3,False
M01191,T-2052,C-5M,Dunmore AFB,channel,2025-05-20,46.4,27070,22,37.9,83.0,16.4,7.2,0,0,0,False
M01192,T-1395,C-17A,Carver Field,training,2025-05-20,31.0,34623,44,16.2,,17.3,2.5,1,0,2,False
M01193,T-1619,KC-135R,Carver Field,air refueling,2025-05-20,65.8,33590,68,11.5,0.0,32.0,3.4,0,0,1,False
M01194,T-0730,KC-46A,Halstead AFB,air refueling,2025-05-20,4.0,500,58,10.7,0.0,9.8,4.6,1,0,2,False
M01195,T-0314,C-17A,Halstead AFB,channel,2025-05-20,20.0,5381,16,12.0,37.5,15.4,9.0,0,0,3,False
M01196,T-0314,C-17A,Halstead AFB,channel,2025-05-20,20.0,5381,97,27.4,37.4,12.6,9.7,1,0,3,False
M01197,T-0914,KC-46A,Halstead AFB,training,2025-05-21,5.4,4439,138,12.4,,6.7,4.1,1,0,1,False
M01198,T-0988,KC-46A,Halstead AFB,air refueling,2025-05-21,6.0,9210,132,6.4,0.0,23.7,3.7,0,0,4,False
M01199,T-0988,KC-46A,Halstead AFB,air refueling,2025-05-21,6.0,9210,65,24.1,0.0,7.1,3.0,0,0,4,False
M01200,T-0639,C-17A,Halstead AFB,aeromedical,2025-05-21,21.7,10925,101,31.9,25.6,12.4,9.3,0,0,2,False
M01201,T-2225,C-5M,Dunmore AFB,channel,2025-05-21,53.3,54876,60,7.5,266.0,14.2,12.7,0,0,0,False
M01202,T-0668,KC-46A,Halstead AFB,training,2025-05-21,5.5,998,23,15.3,6.2,15.8,2.4,0,0,0,False
M01203,T-1581,C-17A,Carver Field,aeromedical,2025-05-21,17.3,14313,104,10.7,11.9,31.0,8.2,0,0,1,False
M01204,T-1700,KC-135R,Carver Field,air refueling,2025-05-21,58.7,53822,56,5.1,0.0,24.0,3.7,1,0,0,False
M01205,T-1425,C-17A,Carver Field,aeromedical,2025-05-21,26.7,12605,64,23.7,12.7,24.2,9.4,0,2,4,False
M01206,T-1722,KC-135R,Carver Field,air refueling,2025-05-21,65.2,42857,137,1.0,0.0,23.6,5.0,0,0,1,False
M01207,T-0730,KC-46A,Halstead AFB,air refueling,2025-05-21,4.0,500,53,15.0,0.0,20.3,5.1,0,0,2,False
M01208,T-1281,C-17A,Carver Field,channel,2025-05-22,26.9,19964,35,15.8,89.8,20.5,14.0,0,0,0,False
M01209,T-1859,KC-135R,Carver Field,air refueling,2025-05-22,65.4,50943,84,18.0,,28.5,3.8,1,0,3,False
M01210,T-1137,C-17A,Carver Field,SAAM,2025-05-22,26.3,26363,23,14.1,43.7,15.9,5.2,0,0,1,False
M01211,T-1920,C-5M,Dunmore AFB,SAAM,2025-05-22,40.4,32103,18,25.7,,29.9,10.2,1,0,0,False
M01212,T-1581,C-17A,Carver Field,channel,2025-05-22,17.3,14313,35,36.4,161.5,24.6,9.9,0,0,1,False
M01213,T-0134,C-17A,Halstead AFB,SAAM,2025-05-22,26.5,6615,74,10.0,,21.4,9.8,1,0,3,False
M01214,T-0951,KC-46A,Halstead AFB,air refueling,2025-05-22,6.7,3673,79,4.7,0.0,24.5,6.0,0,0,1,False
M01215,T-0620,C-17A,Halstead AFB,channel,2025-05-22,28.2,15411,65,13.7,28.7,22.7,9.8,0,0,2,False
M01216,T-1611,C-17A,Carver Field,SAAM,2025-05-23,25.0,24677,39,5.0,46.2,34.7,6.5,0,0,0,False
M01217,T-0939,KC-46A,Halstead AFB,air refueling,2025-05-23,7.5,8245,85,22.4,0.0,13.9,3.8,0,0,0,False
M01218,T-0664,C-17A,Halstead AFB,channel,2025-05-23,23.9,23720,21,13.8,140.0,21.8,7.4,0,1,1,False
M01219,T-0730,KC-46A,Halstead AFB,air refueling,2025-05-23,4.0,500,42,21.5,0.0,20.1,3.4,0,0,2,False
M01220,T-1920,C-5M,Dunmore AFB,training,2025-05-23,40.4,32103,49,31.9,35.7,17.4,4.6,1,0,0,False
M01221,T-1281,C-17A,Carver Field,training,2025-05-23,26.9,19964,42,6.0,21.9,27.1,2.5,0,0,0,False
M01222,T-1258,C-17A,Carver Field,training,2025-05-23,19.2,15181,14,9.4,16.4,25.0,4.7,0,0,0,False
M01223,T-2049,C-5M,Dunmore AFB,channel,2025-05-23,39.1,24961,50,8.6,36.4,22.9,9.1,1,0,0,False
M01224,T-1658,KC-135R,Carver Field,air refueling,2025-05-24,60.1,63704,86,3.7,,22.7,3.4,1,2,1,False
M01225,T-1920,C-5M,Dunmore AFB,channel,2025-05-24,40.4,32103,34,31.2,54.1,22.2,6.5,0,0,0,False
M01226,T-1733,KC-135R,Carver Field,air refueling,2025-05-24,67.8,47860,22,6.4,0.0,33.1,4.2,1,0,3,False
M01227,T-0827,KC-46A,Halstead AFB,channel,2025-05-24,2.1,9446,80,15.5,,13.3,9.4,1,0,3,False
M01228,T-0939,KC-46A,Halstead AFB,aeromedical,2025-05-24,7.5,8245,78,7.2,9.2,12.4,4.9,0,0,0,False
M01229,T-0914,KC-46A,Halstead AFB,air refueling,2025-05-24,5.4,4439,17,5.5,0.0,7.3,3.3,0,0,1,False
M01230,T-1964,C-5M,Dunmore AFB,channel,2025-05-24,44.9,34382,114,9.3,182.9,23.7,13.7,0,1,1,False
M01231,T-0143,C-17A,Halstead AFB,channel,2025-05-24,21.7,20720,57,10.2,85.7,19.2,10.3,0,0,3,False
M01232,T-1713,KC-135R,Carver Field,channel,2025-05-24,66.1,44856,124,5.0,41.4,29.6,9.4,1,1,3,False
M01233,T-2186,C-5M,Dunmore AFB,channel,2025-05-24,38.2,34011,26,13.1,,17.0,9.7,1,0,0,False
M01234,T-0914,KC-46A,Halstead AFB,air refueling,2025-05-24,5.4,4439,107,25.7,0.0,13.0,4.9,0,0,1,False
M01235,T-0951,KC-46A,Halstead AFB,aeromedical,2025-05-24,6.7,3673,43,3.7,6.8,14.0,8.4,0,0,1,False
M01236,T-2164,C-5M,Dunmore AFB,channel,2025-05-25,37.4,42570,23,16.2,97.4,28.9,6.1,0,0,0,False
M01237,T-2397,KC-135R,Dunmore AFB,air refueling,2025-05-25,62.1,47128,30,31.4,0.0,16.6,4.6,1,1,2,False
M01238,T-1137,C-17A,Carver Field,aeromedical,2025-05-25,26.3,26363,32,16.6,40.0,30.7,6.0,0,0,1,False
M01239,T-2545,KC-135R,Dunmore AFB,air refueling,2025-05-25,59.3,46236,58,11.7,0.0,19.1,4.3,0,0,0,False
M01240,T-2504,KC-135R,Dunmore AFB,air refueling,2025-05-25,65.7,48344,61,21.8,0.0,15.3,3.6,0,1,1,False
M01241,T-0217,C-17A,Halstead AFB,channel,2025-05-25,31.6,23219,63,12.2,76.8,17.3,13.2,0,0,1,False
M01242,T-1340,C-17A,Carver Field,SAAM,2025-05-26,23.5,12865,46,24.8,84.2,28.8,5.1,0,0,0,False
M01243,T-1658,KC-135R,Carver Field,training,2025-05-26,60.1,63704,31,4.9,6.3,30.6,4.6,1,2,1,False
M01244,T-1658,KC-135R,Carver Field,air refueling,2025-05-26,60.1,63704,90,18.2,0.0,24.8,3.3,1,2,1,False
M01245,T-0409,C-17A,Halstead AFB,aeromedical,2025-05-26,18.5,23325,46,23.5,23.6,26.0,9.9,1,1,1,False
M01246,T-0780,KC-46A,Halstead AFB,air refueling,2025-05-26,5.4,500,15,31.4,0.0,12.3,4.5,0,0,0,False
M01247,T-0577,C-17A,Halstead AFB,channel,2025-05-26,27.6,14931,66,10.7,46.0,13.8,11.6,1,0,1,False
M01248,T-1713,KC-135R,Carver Field,aeromedical,2025-05-26,66.1,44856,45,23.9,10.6,22.7,8.4,1,1,3,False
M01249,T-2114,C-5M,Dunmore AFB,aeromedical,2025-05-26,53.9,35390,34,78.3,32.5,18.2,6.4,0,0,3,False
M01250,T-2386,KC-135R,Dunmore AFB,air refueling,2025-05-26,62.3,36598,12,3.4,0.0,28.2,3.3,1,0,1,False
M01251,T-0870,KC-46A,Halstead AFB,air refueling,2025-05-26,2.6,676,7,9.1,0.0,17.2,5.8,0,1,0,False
M01252,T-0891,KC-46A,Halstead AFB,air refueling,2025-05-27,5.6,500,59,24.9,0.0,13.3,3.6,0,0,1,False
M01253,T-2260,KC-135R,Dunmore AFB,air refueling,2025-05-27,61.5,50733,55,45.1,,26.3,5.5,0,0,2,False
M01254,T-0695,KC-46A,Halstead AFB,training,2025-05-27,2.0,500,33,58.1,8.2,10.3,2.4,0,0,1,False
M01255,T-2161,C-5M,Dunmore AFB,training,2025-05-27,44.9,44409,62,8.2,16.2,21.7,2.7,1,0,1,False
M01256,T-0865,KC-46A,Halstead AFB,air refueling,2025-05-27,3.7,1696,27,44.1,0.0,4.5,6.0,0,0,0,False
M01257,T-1897,KC-135R,Carver Field,air refueling,2025-05-27,60.1,41165,73,10.9,0.0,27.4,4.6,0,0,2,False
M01258,T-0493,C-17A,Halstead AFB,training,2025-05-28,25.1,23647,23,12.9,18.1,28.8,4.5,0,0,4,False
M01259,T-0939,KC-46A,Halstead AFB,air refueling,2025-05-28,7.5,8245,30,9.7,0.0,13.7,5.4,0,0,0,False
M01260,T-1496,C-17A,Carver Field,channel,2025-05-28,25.9,16243,106,7.2,41.4,26.5,8.6,0,0,0,False
M01261,T-2161,C-5M,Dunmore AFB,channel,2025-05-28,44.9,44409,71,13.2,154.9,12.5,11.1,1,0,1,False
M01262,T-0255,C-17A,Halstead AFB,channel,2025-05-28,28.5,22538,49,16.6,,17.5,6.2,1,2,0,False
M01263,T-1733,KC-135R,Carver Field,air refueling,2025-05-28,67.8,47860,37,5.4,0.0,33.0,5.7,0,0,3,False
M01264,T-0695,KC-46A,Halstead AFB,air refueling,2025-05-28,2.0,500,24,55.3,0.0,17.5,4.5,0,0,1,False
M01265,T-1908,C-5M,Dunmore AFB,channel,2025-05-28,43.3,32747,71,82.1,78.4,22.5,7.0,1,1,2,False
M01266,T-0217,C-17A,Halstead AFB,SAAM,2025-05-28,31.6,23219,24,3.6,81.2,14.3,8.5,0,0,1,False
M01267,T-1462,C-17A,Carver Field,aeromedical,2025-05-29,21.2,21621,12,33.3,27.9,25.3,8.2,0,0,0,False
M01268,T-1395,C-17A,Carver Field,SAAM,2025-05-29,31.0,34623,93,20.3,56.2,23.2,12.0,0,0,2,False
M01269,T-1619,KC-135R,Carver Field,training,2025-05-29,65.8,33590,96,11.3,12.5,36.4,3.8,0,0,1,False
M01270,T-1869,KC-135R,Carver Field,training,2025-05-29,65.7,38892,53,6.6,7.0,22.0,4.7,0,0,2,False
M01271,T-1581,C-17A,Carver Field,aeromedical,2025-05-29,17.3,14313,52,25.7,22.2,33.0,9.0,0,0,1,False
M01272,T-1258,C-17A,Carver Field,training,2025-05-29,19.2,15181,41,26.3,28.7,21.9,5.0,0,0,0,False
M01273,T-2089,C-5M,Dunmore AFB,training,2025-05-29,42.3,34339,52,26.1,13.3,19.9,4.7,1,0,3,False
M01274,T-2397,KC-135R,Dunmore AFB,aeromedical,2025-05-29,62.1,47128,66,16.8,8.3,18.2,7.4,0,1,2,False
M01275,T-1327,C-17A,Carver Field,channel,2025-05-29,17.1,16066,53,87.9,131.5,22.8,10.5,0,3,0,False
M01276,T-1654,KC-135R,Carver Field,air refueling,2025-05-29,59.2,50982,22,7.2,0.0,24.0,3.1,0,0,2,False
M01277,T-0790,KC-46A,Halstead AFB,air refueling,2025-05-29,7.8,7001,42,12.7,0.0,17.4,4.1,0,0,0,False
M01278,T-1847,KC-135R,Carver Field,air refueling,2025-05-29,60.9,53602,16,7.1,0.0,33.8,3.5,0,0,3,False
M01279,T-0176,C-17A,Halstead AFB,channel,2025-05-29,31.3,25596,31,12.7,68.6,16.9,7.9,1,0,0,False
M01280,T-2145,C-5M,Dunmore AFB,channel,2025-05-30,44.7,32151,187,8.4,,20.9,13.7,1,0,2,False
M01281,T-1677,KC-135R,Carver Field,air refueling,2025-05-30,67.6,55886,72,7.9,0.0,24.1,5.5,0,0,1,False
M01282,T-2524,KC-135R,Dunmore AFB,air refueling,2025-05-30,67.1,57056,41,6.4,0.0,20.0,3.7,0,0,0,False
M01283,T-1713,KC-135R,Carver Field,air refueling,2025-05-30,66.1,44856,47,14.3,0.0,24.1,3.7,0,1,3,False
M01284,T-1373,C-17A,Carver Field,channel,2025-05-30,32.3,29232,38,17.6,51.8,22.5,7.3,0,2,1,False
M01285,T-0827,KC-46A,Halstead AFB,training,2025-05-30,2.1,9446,77,11.0,4.2,16.8,3.3,0,0,3,False
M01286,T-0821,KC-46A,Halstead AFB,air refueling,2025-05-30,5.7,500,79,14.0,0.0,17.8,5.4,0,0,3,False
M01287,T-0463,C-17A,Halstead AFB,training,2025-05-30,30.7,19476,91,21.1,21.4,12.1,2.0,0,0,1,False
M01288,T-0493,C-17A,Halstead AFB,SAAM,2025-05-30,25.1,23647,14,10.0,109.7,20.6,8.2,0,0,4,False
M01289,T-0370,C-17A,Halstead AFB,aeromedical,2025-05-31,15.2,15916,99,39.1,5.6,21.6,7.0,0,0,1,False
M01290,T-2397,KC-135R,Dunmore AFB,training,2025-05-31,62.1,47128,101,6.9,7.8,22.8,2.7,1,1,2,False
M01291,T-2052,C-5M,Dunmore AFB,channel,2025-05-31,46.4,27070,31,15.3,58.2,25.5,12.4,1,0,0,False
M01292,T-1425,C-17A,Carver Field,training,2025-05-31,26.7,12605,106,7.1,10.4,25.2,2.9,0,2,4,False
M01293,T-1340,C-17A,Carver Field,channel,2025-05-31,23.5,12865,66,9.8,49.5,27.1,7.1,0,0,0,False
M01294,T-2540,KC-135R,Dunmore AFB,training,2025-05-31,65.5,57086,88,4.2,8.4,17.5,2.4,1,1,1,False
M01295,T-0577,C-17A,Halstead AFB,channel,2025-05-31,27.6,14931,20,23.2,116.7,6.5,13.6,0,0,1,False
M01296,T-0531,C-17A,Halstead AFB,channel,2025-05-31,31.2,20204,33,43.1,78.8,11.7,11.6,0,1,3,False
M01297,T-0639,C-17A,Halstead AFB,SAAM,2025-05-31,21.7,10925,38,25.1,37.1,17.0,7.1,0,0,2,False
M01298,T-0764,KC-46A,Halstead AFB,channel,2025-05-31,6.4,500,113,82.3,42.9,17.7,9.4,0,0,1,False
M01299,T-0951,KC-46A,Halstead AFB,training,2025-05-31,6.7,3673,53,9.5,5.9,16.9,4.3,0,0,1,False
M01300,T-1194,C-17A,Carver Field,channel,2025-05-31,17.3,16603,76,3.5,134.6,30.9,8.3,0,1,3,False
M01301,T-1964,C-5M,Dunmore AFB,SAAM,2025-05-31,44.9,34382,22,16.6,168.3,22.3,11.8,0,1,1,False
M01302,T-1733,KC-135R,Carver Field,air refueling,2025-05-31,67.8,47860,41,6.7,0.0,31.7,5.6,0,0,3,False
M01303,T-1258,C-17A,Carver Field,aeromedical,2025-05-31,19.2,15181,47,22.9,13.0,25.5,9.7,0,0,0,False
M01304,T-2295,KC-135R,Dunmore AFB,air refueling,2025-05-31,63.1,37980,30,25.2,0.0,23.8,5.2,0,1,1,False
M01305,T-1504,C-17A,Carver Field,SAAM,2025-05-31,21.4,28553,45,7.1,98.5,31.0,8.5,0,0,0,False
M01306,T-2049,C-5M,Dunmore AFB,channel,2025-05-31,39.1,24961,34,11.2,53.7,24.6,9.2,0,0,0,False
M01307,T-0780,KC-46A,Halstead AFB,air refueling,2025-05-31,5.4,500,14,17.4,0.0,11.6,4.9,0,0,0,False
M01308,T-2474,KC-135R,Dunmore AFB,air refueling,2025-05-31,67.8,48502,18,14.8,0.0,17.3,3.5,0,0,1,False
M01309,T-0425,C-17A,Halstead AFB,aeromedical,2025-06-01,22.8,18352,48,6.4,,17.2,6.0,0,0,0,False
M01310,T-2474,KC-135R,Dunmore AFB,training,2025-06-01,67.8,48502,57,13.5,4.6,24.5,3.1,0,0,1,False
M01311,T-1847,KC-135R,Carver Field,training,2025-06-01,60.9,53602,118,9.1,15.6,29.0,3.7,0,0,3,False
M01312,T-2366,KC-135R,Dunmore AFB,air refueling,2025-06-01,63.1,45478,41,4.7,0.0,19.6,4.8,1,0,4,False
M01313,T-2052,C-5M,Dunmore AFB,channel,2025-06-01,46.4,27070,122,5.8,121.9,21.5,13.4,1,0,0,False
M01314,T-1658,KC-135R,Carver Field,air refueling,2025-06-02,60.1,63704,90,34.0,0.0,28.3,5.3,1,2,1,False
M01315,T-0865,KC-46A,Halstead AFB,air refueling,2025-06-02,3.7,1696,34,29.4,0.0,21.6,4.1,0,0,0,False
M01316,T-2587,KC-135R,Dunmore AFB,air refueling,2025-06-02,61.2,41342,185,24.3,0.0,20.2,3.6,1,0,0,False
M01317,T-0668,KC-46A,Halstead AFB,channel,2025-06-02,5.5,998,37,10.8,26.8,15.8,7.3,0,0,0,False
M01318,T-2164,C-5M,Dunmore AFB,training,2025-06-02,37.4,42570,53,30.4,19.0,28.3,4.6,0,0,0,False
M01319,T-1557,C-17A,Carver Field,training,2025-06-02,19.3,18333,109,11.2,15.3,29.1,2.1,0,0,4,False
M01320,T-2334,KC-135R,Dunmore AFB,air refueling,2025-06-02,65.9,51911,82,4.2,0.0,27.3,4.9,1,0,1,False
M01321,T-0473,C-17A,Halstead AFB,channel,2025-06-02,25.9,25278,33,5.0,27.0,25.4,8.6,0,0,3,False
M01322,T-2545,KC-135R,Dunmore AFB,air refueling,2025-06-02,59.3,46236,72,3.0,,25.7,5.4,0,0,0,False
M01323,T-2524,KC-135R,Dunmore AFB,air refueling,2025-06-02,67.1,57056,17,11.2,0.0,26.8,3.8,0,0,0,False
M01324,T-0764,KC-46A,Halstead AFB,training,2025-06-02,6.4,500,75,36.6,14.3,10.6,2.9,0,0,1,False
M01325,T-2164,C-5M,Dunmore AFB,SAAM,2025-06-02,37.4,42570,70,6.3,93.9,16.0,11.2,1,0,0,False
M01326,T-0764,KC-46A,Halstead AFB,air refueling,2025-06-03,6.4,500,49,23.8,0.0,22.6,4.5,0,0,1,False
M01327,T-1700,KC-135R,Carver Field,air refueling,2025-06-03,58.7,53822,10,8.3,0.0,26.9,5.5,0,0,0,False
M01328,T-2164,C-5M,Dunmore AFB,aeromedical,2025-06-03,37.4,42570,56,6.4,21.4,18.7,8.5,0,0,0,False
M01329,T-1311,C-17A,Carver Field,channel,2025-06-03,20.7,20906,100,15.8,,24.7,8.4,1,0,1,False
M01330,T-0255,C-17A,Halstead AFB,channel,2025-06-03,28.5,22538,21,13.0,86.0,17.3,9.5,0,2,0,False
M01331,T-1510,C-17A,Carver Field,SAAM,2025-06-03,18.9,500,18,33.2,31.0,28.3,8.6,0,0,0,False
M01332,T-0217,C-17A,Halstead AFB,SAAM,2025-06-03,31.6,23219,85,55.1,55.0,23.4,5.1,0,0,1,False
M01333,T-1700,KC-135R,Carver Field,air refueling,2025-06-03,58.7,53822,81,4.1,0.0,22.8,4.9,0,0,0,False
M01334,T-2089,C-5M,Dunmore AFB,channel,2025-06-04,42.3,34339,17,31.0,84.5,24.1,9.6,0,0,3,False
M01335,T-0821,KC-46A,Halstead AFB,air refueling,2025-06-04,5.7,500,14,9.4,0.0,20.0,3.7,0,0,3,False
M01336,T-1113,KC-46A,Halstead AFB,channel,2025-06-04,2.4,500,27,9.5,12.3,15.8,9.8,0,0,3,False
M01337,T-1964,C-5M,Dunmore AFB,aeromedical,2025-06-04,44.9,34382,77,5.3,23.5,13.7,9.1,1,1,1,False
M01338,T-2164,C-5M,Dunmore AFB,channel,2025-06-04,37.4,42570,12,46.0,65.8,25.4,9.2,0,0,0,False
M01339,T-1553,C-17A,Carver Field,channel,2025-06-04,31.5,16953,12,9.9,161.5,22.0,13.4,0,0,2,False
M01340,T-1340,C-17A,Carver Field,training,2025-06-04,23.5,12865,75,9.0,5.0,17.9,2.0,0,0,0,False
M01341,T-1733,KC-135R,Carver Field,training,2025-06-04,67.8,47860,36,3.5,6.9,22.6,4.9,1,0,3,False
M01342,T-2397,KC-135R,Dunmore AFB,air refueling,2025-06-05,62.1,47128,2,14.4,,20.5,3.5,1,1,2,False
M01343,T-1677,KC-135R,Carver Field,training,2025-06-05,67.6,55886,62,3.2,14.5,28.1,2.5,1,0,1,False
M01344,T-1020,KC-46A,Halstead AFB,training,2025-06-05,3.4,500,21,8.8,2.4,23.3,3.1,0,0,0,False
M01345,T-1856,KC-135R,Carver Field,training,2025-06-05,65.7,50112,65,4.8,5.4,23.1,3.4,0,0,0,False
M01346,T-2052,C-5M,Dunmore AFB,channel,2025-06-05,46.4,27070,40,113.9,266.0,21.4,7.0,0,0,0,False
M01347,T-2376,KC-135R,Dunmore AFB,air refueling,2025-06-05,66.8,51278,46,8.7,0.0,14.8,5.9,1,2,2,False
M01348,T-1395,C-17A,Carver Field,SAAM,2025-06-05,31.0,34623,96,35.8,161.5,17.2,9.4,0,0,2,False
M01349,T-2545,KC-135R,Dunmore AFB,air refueling,2025-06-05,59.3,46236,46,8.9,0.0,21.4,4.7,0,0,0,False
M01350,T-2552,KC-135R,Dunmore AFB,air refueling,2025-06-05,65.1,65331,11,4.2,0.0,21.5,5.2,1,0,2,False
M01351,T-1171,C-17A,Carver Field,SAAM,2025-06-06,26.8,29878,55,19.0,58.6,18.4,8.3,1,0,2,False
M01352,T-0939,KC-46A,Halstead AFB,training,2025-06-06,7.5,8245,80,4.1,12.0,21.2,3.0,1,0,0,False
M01353,T-1823,KC-135R,Carver Field,training,2025-06-06,63.0,50201,91,5.3,7.5,16.3,2.9,0,0,0,False
M01354,T-1897,KC-135R,Carver Field,channel,2025-06-06,60.1,41165,158,40.0,19.2,33.8,9.5,1,0,2,False
M01355,T-0764,KC-46A,Halstead AFB,air refueling,2025-06-06,6.4,500,97,11.7,0.0,20.1,4.8,0,0,1,False
M01356,T-1020,KC-46A,Halstead AFB,air refueling,2025-06-06,3.4,500,109,5.1,0.0,12.0,3.1,0,0,0,False
M01357,T-2290,KC-135R,Dunmore AFB,training,2025-06-06,67.8,42978,39,8.9,3.2,15.0,5.0,1,0,1,False
M01358,T-1803,KC-135R,Carver Field,air refueling,2025-06-06,63.8,46399,52,8.4,0.0,36.6,3.4,1,0,0,False
M01359,T-1823,KC-135R,Carver Field,training,2025-06-06,63.0,50201,156,13.1,8.8,39.5,3.6,0,0,0,False
M01360,T-0370,C-17A,Halstead AFB,training,2025-06-06,15.2,15916,112,13.5,10.4,8.7,4.7,1,0,1,False
M01361,T-0870,KC-46A,Halstead AFB,air refueling,2025-06-07,2.6,676,5,26.6,0.0,27.3,4.2,0,1,0,False
M01362,T-1920,C-5M,Dunmore AFB,training,2025-06-07,40.4,32103,128,6.6,21.3,26.4,4.4,1,0,0,False
M01363,T-0577,C-17A,Halstead AFB,training,2025-06-07,27.6,14931,54,33.7,13.6,12.0,2.9,0,0,1,False
M01364,T-1425,C-17A,Carver Field,channel,2025-06-07,26.7,12605,29,26.6,,28.3,11.8,0,2,4,False
M01365,T-1803,KC-135R,Carver Field,air refueling,2025-06-07,63.8,46399,96,22.1,0.0,31.8,4.6,0,0,0,False
M01366,T-1537,C-17A,Carver Field,channel,2025-06-07,16.8,13250,114,25.5,44.2,29.0,8.1,0,0,0,False
M01367,T-0314,C-17A,Halstead AFB,SAAM,2025-06-07,20.0,5381,20,20.1,45.1,32.7,6.5,0,0,3,False
M01368,T-1221,C-17A,Carver Field,channel,2025-06-07,15.6,19726,28,17.9,38.9,29.9,9.8,0,0,3,False
M01369,T-2089,C-5M,Dunmore AFB,channel,2025-06-08,42.3,34339,71,21.5,150.2,20.7,7.8,1,0,3,False
M01370,T-2049,C-5M,Dunmore AFB,channel,2025-06-08,39.1,24961,200,21.0,100.7,15.3,13.3,0,0,0,False
M01371,T-0988,KC-46A,Halstead AFB,air refueling,2025-06-08,6.0,9210,62,5.7,0.0,20.9,5.7,0,0,4,False
M01372,T-2376,KC-135R,Dunmore AFB,air refueling,2025-06-08,66.8,51278,67,7.6,0.0,16.7,3.4,1,2,2,False
M01373,T-1658,KC-135R,Carver Field,air refueling,2025-06-08,60.1,63704,42,19.8,,25.3,5.5,1,2,1,False
M01374,T-0668,KC-46A,Halstead AFB,air refueling,2025-06-08,5.5,998,23,5.4,0.0,23.1,3.4,0,0,0,False
M01375,T-0134,C-17A,Halstead AFB,channel,2025-06-09,26.5,6615,23,10.1,25.1,13.9,12.0,0,0,3,False
M01376,T-1733,KC-135R,Carver Field,air refueling,2025-06-09,67.8,47860,35,7.6,0.0,23.9,3.7,0,0,3,False
M01377,T-1395,C-17A,Carver Field,aeromedical,2025-06-09,31.0,34623,38,7.4,17.4,28.0,9.9,0,0,2,False
M01378,T-1537,C-17A,Carver Field,channel,2025-06-09,16.8,13250,23,17.7,52.7,32.3,6.6,1,0,0,False
M01379,T-1964,C-5M,Dunmore AFB,channel,2025-06-09,44.9,34382,26,6.2,64.0,25.4,8.8,0,1,1,False
M01380,T-1713,KC-135R,Carver Field,air refueling,2025-06-09,66.1,44856,60,6.5,0.0,38.8,3.9,1,1,3,False
M01381,T-2290,KC-135R,Dunmore AFB,training,2025-06-10,67.8,42978,28,6.9,9.3,24.6,3.9,0,0,1,False
M01382,T-0425,C-17A,Halstead AFB,SAAM,2025-06-10,22.8,18352,12,14.2,58.0,22.0,8.7,0,0,0,False
M01383,T-0134,C-17A,Halstead AFB,channel,2025-06-10,26.5,6615,39,12.4,93.5,16.8,8.4,0,0,3,False
M01384,T-2225,C-5M,Dunmore AFB,SAAM,2025-06-10,53.3,54876,89,15.1,266.0,17.0,9.6,1,0,0,False
M01385,T-0668,KC-46A,Halstead AFB,air refueling,2025-06-10,5.5,998,11,9.7,0.0,12.1,3.8,0,0,0,False
M01386,T-2073,C-5M,Dunmore AFB,channel,2025-06-10,40.9,26759,149,18.9,98.5,21.6,7.0,1,0,0,False
M01387,T-2376,KC-135R,Dunmore AFB,training,2025-06-11,66.8,51278,31,7.6,7.4,30.7,4.0,1,2,2,False
M01388,T-1553,C-17A,Carver Field,SAAM,2025-06-11,31.5,16953,38,24.4,49.1,31.9,10.6,0,0,2,False
M01389,T-0134,C-17A,Halstead AFB,channel,2025-06-11,26.5,6615,46,4.9,109.4,27.1,9.4,0,0,3,False
M01390,T-2474,KC-135R,Dunmore AFB,channel,2025-06-11,67.8,48502,59,4.9,44.8,24.0,9.4,1,0,1,False
M01391,T-2394,KC-135R,Dunmore AFB,air refueling,2025-06-11,59.1,31509,20,6.3,0.0,20.0,4.1,0,0,0,False
M01392,T-0370,C-17A,Halstead AFB,channel,2025-06-11,15.2,15916,30,9.4,26.9,24.9,7.9,0,0,1,False
M01393,T-2433,KC-135R,Dunmore AFB,channel,2025-06-11,59.2,35488,62,8.0,76.0,19.7,6.9,0,0,0,False
M01394,T-1869,KC-135R,Carver Field,air refueling,2025-06-11,65.7,38892,83,11.7,0.0,17.0,3.3,0,0,2,False
M01395,T-2366,KC-135R,Dunmore AFB,air refueling,2025-06-11,63.1,45478,69,4.1,0.0,20.8,3.0,1,0,4,False
M01396,T-1504,C-17A,Carver Field,channel,2025-06-11,21.4,28553,37,8.6,122.7,32.3,10.3,0,0,0,False
M01397,T-2001,C-5M,Dunmore AFB,training,2025-06-12,43.4,38613,23,47.0,9.0,27.2,2.7,0,1,0,False
M01398,T-1557,C-17A,Carver Field,channel,2025-06-12,19.3,18333,29,21.3,75.9,22.0,11.8,0,0,4,False
M01399,T-1897,KC-135R,Carver Field,air refueling,2025-06-12,60.1,41165,27,12.5,0.0,32.2,3.4,1,0,2,False
M01400,T-2433,KC-135R,Dunmore AFB,air refueling,2025-06-12,59.2,35488,122,5.7,0.0,27.2,3.8,0,0,0,False
M01401,T-1425,C-17A,Carver Field,SAAM,2025-06-12,26.7,12605,50,39.1,,33.7,7.7,1,2,4,False
M01402,T-0939,KC-46A,Halstead AFB,channel,2025-06-12,7.5,8245,18,14.2,24.3,8.9,9.4,0,0,0,False
M01403,T-1654,KC-135R,Carver Field,air refueling,2025-06-12,59.2,50982,28,6.5,0.0,29.2,5.7,1,0,2,False
M01404,T-1654,KC-135R,Carver Field,air refueling,2025-06-13,59.2,50982,69,4.3,0.0,21.3,4.3,0,0,2,False
M01405,T-1700,KC-135R,Carver Field,air refueling,2025-06-13,58.7,53822,92,16.9,0.0,28.3,3.9,0,0,0,False
M01406,T-1056,KC-46A,Halstead AFB,air refueling,2025-06-13,6.9,5985,62,25.0,0.0,24.0,3.1,0,0,0,False
M01407,T-1194,C-17A,Carver Field,channel,2025-06-13,17.3,16603,73,13.1,79.3,26.6,7.7,1,1,3,False
M01408,T-2572,KC-135R,Dunmore AFB,channel,2025-06-13,58.1,43971,15,8.2,76.0,21.9,10.8,0,0,1,False
M01409,T-1056,KC-46A,Halstead AFB,air refueling,2025-06-13,6.9,5985,49,10.3,0.0,16.8,4.3,0,0,0,False
M01410,T-1221,C-17A,Carver Field,training,2025-06-13,15.6,19726,57,28.1,6.4,36.8,4.6,0,0,3,False
M01411,T-1795,KC-135R,Carver Field,air refueling,2025-06-13,64.6,55962,60,18.9,0.0,36.2,5.7,0,0,0,False
M01412,T-2089,C-5M,Dunmore AFB,SAAM,2025-06-13,42.3,34339,33,11.2,95.9,18.9,11.2,0,0,3,False
M01413,T-2145,C-5M,Dunmore AFB,channel,2025-06-13,44.7,32151,18,11.7,170.0,29.0,13.3,0,0,2,False
M01414,T-1020,KC-46A,Halstead AFB,training,2025-06-14,3.4,500,79,6.4,4.6,12.1,4.7,0,0,0,False
M01415,T-1767,KC-135R,Carver Field,air refueling,2025-06-14,64.3,61672,61,2.4,,23.5,4.5,1,0,0,False
M01416,T-2540,KC-135R,Dunmore AFB,air refueling,2025-06-14,65.5,57086,36,15.8,0.0,20.6,3.1,1,1,1,False
M01417,T-1940,C-5M,Dunmore AFB,aeromedical,2025-06-14,38.6,34418,91,8.3,36.6,23.2,8.6,1,0,0,False
M01418,T-2186,C-5M,Dunmore AFB,training,2025-06-14,38.2,34011,19,13.9,36.4,32.4,3.4,1,0,0,False
M01419,T-2397,KC-135R,Dunmore AFB,air refueling,2025-06-14,62.1,47128,20,7.7,0.0,26.0,5.6,1,1,2,False
M01420,T-2089,C-5M,Dunmore AFB,channel,2025-06-15,42.3,34339,59,13.3,73.5,19.0,7.2,0,0,3,False
M01421,T-1611,C-17A,Carver Field,SAAM,2025-06-15,25.0,24677,80,31.7,126.0,25.2,5.3,0,0,0,False
M01422,T-1658,KC-135R,Carver Field,air refueling,2025-06-15,60.1,63704,27,8.5,0.0,25.8,4.8,0,2,1,False
M01423,T-2397,KC-135R,Dunmore AFB,air refueling,2025-06-15,62.1,47128,36,40.8,0.0,17.6,3.8,0,1,2,False
M01424,T-1537,C-17A,Carver Field,channel,2025-06-15,16.8,13250,34,10.2,36.8,29.4,9.5,1,0,0,False
M01425,T-2587,KC-135R,Dunmore AFB,air refueling,2025-06-15,61.2,41342,59,7.7,0.0,32.1,5.2,0,0,0,False
M01426,T-2052,C-5M,Dunmore AFB,SAAM,2025-06-15,46.4,27070,20,16.6,243.7,25.4,8.4,0,0,0,False
M01427,T-0951,KC-46A,Halstead AFB,air refueling,2025-06-15,6.7,3673,27,7.8,0.0,17.8,3.1,0,0,1,False
M01428,T-1137,C-17A,Carver Field,SAAM,2025-06-15,26.3,26363,68,17.0,26.8,29.1,5.4,0,0,1,False
M01429,T-0639,C-17A,Halstead AFB,channel,2025-06-15,21.7,10925,50,13.8,44.3,17.1,7.7,0,0,2,False
M01430,T-2397,KC-135R,Dunmore AFB,air refueling,2025-06-15,62.1,47128,40,6.6,0.0,27.8,3.3,1,1,2,False
M01431,T-2049,C-5M,Dunmore AFB,aeromedical,2025-06-15,39.1,24961,41,25.9,19.4,19.2,9.0,0,0,0,False
M01432,T-0790,KC-46A,Halstead AFB,air refueling,2025-06-15,7.8,7001,50,11.7,0.0,24.7,5.7,0,0,0,False
M01433,T-0409,C-17A,Halstead AFB,training,2025-06-15,18.5,23325,58,13.3,11.2,15.6,2.5,0,1,1,False
M01434,T-0208,C-17A,Halstead AFB,channel,2025-06-16,26.8,18481,153,14.0,37.8,23.2,8.4,0,0,1,False
M01435,T-1803,KC-135R,Carver Field,air refueling,2025-06-16,63.8,46399,100,14.6,0.0,39.9,4.2,0,0,0,False
M01436,T-1677,KC-135R,Carver Field,air refueling,2025-06-16,67.6,55886,40,9.1,0.0,30.8,5.9,0,0,1,False
M01437,T-0764,KC-46A,Halstead AFB,training,2025-06-16,6.4,500,12,8.6,5.9,12.9,4.7,0,0,1,False
M01438,T-0821,KC-46A,Halstead AFB,air refueling,2025-06-16,5.7,500,83,7.1,0.0,15.3,5.4,0,0,3,False
M01439,T-2366,KC-135R,Dunmore AFB,air refueling,2025-06-16,63.1,45478,66,10.7,0.0,18.4,4.8,0,0,4,False
M01440,T-2161,C-5M,Dunmore AFB,channel,2025-06-16,44.9,44409,61,14.8,93.5,29.5,13.1,1,0,1,False
M01441,T-0599,C-17A,Halstead AFB,channel,2025-06-16,25.4,24118,51,16.4,112.8,21.9,13.9,0,0,1,False
M01442,T-1630,KC-135R,Carver Field,aeromedical,2025-06-16,58.4,49021,26,2.9,7.3,21.4,4.1,0,0,2,False
M01443,T-0493,C-17A,Halstead AFB,SAAM,2025-06-16,25.1,23647,52,9.7,97.5,22.9,10.7,0,0,4,False
M01444,T-0493,C-17A,Halstead AFB,training,2025-06-17,25.1,23647,10,13.4,17.0,27.5,3.8,0,0,4,False
M01445,T-1581,C-17A,Carver Field,channel,2025-06-17,17.3,14313,74,34.8,94.6,29.5,7.2,0,0,1,False
M01446,T-2164,C-5M,Dunmore AFB,channel,2025-06-17,37.4,42570,17,42.1,103.8,18.8,11.7,0,0,0,False
M01447,T-0531,C-17A,Halstead AFB,SAAM,2025-06-17,31.2,20204,103,20.0,28.9,21.8,8.4,0,1,3,False
M01448,T-0425,C-17A,Halstead AFB,aeromedical,2025-06-17,22.8,18352,10,20.0,14.7,13.7,9.2,0,0,0,False
M01449,T-1658,KC-135R,Carver Field,air refueling,2025-06-17,60.1,63704,50,21.0,0.0,32.6,3.2,0,2,1,False
M01450,T-2386,KC-135R,Dunmore AFB,air refueling,2025-06-17,62.3,36598,42,12.9,0.0,28.2,3.3,0,0,1,False
M01451,T-2433,KC-135R,Dunmore AFB,air refueling,2025-06-17,59.2,35488,32,5.4,0.0,23.6,5.1,0,0,0,False
M01452,T-1056,KC-46A,Halstead AFB,channel,2025-06-17,6.9,5985,80,6.4,46.4,27.1,14.0,0,0,0,False
M01453,T-0639,C-17A,Halstead AFB,SAAM,2025-06-17,21.7,10925,109,9.8,103.6,21.2,9.5,1,0,2,False
M01454,T-1713,KC-135R,Carver Field,training,2025-06-18,66.1,44856,23,10.7,5.1,28.0,3.3,1,1,3,False
M01455,T-0493,C-17A,Halstead AFB,aeromedical,2025-06-18,25.1,23647,27,15.3,10.1,15.7,9.5,0,0,4,False
M01456,T-0988,KC-46A,Halstead AFB,training,2025-06-18,6.0,9210,54,24.7,5.4,20.6,3.7,0,0,4,False
M01457,T-0281,C-17A,Halstead AFB,channel,2025-06-18,23.1,21141,24,9.8,90.0,15.2,9.8,1,2,2,False
M01458,T-2474,KC-135R,Dunmore AFB,air refueling,2025-06-18,67.8,48502,200,21.8,,30.7,3.9,1,0,1,False
M01459,T-1221,C-17A,Carver Field,aeromedical,2025-06-18,15.6,19726,51,80.4,14.3,29.1,6.9,0,0,3,False
M01460,T-2524,KC-135R,Dunmore AFB,training,2025-06-18,67.1,57056,47,1.9,5.1,26.1,3.0,0,0,0,False
M01461,T-2382,KC-135R,Dunmore AFB,training,2025-06-19,67.4,65865,74,26.4,7.1,15.7,4.0,0,0,2,False
M01462,T-2382,KC-135R,Dunmore AFB,air refueling,2025-06-19,67.4,65865,33,20.0,0.0,30.5,5.5,1,0,2,False
M01463,T-0939,KC-46A,Halstead AFB,air refueling,2025-06-19,7.5,8245,57,35.8,0.0,23.8,5.9,0,0,0,False
M01464,T-0764,KC-46A,Halstead AFB,air refueling,2025-06-19,6.4,500,22,13.5,0.0,25.0,5.1,1,0,1,False
M01465,T-1340,C-17A,Carver Field,channel,2025-06-19,23.5,12865,66,10.2,69.3,29.7,6.1,1,0,0,False
M01466,T-1327,C-17A,Carver Field,SAAM,2025-06-19,17.1,16066,95,20.6,62.1,36.4,5.9,1,3,0,False
M01467,T-1462,C-17A,Carver Field,channel,2025-06-19,21.2,21621,97,29.7,40.9,31.8,7.1,0,0,0,False
M01468,T-0639,C-17A,Halstead AFB,SAAM,2025-06-19,21.7,10925,58,2.3,113.6,24.3,10.1,0,0,2,False
M01469,T-2089,C-5M,Dunmore AFB,channel,2025-06-20,42.3,34339,33,85.9,266.0,33.4,7.3,0,0,3,False
M01470,T-1537,C-17A,Carver Field,channel,2025-06-20,16.8,13250,56,12.9,88.4,36.2,12.2,0,0,0,False
M01471,T-1020,KC-46A,Halstead AFB,air refueling,2025-06-20,3.4,500,120,13.9,,23.4,3.3,1,0,0,False
M01472,T-2114,C-5M,Dunmore AFB,aeromedical,2025-06-20,53.9,35390,56,37.9,26.6,30.4,4.1,1,0,3,False
M01473,T-1137,C-17A,Carver Field,training,2025-06-20,26.3,26363,87,16.1,21.4,33.8,4.7,0,0,1,False
M01474,T-1654,KC-135R,Carver Field,training,2025-06-20,59.2,50982,39,26.3,,29.7,5.0,1,0,2,False
M01475,T-1847,KC-135R,Carver Field,aeromedical,2025-06-20,60.9,53602,35,9.8,8.2,22.6,5.2,0,0,3,False
M01476,T-0988,KC-46A,Halstead AFB,air refueling,2025-06-20,6.0,9210,59,7.8,0.0,11.4,5.7,0,0,4,False
M01477,T-0664,C-17A,Halstead AFB,channel,2025-06-20,23.9,23720,58,26.0,72.9,19.1,9.4,0,1,1,False
M01478,T-1194,C-17A,Carver Field,SAAM,2025-06-20,17.3,16603,46,7.9,67.7,30.5,6.7,1,1,3,False
M01479,T-0143,C-17A,Halstead AFB,channel,2025-06-20,21.7,20720,58,7.8,15.2,19.7,9.7,0,0,3,False
M01480,T-0425,C-17A,Halstead AFB,channel,2025-06-21,22.8,18352,65,7.6,112.1,23.2,13.8,0,0,0,False
M01481,T-1496,C-17A,Carver Field,aeromedical,2025-06-21,25.9,16243,107,18.4,26.8,32.2,8.8,0,0,0,False
M01482,T-1964,C-5M,Dunmore AFB,aeromedical,2025-06-21,44.9,34382,6,11.9,19.2,18.7,9.8,1,1,1,False
M01483,T-2504,KC-135R,Dunmore AFB,air refueling,2025-06-21,65.7,48344,43,8.1,0.0,23.9,4.3,0,1,1,False
M01484,T-1020,KC-46A,Halstead AFB,air refueling,2025-06-21,3.4,500,24,3.3,0.0,22.5,4.8,0,0,0,False
M01485,T-1020,KC-46A,Halstead AFB,air refueling,2025-06-21,3.4,500,49,6.3,0.0,23.3,4.6,0,0,0,False
M01486,T-1700,KC-135R,Carver Field,air refueling,2025-06-21,58.7,53822,17,4.1,0.0,27.3,4.7,1,0,0,False
M01487,T-0764,KC-46A,Halstead AFB,air refueling,2025-06-21,6.4,500,46,10.3,0.0,11.5,4.3,0,0,1,False
M01488,T-2433,KC-135R,Dunmore AFB,training,2025-06-21,59.2,35488,37,37.7,4.1,20.2,2.1,0,0,0,False
M01489,T-1056,KC-46A,Halstead AFB,air refueling,2025-06-22,6.9,5985,61,18.3,,29.2,3.1,0,0,0,False
M01490,T-1800,KC-135R,Carver Field,channel,2025-06-22,59.6,49983,59,9.0,34.2,41.0,12.9,0,0,6,False
M01491,T-2186,C-5M,Dunmore AFB,channel,2025-06-22,38.2,34011,8,43.6,,30.8,11.6,0,0,0,False
M01492,T-1557,C-17A,Carver Field,channel,2025-06-22,19.3,18333,115,12.6,120.6,32.0,8.3,1,0,4,False
M01493,T-2114,C-5M,Dunmore AFB,training,2025-06-22,53.9,35390,67,4.7,,24.1,4.2,1,0,3,False
M01494,T-0695,KC-46A,Halstead AFB,air refueling,2025-06-22,2.0,500,70,4.5,0.0,18.2,4.5,0,0,1,False
M01495,T-2001,C-5M,Dunmore AFB,channel,2025-06-22,43.4,38613,36,25.6,193.5,24.0,10.1,0,1,0,False
M01496,T-0668,KC-46A,Halstead AFB,air refueling,2025-06-22,5.5,998,72,26.1,0.0,20.8,4.1,1,0,0,False
M01497,T-1654,KC-135R,Carver Field,air refueling,2025-06-22,59.2,50982,4,11.6,0.0,26.6,5.3,1,0,2,False
M01498,T-2295,KC-135R,Dunmore AFB,air refueling,2025-06-22,63.1,37980,61,7.1,0.0,15.5,5.5,0,1,1,False
M01499,T-2334,KC-135R,Dunmore AFB,air refueling,2025-06-23,65.9,51911,123,12.0,0.0,22.6,3.5,0,0,1,False
M01500,T-1677,KC-135R,Carver Field,air refueling,2025-06-23,67.6,55886,149,4.3,0.0,27.7,4.4,1,0,1,False
M01501,T-0208,C-17A,Halstead AFB,channel,2025-06-23,26.8,18481,88,7.3,104.9,20.6,8.4,0,0,1,False
M01502,T-0870,KC-46A,Halstead AFB,air refueling,2025-06-23,2.6,676,42,13.7,0.0,26.6,3.8,1,1,0,False
M01503,T-1800,KC-135R,Carver Field,air refueling,2025-06-23,59.6,49983,45,9.5,0.0,32.0,5.5,0,0,6,False
M01504,T-0217,C-17A,Halstead AFB,training,2025-06-23,31.6,23219,110,16.8,9.3,26.9,3.3,0,0,1,False
M01505,T-1658,KC-135R,Carver Field,channel,2025-06-23,60.1,63704,14,11.6,13.4,27.0,8.9,1,2,1,False
M01506,T-0176,C-17A,Halstead AFB,channel,2025-06-24,31.3,25596,113,13.0,86.0,18.3,9.3,0,0,0,False
M01507,T-2052,C-5M,Dunmore AFB,SAAM,2025-06-24,46.4,27070,129,10.2,63.6,24.6,11.9,0,0,0,False
M01508,T-0409,C-17A,Halstead AFB,SAAM,2025-06-24,18.5,23325,110,7.2,,23.7,6.1,1,1,1,False
M01509,T-1803,KC-135R,Carver Field,training,2025-06-24,63.8,46399,87,2.6,10.6,29.7,4.2,0,0,0,False
M01510,T-2161,C-5M,Dunmore AFB,channel,2025-06-24,44.9,44409,41,19.3,168.4,14.7,10.9,1,0,1,False
M01511,T-0314,C-17A,Halstead AFB,channel,2025-06-24,20.0,5381,16,7.9,121.5,20.2,8.1,1,0,3,False
M01512,T-2260,KC-135R,Dunmore AFB,air refueling,2025-06-24,61.5,50733,114,31.0,0.0,26.7,5.0,0,0,2,False
M01513,T-2474,KC-135R,Dunmore AFB,air refueling,2025-06-25,67.8,48502,163,6.9,,23.5,4.4,1,0,1,False
M01514,T-0891,KC-46A,Halstead AFB,air refueling,2025-06-25,5.6,500,88,16.1,0.0,13.3,5.5,0,0,1,False
M01515,T-1847,KC-135R,Carver Field,training,2025-06-26,60.9,53602,165,10.4,8.5,30.5,2.5,1,0,3,False
M01516,T-0217,C-17A,Halstead AFB,channel,2025-06-26,31.6,23219,95,17.5,64.4,20.2,10.8,0,0,1,False
M01517,T-2587,KC-135R,Dunmore AFB,channel,2025-06-26,61.2,41342,89,7.9,,26.1,6.6,1,0,0,False
M01518,T-1619,KC-135R,Carver Field,air refueling,2025-06-26,65.8,33590,74,15.3,,27.0,3.8,0,0,1,False
M01519,T-1856,KC-135R,Carver Field,air refueling,2025-06-26,65.7,50112,65,26.4,0.0,32.7,3.3,0,0,0,False
M01520,T-1940,C-5M,Dunmore AFB,channel,2025-06-26,38.6,34418,78,8.6,99.8,23.7,13.6,0,0,0,False
M01521,T-0425,C-17A,Halstead AFB,SAAM,2025-06-26,22.8,18352,53,10.8,50.1,23.6,5.7,0,0,0,False
M01522,T-2524,KC-135R,Dunmore AFB,channel,2025-06-26,67.1,57056,43,17.9,19.7,24.0,11.2,1,0,0,False
M01523,T-1619,KC-135R,Carver Field,air refueling,2025-06-27,65.8,33590,58,7.6,0.0,25.1,5.9,0,0,1,False
M01524,T-2001,C-5M,Dunmore AFB,channel,2025-06-27,43.4,38613,18,7.7,,22.1,11.2,1,1,0,False
M01525,T-2545,KC-135R,Dunmore AFB,air refueling,2025-06-27,59.3,46236,14,16.7,0.0,31.4,3.9,0,0,0,False
M01526,T-1221,C-17A,Carver Field,SAAM,2025-06-27,15.6,19726,63,17.6,,30.0,10.5,0,0,3,False
M01527,T-2474,KC-135R,Dunmore AFB,air refueling,2025-06-27,67.8,48502,137,31.8,0.0,17.6,3.8,0,0,1,False
M01528,T-1733,KC-135R,Carver Field,air refueling,2025-06-27,67.8,47860,57,8.8,0.0,26.0,5.6,1,0,3,False
M01529,T-2049,C-5M,Dunmore AFB,training,2025-06-27,39.1,24961,43,6.2,,36.8,3.1,1,0,0,False
M01530,T-2397,KC-135R,Dunmore AFB,air refueling,2025-06-27,62.1,47128,44,8.0,0.0,28.1,5.3,1,1,2,False
M01531,T-1856,KC-135R,Carver Field,channel,2025-06-27,65.7,50112,13,17.9,20.5,25.2,10.0,0,0,0,False
M01532,T-2052,C-5M,Dunmore AFB,channel,2025-06-27,46.4,27070,24,18.1,109.0,18.4,9.5,1,0,0,False
M01533,T-0208,C-17A,Halstead AFB,training,2025-06-27,26.8,18481,35,8.1,7.5,21.4,3.7,0,0,1,False
M01534,T-0870,KC-46A,Halstead AFB,aeromedical,2025-06-27,2.6,676,86,19.1,8.1,16.7,6.7,0,1,0,False
M01535,T-1658,KC-135R,Carver Field,air refueling,2025-06-27,60.1,63704,67,3.1,0.0,19.2,5.4,1,2,1,False
M01536,T-0752,KC-46A,Halstead AFB,air refueling,2025-06-27,7.9,500,9,28.5,0.0,21.0,4.7,0,0,2,False
M01537,T-0314,C-17A,Halstead AFB,SAAM,2025-06-27,20.0,5381,70,7.0,43.1,19.6,11.4,0,0,3,False
M01538,T-1258,C-17A,Carver Field,channel,2025-06-28,19.2,15181,61,40.0,132.9,29.7,9.3,0,0,0,False
M01539,T-1537,C-17A,Carver Field,channel,2025-06-28,16.8,13250,53,12.3,49.1,29.4,11.4,0,0,0,False
M01540,T-0752,KC-46A,Halstead AFB,air refueling,2025-06-28,7.9,500,79,12.5,0.0,21.3,3.9,0,0,2,False
M01541,T-2089,C-5M,Dunmore AFB,SAAM,2025-06-28,42.3,34339,4,50.3,70.1,22.0,8.5,1,0,3,False
M01542,T-0348,C-17A,Halstead AFB,SAAM,2025-06-28,22.8,15441,61,14.3,,21.7,10.9,0,0,0,False
M01543,T-0939,KC-46A,Halstead AFB,training,2025-06-29,7.5,8245,39,22.1,5.4,17.1,2.3,0,0,0,False
M01544,T-2145,C-5M,Dunmore AFB,aeromedical,2025-06-29,44.7,32151,49,19.7,46.3,26.5,6.9,0,0,2,False
M01545,T-2524,KC-135R,Dunmore AFB,air refueling,2025-06-29,67.1,57056,6,11.8,0.0,17.2,5.2,1,0,0,False
M01546,T-0217,C-17A,Halstead AFB,aeromedical,2025-06-29,31.6,23219,59,38.8,20.0,29.5,4.8,0,0,1,False
M01547,T-2376,KC-135R,Dunmore AFB,training,2025-06-29,66.8,51278,13,39.4,9.9,17.0,2.4,1,2,2,False
M01548,T-1137,C-17A,Carver Field,channel,2025-06-29,26.3,26363,103,34.0,67.1,31.7,12.4,0,0,1,False
M01549,T-1258,C-17A,Carver Field,SAAM,2025-06-29,19.2,15181,109,38.2,89.1,28.6,8.0,0,0,0,False
M01550,T-0870,KC-46A,Halstead AFB,training,2025-06-29,2.6,676,73,10.0,6.0,19.4,2.4,0,1,0,False
M01551,T-2334,KC-135R,Dunmore AFB,air refueling,2025-06-29,65.9,51911,61,20.6,0.0,27.6,4.9,0,0,1,False
M01552,T-1258,C-17A,Carver Field,channel,2025-06-30,19.2,15181,79,14.7,29.9,24.5,12.1,0,0,0,False
M01553,T-1654,KC-135R,Carver Field,air refueling,2025-06-30,59.2,50982,54,27.4,0.0,33.0,5.9,1,0,2,False
M01554,T-1504,C-17A,Carver Field,channel,2025-06-30,21.4,28553,13,18.4,62.8,24.5,10.2,1,0,0,False
M01555,T-1113,KC-46A,Halstead AFB,air refueling,2025-06-30,2.4,500,83,22.1,0.0,32.6,4.4,0,0,3,False
M01556,T-2587,KC-135R,Dunmore AFB,air refueling,2025-06-30,61.2,41342,67,15.2,0.0,24.5,5.9,0,0,0,False
M01557,T-1795,KC-135R,Carver Field,channel,2025-06-30,64.6,55962,25,6.6,21.3,35.8,10.1,0,0,0,False
M01558,T-1221,C-17A,Carver Field,aeromedical,2025-07-01,15.6,19726,38,4.3,7.9,28.4,5.1,0,0,3,False
M01559,T-1581,C-17A,Carver Field,channel,2025-07-01,17.3,14313,29,12.6,72.1,26.1,9.1,0,0,1,False
M01560,T-0695,KC-46A,Halstead AFB,channel,2025-07-01,2.0,500,55,10.8,42.0,28.3,11.3,0,0,1,False
M01561,T-1897,KC-135R,Carver Field,training,2025-07-01,60.1,41165,37,13.6,6.0,24.6,2.9,1,0,2,False
M01562,T-1611,C-17A,Carver Field,channel,2025-07-01,25.0,24677,47,7.3,47.8,23.4,10.4,0,0,0,False
M01563,T-0891,KC-46A,Halstead AFB,air refueling,2025-07-01,5.6,500,65,18.1,0.0,14.7,5.6,0,0,1,False
M01564,T-0668,KC-46A,Halstead AFB,training,2025-07-01,5.5,998,81,5.5,10.9,17.9,2.0,0,0,0,False
M01565,T-2366,KC-135R,Dunmore AFB,air refueling,2025-07-02,63.1,45478,11,3.9,0.0,19.8,5.5,0,0,4,False
M01566,T-2504,KC-135R,Dunmore AFB,air refueling,2025-07-02,65.7,48344,70,10.6,0.0,23.8,4.1,0,1,1,False
M01567,T-0314,C-17A,Halstead AFB,channel,2025-07-02,20.0,5381,63,18.1,48.5,26.0,13.8,0,0,3,False
M01568,T-0988,KC-46A,Halstead AFB,air refueling,2025-07-02,6.0,9210,82,16.1,0.0,23.0,4.2,0,0,4,False
M01569,T-0988,KC-46A,Halstead AFB,training,2025-07-02,6.0,9210,160,2.3,12.3,22.0,4.7,0,0,4,False
M01570,T-1221,C-17A,Carver Field,channel,2025-07-02,15.6,19726,20,17.4,26.1,36.3,7.5,1,0,3,False
M01571,T-1940,C-5M,Dunmore AFB,aeromedical,2025-07-02,38.6,34418,83,28.2,53.9,24.1,7.6,0,0,0,False
M01572,T-0988,KC-46A,Halstead AFB,air refueling,2025-07-02,6.0,9210,20,28.4,0.0,14.3,5.0,1,0,4,False
M01573,T-1733,KC-135R,Carver Field,air refueling,2025-07-02,67.8,47860,41,13.5,0.0,40.6,5.8,1,0,3,False
M01574,T-0176,C-17A,Halstead AFB,aeromedical,2025-07-03,31.3,25596,42,35.4,,29.5,5.3,0,0,0,False
M01575,T-0764,KC-46A,Halstead AFB,training,2025-07-03,6.4,500,9,20.8,4.3,19.7,4.5,0,0,1,False
M01576,T-2366,KC-135R,Dunmore AFB,air refueling,2025-07-03,63.1,45478,79,15.0,0.0,25.7,3.2,0,0,4,False
M01577,T-0939,KC-46A,Halstead AFB,training,2025-07-03,7.5,8245,58,9.6,6.7,24.7,2.7,0,0,0,False
M01578,T-2376,KC-135R,Dunmore AFB,training,2025-07-04,66.8,51278,48,9.8,4.3,26.1,2.4,1,2,2,False
M01579,T-1856,KC-135R,Carver Field,air refueling,2025-07-04,65.7,50112,18,30.8,0.0,35.4,5.6,1,0,0,False
M01580,T-1395,C-17A,Carver Field,channel,2025-07-04,31.0,34623,23,10.7,,22.7,6.4,0,0,2,False
M01581,T-2394,KC-135R,Dunmore AFB,aeromedical,2025-07-04,59.1,31509,74,29.9,9.4,22.3,7.6,0,0,0,False
M01582,T-1630,KC-135R,Carver Field,training,2025-07-04,58.4,49021,29,9.7,5.7,23.0,2.5,0,0,2,False
M01583,T-1553,C-17A,Carver Field,aeromedical,2025-07-04,31.5,16953,32,35.3,11.3,32.6,7.7,0,0,2,False
M01584,T-1425,C-17A,Carver Field,channel,2025-07-04,26.7,12605,50,10.3,34.7,32.6,12.6,0,2,4,False
M01585,T-1137,C-17A,Carver Field,training,2025-07-04,26.3,26363,73,8.6,5.4,20.6,4.3,0,0,1,False
M01586,T-0493,C-17A,Halstead AFB,training,2025-07-04,25.1,23647,70,7.2,27.1,24.2,2.1,1,0,4,False
M01587,T-2161,C-5M,Dunmore AFB,channel,2025-07-04,44.9,44409,42,5.4,256.6,25.6,11.1,1,0,1,False
M01588,T-1940,C-5M,Dunmore AFB,SAAM,2025-07-05,38.6,34418,18,7.7,65.2,21.2,11.7,0,0,0,False
M01589,T-0780,KC-46A,Halstead AFB,air refueling,2025-07-05,5.4,500,96,13.2,0.0,21.0,3.0,0,0,0,False
M01590,T-1713,KC-135R,Carver Field,channel,2025-07-05,66.1,44856,101,9.0,25.6,22.9,9.3,1,1,3,False
M01591,T-1803,KC-135R,Carver Field,training,2025-07-05,63.8,46399,32,24.8,5.4,35.4,2.5,1,0,0,False
M01592,T-1373,C-17A,Carver Field,channel,2025-07-05,32.3,29232,146,2.5,54.9,32.2,13.3,1,2,1,False
M01593,T-1964,C-5M,Dunmore AFB,SAAM,2025-07-05,44.9,34382,46,11.6,,26.9,6.4,1,1,1,False
M01594,T-0752,KC-46A,Halstead AFB,air refueling,2025-07-06,7.9,500,26,16.3,0.0,28.3,4.6,0,0,2,False
M01595,T-1658,KC-135R,Carver Field,training,2025-07-06,60.1,63704,113,8.9,,29.9,2.1,1,2,1,False
M01596,T-0827,KC-46A,Halstead AFB,air refueling,2025-07-06,2.1,9446,77,10.5,0.0,18.9,3.8,0,0,3,False
M01597,T-0134,C-17A,Halstead AFB,aeromedical,2025-07-06,26.5,6615,70,22.3,13.7,26.7,8.4,0,0,3,False
M01598,T-2145,C-5M,Dunmore AFB,training,2025-07-07,44.7,32151,186,12.2,24.0,27.3,3.0,0,0,2,False
M01599,T-1510,C-17A,Carver Field,training,2025-07-07,18.9,500,27,14.6,20.9,30.8,4.5,0,0,0,False
M01600,T-2225,C-5M,Dunmore AFB,training,2025-07-07,53.3,54876,16,26.4,22.5,24.3,2.4,0,0,0,False
M01601,T-0951,KC-46A,Halstead AFB,air refueling,2025-07-07,6.7,3673,31,12.3,0.0,17.2,3.8,0,0,1,False
M01602,T-0730,KC-46A,Halstead AFB,training,2025-07-07,4.0,500,26,2.9,11.4,28.9,4.2,0,0,2,False
M01603,T-2504,KC-135R,Dunmore AFB,aeromedical,2025-07-07,65.7,48344,164,11.9,,19.6,6.9,0,1,1,False
M01604,T-2552,KC-135R,Dunmore AFB,channel,2025-07-07,65.1,65331,99,8.4,32.7,22.3,11.8,0,0,2,False
M01605,T-1733,KC-135R,Carver Field,air refueling,2025-07-08,67.8,47860,54,8.4,,39.2,3.6,1,0,3,False
M01606,T-0668,KC-46A,Halstead AFB,aeromedical,2025-07-08,5.5,998,133,12.8,12.4,20.3,4.3,0,0,0,False
M01607,T-2433,KC-135R,Dunmore AFB,air refueling,2025-07-08,59.2,35488,71,11.2,0.0,22.9,3.8,0,0,0,False
M01608,T-2524,KC-135R,Dunmore AFB,air refueling,2025-07-08,67.1,57056,104,3.8,,23.3,3.9,1,0,0,False
M01609,T-2225,C-5M,Dunmore AFB,channel,2025-07-08,53.3,54876,46,24.1,104.2,26.2,13.3,1,0,0,False
M01610,T-2164,C-5M,Dunmore AFB,SAAM,2025-07-08,37.4,42570,34,60.2,95.9,23.4,8.7,0,0,0,False
M01611,T-2295,KC-135R,Dunmore AFB,air refueling,2025-07-08,63.1,37980,58,7.2,0.0,14.0,5.1,1,1,1,False
M01612,T-0752,KC-46A,Halstead AFB,aeromedical,2025-07-08,7.9,500,121,13.2,6.1,15.4,4.7,0,0,2,False
M01613,T-1713,KC-135R,Carver Field,air refueling,2025-07-08,66.1,44856,18,4.3,0.0,33.4,5.9,0,1,3,False
M01614,T-1221,C-17A,Carver Field,channel,2025-07-08,15.6,19726,14,9.0,70.1,23.7,12.9,0,0,3,False
M01615,T-1887,KC-135R,Carver Field,air refueling,2025-07-09,67.0,50748,59,7.2,0.0,31.8,5.4,1,0,1,False
M01616,T-2504,KC-135R,Dunmore AFB,training,2025-07-09,65.7,48344,11,17.2,11.5,28.3,3.8,1,1,1,False
M01617,T-1964,C-5M,Dunmore AFB,channel,2025-07-09,44.9,34382,15,14.7,266.0,29.1,7.2,0,1,1,False
M01618,T-0695,KC-46A,Halstead AFB,air refueling,2025-07-09,2.0,500,54,22.2,0.0,22.4,4.5,0,0,1,False
M01619,T-0620,C-17A,Halstead AFB,SAAM,2025-07-09,28.2,15411,79,33.2,58.4,20.7,7.1,1,0,2,False
M01620,T-1767,KC-135R,Carver Field,air refueling,2025-07-10,64.3,61672,58,11.4,0.0,31.1,3.1,0,0,0,False
M01621,T-0988,KC-46A,Halstead AFB,air refueling,2025-07-10,6.0,9210,55,9.8,0.0,24.2,5.4,1,0,4,False
M01622,T-1700,KC-135R,Carver Field,aeromedical,2025-07-10,58.7,53822,19,3.3,8.7,20.1,5.5,1,0,0,False
M01623,T-1713,KC-135R,Carver Field,training,2025-07-10,66.1,44856,21,9.4,4.5,27.0,3.9,0,1,3,False
M01624,T-2587,KC-135R,Dunmore AFB,training,2025-07-10,61.2,41342,69,11.7,4.1,26.0,3.9,1,0,0,False
M01625,T-2376,KC-135R,Dunmore AFB,channel,2025-07-10,66.8,51278,23,7.1,25.4,29.5,11.1,1,2,2,False
M01626,T-1553,C-17A,Carver Field,training,2025-07-10,31.5,16953,70,21.9,11.4,30.8,2.7,0,0,2,False
M01627,T-1713,KC-135R,Carver Field,air refueling,2025-07-10,66.1,44856,2,9.2,,29.1,3.4,1,1,3,False
M01628,T-0730,KC-46A,Halstead AFB,air refueling,2025-07-10,4.0,500,20,6.9,0.0,28.6,3.7,0,0,2,False
M01629,T-0531,C-17A,Halstead AFB,channel,2025-07-11,31.2,20204,49,48.5,78.7,26.6,9.0,0,1,3,False
M01630,T-1887,KC-135R,Carver Field,channel,2025-07-11,67.0,50748,126,13.2,32.9,36.3,8.3,1,0,1,False
M01631,T-2545,KC-135R,Dunmore AFB,air refueling,2025-07-11,59.3,46236,105,5.2,0.0,16.7,4.7,0,0,0,False
M01632,T-0208,C-17A,Halstead AFB,channel,2025-07-11,26.8,18481,36,9.1,67.3,24.4,8.2,1,0,1,False
M01633,T-1869,KC-135R,Carver Field,air refueling,2025-07-11,65.7,38892,8,3.9,0.0,39.6,5.0,1,0,2,False
M01634,T-2001,C-5M,Dunmore AFB,aeromedical,2025-07-11,43.4,38613,45,21.5,37.6,26.8,5.3,0,1,0,False
M01635,T-2366,KC-135R,Dunmore AFB,air refueling,2025-07-11,63.1,45478,173,4.4,0.0,30.1,4.4,1,0,4,False
M01636,T-1462,C-17A,Carver Field,channel,2025-07-11,21.2,21621,76,28.1,80.5,39.5,9.4,0,0,0,False
M01637,T-0463,C-17A,Halstead AFB,channel,2025-07-11,30.7,19476,28,12.5,84.9,19.0,7.2,0,0,1,False
M01638,T-0620,C-17A,Halstead AFB,training,2025-07-11,28.2,15411,48,14.0,,18.7,3.5,1,0,2,False
M01639,T-0255,C-17A,Halstead AFB,channel,2025-07-12,28.5,22538,37,5.5,83.2,14.0,12.0,0,2,0,False
M01640,T-1020,KC-46A,Halstead AFB,air refueling,2025-07-12,3.4,500,46,5.8,0.0,20.7,3.6,0,0,0,False
M01641,T-2540,KC-135R,Dunmore AFB,aeromedical,2025-07-12,65.5,57086,65,6.7,10.0,32.0,8.6,1,1,1,False
M01642,T-2382,KC-135R,Dunmore AFB,air refueling,2025-07-12,67.4,65865,12,7.9,0.0,29.2,6.0,0,0,2,False
M01643,T-1088,KC-46A,Halstead AFB,training,2025-07-12,4.4,5067,95,10.1,10.5,31.3,3.2,0,1,2,False
M01644,T-2433,KC-135R,Dunmore AFB,air refueling,2025-07-12,59.2,35488,21,32.0,0.0,26.5,6.0,0,0,0,False
M01645,T-2474,KC-135R,Dunmore AFB,air refueling,2025-07-12,67.8,48502,96,39.8,0.0,22.4,3.4,0,0,1,False
M01646,T-2382,KC-135R,Dunmore AFB,channel,2025-07-12,67.4,65865,27,8.2,54.7,20.1,12.4,0,0,2,False
M01647,T-1658,KC-135R,Carver Field,air refueling,2025-07-12,60.1,63704,99,17.8,0.0,19.8,3.8,1,2,1,False
M01648,T-1425,C-17A,Carver Field,aeromedical,2025-07-12,26.7,12605,40,20.1,18.2,32.7,8.7,1,2,4,False
M01649,T-0577,C-17A,Halstead AFB,training,2025-07-13,27.6,14931,37,9.5,33.8,24.7,4.2,0,0,1,False
M01650,T-1504,C-17A,Carver Field,channel,2025-07-13,21.4,28553,31,18.7,97.8,39.3,7.6,0,0,0,False
M01651,T-2164,C-5M,Dunmore AFB,aeromedical,2025-07-13,37.4,42570,21,20.1,44.6,27.4,6.5,0,0,0,False
M01652,T-0951,KC-46A,Halstead AFB,aeromedical,2025-07-13,6.7,3673,29,20.1,,14.0,9.4,1,0,1,False
M01653,T-1373,C-17A,Carver Field,aeromedical,2025-07-13,32.3,29232,78,14.7,33.4,32.9,7.5,0,2,1,False
M01654,T-2382,KC-135R,Dunmore AFB,air refueling,2025-07-13,67.4,65865,29,9.6,0.0,19.5,5.9,0,0,2,False
M01655,T-0752,KC-46A,Halstead AFB,air refueling,2025-07-13,7.9,500,99,13.8,0.0,23.5,4.4,1,0,2,False
M01656,T-0370,C-17A,Halstead AFB,channel,2025-07-14,15.2,15916,55,11.1,86.9,27.4,6.7,0,0,1,False
M01657,T-1823,KC-135R,Carver Field,air refueling,2025-07-14,63.0,50201,48,14.9,0.0,34.3,4.7,0,0,0,False
M01658,T-2545,KC-135R,Dunmore AFB,training,2025-07-14,59.3,46236,20,9.8,7.8,19.7,2.3,0,0,0,False
M01659,T-2161,C-5M,Dunmore AFB,SAAM,2025-07-14,44.9,44409,35,18.5,150.8,24.4,11.7,0,0,1,False
M01660,T-2545,KC-135R,Dunmore AFB,training,2025-07-14,59.3,46236,58,16.7,4.1,25.6,2.9,1,0,0,False
M01661,T-0134,C-17A,Halstead AFB,channel,2025-07-14,26.5,6615,47,29.0,108.4,20.5,10.6,0,0,3,False
M01662,T-0425,C-17A,Halstead AFB,channel,2025-07-14,22.8,18352,54,13.9,59.0,22.5,8.0,0,0,0,False
M01663,T-2186,C-5M,Dunmore AFB,channel,2025-07-14,38.2,34011,63,11.9,221.0,24.3,9.9,0,0,0,False
M01664,T-2052,C-5M,Dunmore AFB,channel,2025-07-14,46.4,27070,68,5.6,110.0,33.4,6.1,1,0,0,False
M01665,T-2572,KC-135R,Dunmore AFB,air refueling,2025-07-14,58.1,43971,44,13.0,0.0,29.8,5.4,0,0,1,False
M01666,T-0531,C-17A,Halstead AFB,SAAM,2025-07-14,31.2,20204,45,2.7,100.9,28.0,10.5,0,1,3,False
M01667,T-0425,C-17A,Halstead AFB,aeromedical,2025-07-14,22.8,18352,106,25.5,,22.9,6.8,0,0,0,False
M01668,T-1373,C-17A,Carver Field,training,2025-07-15,32.3,29232,25,22.6,14.4,20.5,4.5,0,2,1,False
M01669,T-1859,KC-135R,Carver Field,training,2025-07-15,65.4,50943,36,5.9,,34.3,4.2,1,0,3,False
M01670,T-1504,C-17A,Carver Field,training,2025-07-15,21.4,28553,132,60.5,19.2,25.0,4.8,0,0,0,False
M01671,T-1847,KC-135R,Carver Field,air refueling,2025-07-15,60.9,53602,63,21.1,0.0,27.5,3.8,1,0,3,False
M01672,T-0827,KC-46A,Halstead AFB,training,2025-07-15,2.1,9446,33,8.9,4.8,21.0,2.8,0,0,3,False
M01673,T-1611,C-17A,Carver Field,channel,2025-07-15,25.0,24677,20,34.1,68.3,39.0,6.6,0,0,0,False
M01674,T-2186,C-5M,Dunmore AFB,channel,2025-07-15,38.2,34011,68,14.0,91.4,24.2,13.0,1,0,0,False
M01675,T-1088,KC-46A,Halstead AFB,air refueling,2025-07-15,4.4,5067,50,42.8,0.0,33.2,3.3,0,1,2,False
M01676,T-2001,C-5M,Dunmore AFB,training,2025-07-16,43.4,38613,59,4.5,21.8,29.8,2.5,1,1,0,False
M01677,T-1920,C-5M,Dunmore AFB,channel,2025-07-16,40.4,32103,124,59.0,114.8,25.7,8.3,0,0,0,False
M01678,T-1722,KC-135R,Carver Field,air refueling,2025-07-16,65.2,42857,44,4.1,0.0,33.6,4.7,1,0,1,False
M01679,T-1847,KC-135R,Carver Field,training,2025-07-16,60.9,53602,106,3.7,3.8,33.6,3.1,1,0,3,False
M01680,T-0176,C-17A,Halstead AFB,channel,2025-07-16,31.3,25596,38,15.2,37.2,36.6,12.5,0,0,0,False
M01681,T-2386,KC-135R,Dunmore AFB,air refueling,2025-07-16,62.3,36598,73,12.9,0.0,34.4,5.6,0,0,1,False
M01682,T-1373,C-17A,Carver Field,channel,2025-07-16,32.3,29232,102,6.6,77.3,36.5,11.4,1,2,1,False
M01683,T-2366,KC-135R,Dunmore AFB,air refueling,2025-07-16,63.1,45478,31,7.6,0.0,33.5,3.7,0,0,4,False
M01684,T-1137,C-17A,Carver Field,training,2025-07-16,26.3,26363,77,17.2,,16.3,4.9,0,0,1,False
M01685,T-1221,C-17A,Carver Field,aeromedical,2025-07-16,15.6,19726,66,8.2,13.9,33.7,4.6,1,0,3,False
M01686,T-1859,KC-135R,Carver Field,channel,2025-07-16,65.4,50943,42,7.5,64.8,30.1,10.5,1,0,3,False
M01687,T-1803,KC-135R,Carver Field,air refueling,2025-07-16,63.8,46399,43,4.4,0.0,27.1,4.4,0,0,0,False
M01688,T-0891,KC-46A,Halstead AFB,air refueling,2025-07-17,5.6,500,79,2.6,0.0,19.4,4.1,0,0,1,False
M01689,T-1425,C-17A,Carver Field,channel,2025-07-17,26.7,12605,61,10.4,37.0,31.4,6.0,0,2,4,False
M01690,T-1964,C-5M,Dunmore AFB,channel,2025-07-17,44.9,34382,59,21.6,116.3,30.3,10.9,1,1,1,False
M01691,T-1630,KC-135R,Carver Field,air refueling,2025-07-17,58.4,49021,63,26.4,0.0,33.4,5.9,0,0,2,False
M01692,T-0370,C-17A,Halstead AFB,training,2025-07-18,15.2,15916,86,37.1,10.8,14.0,4.8,0,0,1,False
M01693,T-0208,C-17A,Halstead AFB,channel,2025-07-18,26.8,18481,143,2.2,62.7,20.9,7.7,0,0,1,False
M01694,T-1281,C-17A,Carver Field,training,2025-07-18,26.9,19964,10,21.8,10.0,35.3,2.0,0,0,0,False
M01695,T-0425,C-17A,Halstead AFB,channel,2025-07-18,22.8,18352,80,33.5,46.9,22.7,10.9,0,0,0,False
M01696,T-0143,C-17A,Halstead AFB,training,2025-07-18,21.7,20720,131,11.5,13.8,12.3,4.4,0,0,3,False
M01697,T-1462,C-17A,Carver Field,SAAM,2025-07-19,21.2,21621,180,13.6,60.6,21.8,9.5,0,0,0,False
M01698,T-0664,C-17A,Halstead AFB,training,2025-07-19,23.9,23720,88,5.5,8.7,20.2,2.8,0,1,1,False
M01699,T-0668,KC-46A,Halstead AFB,air refueling,2025-07-19,5.5,998,30,21.6,0.0,26.3,4.9,0,0,0,False
M01700,T-0988,KC-46A,Halstead AFB,training,2025-07-19,6.0,9210,100,10.6,5.3,27.4,4.0,1,0,4,False
M01701,T-1281,C-17A,Carver Field,channel,2025-07-19,26.9,19964,49,5.2,72.5,33.4,12.9,0,0,0,False
M01702,T-2089,C-5M,Dunmore AFB,channel,2025-07-19,42.3,34339,46,46.9,266.0,22.7,13.0,1,0,3,False
M01703,T-1677,KC-135R,Carver Field,channel,2025-07-20,67.6,55886,10,17.8,21.3,29.0,7.3,1,0,1,False
M01704,T-1611,C-17A,Carver Field,channel,2025-07-20,25.0,24677,152,9.4,50.3,29.7,6.3,1,0,0,False
M01705,T-0664,C-17A,Halstead AFB,channel,2025-07-20,23.9,23720,14,101.7,80.8,26.7,11.4,0,1,1,False
M01706,T-2386,KC-135R,Dunmore AFB,training,2025-07-20,62.3,36598,94,19.2,12.9,25.9,3.7,0,0,1,False
M01707,T-0951,KC-46A,Halstead AFB,training,2025-07-20,6.7,3673,137,8.8,5.1,21.8,3.6,1,0,1,False
M01708,T-0891,KC-46A,Halstead AFB,air refueling,2025-07-20,5.6,500,84,14.1,0.0,14.2,5.4,1,0,1,False
M01709,T-0780,KC-46A,Halstead AFB,aeromedical,2025-07-20,5.4,500,30,37.5,5.1,25.7,5.2,0,0,0,False
M01710,T-0664,C-17A,Halstead AFB,SAAM,2025-07-20,23.9,23720,44,12.1,54.9,23.4,7.6,0,1,1,False
M01711,T-1847,KC-135R,Carver Field,training,2025-07-20,60.9,53602,61,27.3,4.7,35.2,3.1,1,0,3,False
M01712,T-1733,KC-135R,Carver Field,air refueling,2025-07-20,67.8,47860,42,10.9,0.0,22.2,5.7,0,0,3,False
M01713,T-0143,C-17A,Halstead AFB,channel,2025-07-20,21.7,20720,131,19.4,48.0,18.0,7.4,1,0,3,False
M01714,T-2290,KC-135R,Dunmore AFB,aeromedical,2025-07-21,67.8,42978,116,16.0,6.3,27.9,6.9,1,0,1,False
M01715,T-0790,KC-46A,Halstead AFB,air refueling,2025-07-21,7.8,7001,39,14.1,0.0,23.4,3.5,0,0,0,False
M01716,T-2376,KC-135R,Dunmore AFB,air refueling,2025-07-21,66.8,51278,30,18.0,0.0,16.7,5.0,0,2,2,False
M01717,T-1803,KC-135R,Carver Field,aeromedical,2025-07-21,63.8,46399,31,24.4,7.9,25.7,8.5,0,0,0,False
M01718,T-2225,C-5M,Dunmore AFB,channel,2025-07-22,53.3,54876,64,10.9,102.1,20.4,7.6,1,0,0,False
M01719,T-0425,C-17A,Halstead AFB,channel,2025-07-22,22.8,18352,25,53.8,18.8,25.4,11.5,0,0,0,False
M01720,T-1395,C-17A,Carver Field,channel,2025-07-22,31.0,34623,134,31.3,,33.9,9.5,1,0,2,False
M01721,T-1897,KC-135R,Carver Field,training,2025-07-22,60.1,41165,113,14.0,6.9,34.0,4.1,1,0,2,False
M01722,T-0914,KC-46A,Halstead AFB,air refueling,2025-07-22,5.4,4439,13,65.0,0.0,18.0,5.5,0,0,1,False
M01723,T-0473,C-17A,Halstead AFB,SAAM,2025-07-22,25.9,25278,16,9.7,35.9,15.6,11.4,0,0,3,False
M01724,T-1856,KC-135R,Carver Field,channel,2025-07-22,65.7,50112,61,3.0,13.1,29.6,9.7,1,0,0,False
M01725,T-2382,KC-135R,Dunmore AFB,training,2025-07-22,67.4,65865,42,9.1,5.7,33.2,4.2,0,0,2,False
M01726,T-1859,KC-135R,Carver Field,air refueling,2025-07-23,65.4,50943,49,9.1,0.0,29.8,3.3,0,0,3,False
M01727,T-2049,C-5M,Dunmore AFB,aeromedical,2025-07-23,39.1,24961,129,34.2,30.4,29.7,4.2,0,0,0,False
M01728,T-1713,KC-135R,Carver Field,air refueling,2025-07-23,66.1,44856,51,2.6,0.0,39.1,3.5,1,1,3,False
M01729,T-0730,KC-46A,Halstead AFB,air refueling,2025-07-23,4.0,500,31,16.0,0.0,13.6,3.4,0,0,2,False
M01730,T-1654,KC-135R,Carver Field,air refueling,2025-07-23,59.2,50982,18,7.3,0.0,32.2,3.1,0,0,2,False
M01731,T-1020,KC-46A,Halstead AFB,air refueling,2025-07-23,3.4,500,12,16.6,0.0,24.2,5.9,0,0,0,False
M01732,T-0143,C-17A,Halstead AFB,training,2025-07-23,21.7,20720,55,6.5,11.1,28.5,4.2,1,0,3,False
M01733,T-1800,KC-135R,Carver Field,air refueling,2025-07-23,59.6,49983,13,40.5,0.0,31.3,4.0,0,0,6,False
M01734,T-0409,C-17A,Halstead AFB,SAAM,2025-07-23,18.5,23325,43,9.0,,16.0,10.2,1,1,1,False
M01735,T-1113,KC-46A,Halstead AFB,air refueling,2025-07-23,2.4,500,67,18.4,0.0,23.3,3.1,0,0,3,False
M01736,T-0493,C-17A,Halstead AFB,channel,2025-07-24,25.1,23647,120,35.9,155.4,29.9,7.2,0,0,4,False
M01737,T-0891,KC-46A,Halstead AFB,air refueling,2025-07-24,5.6,500,73,20.4,0.0,20.0,5.2,0,0,1,False
M01738,T-2023,C-5M,Dunmore AFB,channel,2025-07-24,46.5,35310,106,28.5,114.4,27.1,10.2,1,0,0,False
M01739,T-0988,KC-46A,Halstead AFB,training,2025-07-24,6.0,9210,26,20.9,15.4,10.0,2.7,0,0,4,False
M01740,T-0664,C-17A,Halstead AFB,channel,2025-07-24,23.9,23720,27,21.9,24.6,19.4,11.4,1,1,1,False
M01741,T-1611,C-17A,Carver Field,channel,2025-07-24,25.0,24677,28,14.6,31.2,27.6,6.9,0,0,0,False
M01742,T-1859,KC-135R,Carver Field,air refueling,2025-07-24,65.4,50943,66,6.5,0.0,24.7,3.9,0,0,3,False
M01743,T-1137,C-17A,Carver Field,SAAM,2025-07-24,26.3,26363,58,23.0,76.6,36.8,9.6,1,0,1,False
M01744,T-1056,KC-46A,Halstead AFB,air refueling,2025-07-24,6.9,5985,160,5.8,0.0,18.4,3.3,0,0,0,False
M01745,T-0493,C-17A,Halstead AFB,aeromedical,2025-07-24,25.1,23647,59,4.0,10.1,22.9,7.8,0,0,4,False
M01746,T-2552,KC-135R,Dunmore AFB,air refueling,2025-07-25,65.1,65331,67,22.6,0.0,31.8,4.6,0,0,2,False
M01747,T-0531,C-17A,Halstead AFB,aeromedical,2025-07-25,31.2,20204,33,23.0,26.1,26.8,6.8,0,1,3,False
M01748,T-1020,KC-46A,Halstead AFB,air refueling,2025-07-25,3.4,500,75,5.1,0.0,15.6,3.9,0,0,0,False
M01749,T-0939,KC-46A,Halstead AFB,air refueling,2025-07-25,7.5,8245,35,9.3,0.0,29.0,4.9,0,0,0,False
M01750,T-0409,C-17A,Halstead AFB,training,2025-07-25,18.5,23325,82,41.1,12.4,27.8,4.9,1,1,1,False
M01751,T-2164,C-5M,Dunmore AFB,channel,2025-07-25,37.4,42570,32,40.4,78.6,16.3,6.8,0,0,0,False
M01752,T-1654,KC-135R,Carver Field,air refueling,2025-07-25,59.2,50982,70,7.3,0.0,26.9,4.0,0,0,2,False
M01753,T-2552,KC-135R,Dunmore AFB,air refueling,2025-07-25,65.1,65331,105,6.3,0.0,21.4,3.4,1,0,2,False
M01754,T-0425,C-17A,Halstead AFB,aeromedical,2025-07-26,22.8,18352,34,13.5,11.9,26.6,7.4,0,0,0,False
M01755,T-2524,KC-135R,Dunmore AFB,air refueling,2025-07-26,67.1,57056,86,22.0,0.0,23.4,4.5,0,0,0,False
M01756,T-1020,KC-46A,Halstead AFB,air refueling,2025-07-26,3.4,500,70,14.8,0.0,29.1,4.1,0,0,0,False
M01757,T-1311,C-17A,Carver Field,channel,2025-07-26,20.7,20906,47,11.0,44.1,37.6,11.0,0,0,1,False
M01758,T-2186,C-5M,Dunmore AFB,channel,2025-07-26,38.2,34011,69,20.2,130.4,21.7,8.3,0,0,0,False
M01759,T-1700,KC-135R,Carver Field,training,2025-07-27,58.7,53822,10,6.7,5.9,24.2,3.0,0,0,0,False
M01760,T-0821,KC-46A,Halstead AFB,training,2025-07-27,5.7,500,73,16.7,,15.8,3.3,1,0,3,False
M01761,T-1340,C-17A,Carver Field,channel,2025-07-27,23.5,12865,9,33.3,68.3,25.4,13.2,0,0,0,False
M01762,T-2260,KC-135R,Dunmore AFB,air refueling,2025-07-27,61.5,50733,16,9.9,0.0,24.4,5.3,0,0,2,False
M01763,T-2114,C-5M,Dunmore AFB,aeromedical,2025-07-27,53.9,35390,90,12.4,17.4,34.0,7.1,0,0,3,False
M01764,T-1496,C-17A,Carver Field,SAAM,2025-07-27,25.9,16243,101,9.4,46.4,28.5,5.7,0,0,0,False
M01765,T-2023,C-5M,Dunmore AFB,channel,2025-07-27,46.5,35310,11,13.9,92.5,29.4,13.8,0,0,0,False
M01766,T-1194,C-17A,Carver Field,channel,2025-07-27,17.3,16603,29,18.8,45.9,29.1,6.5,0,1,3,False
M01767,T-1700,KC-135R,Carver Field,training,2025-07-27,58.7,53822,7,13.9,5.1,27.4,2.7,1,0,0,False
M01768,T-2442,KC-135R,Dunmore AFB,air refueling,2025-07-27,66.9,50383,95,19.1,0.0,25.0,3.7,0,1,2,False
M01769,T-0951,KC-46A,Halstead AFB,air refueling,2025-07-27,6.7,3673,13,9.7,0.0,24.4,4.8,0,0,1,False
M01770,T-0752,KC-46A,Halstead AFB,training,2025-07-27,7.9,500,28,11.9,4.2,20.9,4.0,0,0,2,False
M01771,T-0255,C-17A,Halstead AFB,channel,2025-07-27,28.5,22538,57,12.0,115.1,24.7,7.3,0,2,0,False
M01772,T-2164,C-5M,Dunmore AFB,channel,2025-07-27,37.4,42570,113,18.0,266.0,24.8,8.4,1,0,0,False
M01773,T-2587,KC-135R,Dunmore AFB,air refueling,2025-07-27,61.2,41342,18,26.4,,21.3,3.1,1,0,0,False
M01774,T-0314,C-17A,Halstead AFB,channel,2025-07-28,20.0,5381,13,4.2,33.7,25.5,10.9,0,0,3,False
M01775,T-2186,C-5M,Dunmore AFB,channel,2025-07-28,38.2,34011,21,22.6,241.3,26.9,13.6,0,0,0,False
M01776,T-1887,KC-135R,Carver Field,air refueling,2025-07-28,67.0,50748,139,8.8,0.0,34.2,5.5,1,0,1,False
M01777,T-1908,C-5M,Dunmore AFB,channel,2025-07-28,43.3,32747,31,91.1,153.1,24.5,12.8,1,1,2,False
M01778,T-1722,KC-135R,Carver Field,training,2025-07-28,65.2,42857,93,24.2,5.6,34.5,4.9,0,0,1,False
M01779,T-2504,KC-135R,Dunmore AFB,training,2025-07-28,65.7,48344,94,6.8,3.3,22.6,2.3,1,1,1,False
M01780,T-1630,KC-135R,Carver Field,air refueling,2025-07-28,58.4,49021,49,3.6,0.0,29.2,3.6,1,0,2,False
M01781,T-0639,C-17A,Halstead AFB,channel,2025-07-28,21.7,10925,62,10.1,148.9,22.3,9.7,0,0,2,False
M01782,T-1020,KC-46A,Halstead AFB,channel,2025-07-29,3.4,500,29,14.1,25.2,27.0,10.3,0,0,0,False
M01783,T-1700,KC-135R,Carver Field,air refueling,2025-07-29,58.7,53822,55,8.9,0.0,20.0,5.3,0,0,0,False
M01784,T-1496,C-17A,Carver Field,SAAM,2025-07-29,25.9,16243,15,15.0,63.0,31.2,7.1,0,0,0,False
M01785,T-1767,KC-135R,Carver Field,air refueling,2025-07-29,64.3,61672,111,15.4,0.0,32.8,3.8,1,0,0,False
M01786,T-2145,C-5M,Dunmore AFB,SAAM,2025-07-29,44.7,32151,86,60.2,85.2,30.9,8.9,0,0,2,False
M01787,T-2552,KC-135R,Dunmore AFB,air refueling,2025-07-29,65.1,65331,31,25.6,0.0,29.0,4.9,0,0,2,False
M01788,T-2290,KC-135R,Dunmore AFB,air refueling,2025-07-29,67.8,42978,15,3.2,0.0,17.4,3.8,0,0,1,False
M01789,T-0827,KC-46A,Halstead AFB,air refueling,2025-07-29,2.1,9446,200,7.8,0.0,22.4,5.7,0,0,3,False
M01790,T-2073,C-5M,Dunmore AFB,SAAM,2025-07-29,40.9,26759,38,29.4,82.8,17.5,8.4,0,0,0,False
M01791,T-0951,KC-46A,Halstead AFB,aeromedical,2025-07-29,6.7,3673,6,5.3,15.1,24.1,8.2,1,0,1,False
M01792,T-1869,KC-135R,Carver Field,channel,2025-07-29,65.7,38892,37,5.6,46.4,31.1,7.5,1,0,2,False
M01793,T-0425,C-17A,Halstead AFB,channel,2025-07-29,22.8,18352,39,6.2,91.8,24.5,6.6,0,0,0,False
M01794,T-0664,C-17A,Halstead AFB,channel,2025-07-29,23.9,23720,117,7.3,67.0,18.2,8.5,0,1,1,False
M01795,T-0752,KC-46A,Halstead AFB,air refueling,2025-07-29,7.9,500,55,37.6,0.0,22.5,5.2,0,0,2,False
M01796,T-0281,C-17A,Halstead AFB,training,2025-07-30,23.1,21141,33,5.3,5.6,19.1,4.8,0,2,2,False
M01797,T-2552,KC-135R,Dunmore AFB,air refueling,2025-07-30,65.1,65331,64,18.7,0.0,32.4,5.5,1,0,2,False
M01798,T-0463,C-17A,Halstead AFB,channel,2025-07-30,30.7,19476,76,37.9,68.0,22.1,11.1,1,0,1,False
M01799,T-2366,KC-135R,Dunmore AFB,training,2025-07-30,63.1,45478,55,13.4,9.5,25.6,2.9,0,0,4,False
M01800,T-2433,KC-135R,Dunmore AFB,training,2025-07-30,59.2,35488,58,6.1,6.5,23.4,2.2,1,0,0,False
M01801,T-1700,KC-135R,Carver Field,aeromedical,2025-07-30,58.7,53822,32,13.6,5.2,28.8,4.1,0,0,0,False
M01802,T-2433,KC-135R,Dunmore AFB,air refueling,2025-07-30,59.2,35488,12,21.4,0.0,23.4,3.6,1,0,0,False
M01803,T-0951,KC-46A,Halstead AFB,air refueling,2025-07-30,6.7,3673,32,6.5,0.0,15.2,4.2,0,0,1,False
M01804,T-1340,C-17A,Carver Field,channel,2025-07-31,23.5,12865,75,14.8,45.4,30.1,13.7,0,0,0,False
M01805,T-0752,KC-46A,Halstead AFB,air refueling,2025-07-31,7.9,500,41,29.7,0.0,14.6,6.0,0,0,2,False
M01806,T-1800,KC-135R,Carver Field,air refueling,2025-07-31,59.6,49983,35,16.1,0.0,31.7,3.9,0,0,6,False
M01807,T-1113,KC-46A,Halstead AFB,air refueling,2025-07-31,2.4,500,29,8.9,0.0,23.4,5.2,0,0,3,False
M01808,T-1088,KC-46A,Halstead AFB,training,2025-07-31,4.4,5067,96,13.9,8.8,27.2,3.1,0,1,2,False
M01809,T-0865,KC-46A,Halstead AFB,air refueling,2025-07-31,3.7,1696,32,5.0,0.0,21.5,4.6,0,0,0,False
M01810,T-2474,KC-135R,Dunmore AFB,training,2025-07-31,67.8,48502,61,34.6,5.7,21.7,2.8,0,0,1,False
M01811,T-1823,KC-135R,Carver Field,air refueling,2025-08-01,63.0,50201,61,2.2,0.0,32.1,3.3,0,0,0,False
M01812,T-1940,C-5M,Dunmore AFB,channel,2025-08-01,38.6,34418,98,12.3,,24.6,13.8,1,0,0,False
M01813,T-0549,C-17A,Halstead AFB,SAAM,2025-08-01,20.6,16918,72,8.3,63.6,23.7,6.4,0,0,0,False
M01814,T-0668,KC-46A,Halstead AFB,air refueling,2025-08-01,5.5,998,64,18.1,0.0,20.8,5.1,0,0,0,False
M01815,T-1869,KC-135R,Carver Field,training,2025-08-01,65.7,38892,96,8.3,6.3,32.3,2.2,1,0,2,False
M01816,T-0531,C-17A,Halstead AFB,aeromedical,2025-08-02,31.2,20204,87,11.0,15.9,23.3,7.4,0,1,3,False
M01817,T-0493,C-17A,Halstead AFB,SAAM,2025-08-02,25.1,23647,8,7.2,92.1,24.0,9.1,1,0,4,False
M01818,T-2260,KC-135R,Dunmore AFB,channel,2025-08-03,61.5,50733,13,7.5,23.0,20.5,10.7,0,0,2,False
M01819,T-2540,KC-135R,Dunmore AFB,air refueling,2025-08-03,65.5,57086,8,6.2,0.0,17.5,4.0,1,1,1,False
M01820,T-0531,C-17A,Halstead AFB,SAAM,2025-08-03,31.2,20204,39,14.3,77.8,22.7,10.0,1,1,3,False
M01821,T-0134,C-17A,Halstead AFB,aeromedical,2025-08-03,26.5,6615,99,9.9,21.2,17.4,4.9,0,0,3,False
M01822,T-1395,C-17A,Carver Field,training,2025-08-03,31.0,34623,33,1.6,7.0,29.6,3.0,0,0,2,False
M01823,T-0620,C-17A,Halstead AFB,channel,2025-08-04,28.2,15411,19,5.7,84.9,17.3,9.5,0,0,2,False
M01824,T-0348,C-17A,Halstead AFB,channel,2025-08-04,22.8,15441,15,4.6,,25.7,10.1,0,0,0,False
M01825,T-0914,KC-46A,Halstead AFB,channel,2025-08-04,5.4,4439,52,13.8,33.6,19.4,12.0,0,0,1,False
M01826,T-2049,C-5M,Dunmore AFB,channel,2025-08-04,39.1,24961,147,23.2,97.5,20.5,8.5,0,0,0,False
M01827,T-0988,KC-46A,Halstead AFB,channel,2025-08-04,6.0,9210,13,3.9,32.2,22.0,8.8,0,0,4,False
M01828,T-1395,C-17A,Carver Field,SAAM,2025-08-04,31.0,34623,90,10.9,86.4,33.5,6.7,1,0,2,False
M01829,T-1964,C-5M,Dunmore AFB,channel,2025-08-04,44.9,34382,75,22.8,123.5,33.8,10.7,0,1,1,False
M01830,T-0425,C-17A,Halstead AFB,aeromedical,2025-08-05,22.8,18352,63,5.7,16.1,20.9,5.0,0,0,0,False
M01831,T-1859,KC-135R,Carver Field,air refueling,2025-08-05,65.4,50943,134,8.4,0.0,23.1,5.6,0,0,3,False
M01832,T-2186,C-5M,Dunmore AFB,channel,2025-08-05,38.2,34011,64,11.0,126.8,22.3,7.3,0,0,0,False
M01833,T-0668,KC-46A,Halstead AFB,air refueling,2025-08-05,5.5,998,43,48.7,0.0,17.3,4.7,0,0,0,False
M01834,T-1258,C-17A,Carver Field,channel,2025-08-05,19.2,15181,118,17.1,65.2,29.8,11.3,0,0,0,False
M01835,T-1373,C-17A,Carver Field,SAAM,2025-08-05,32.3,29232,68,7.8,43.2,30.4,11.1,0,2,1,False
M01836,T-0577,C-17A,Halstead AFB,training,2025-08-05,27.6,14931,43,15.3,14.9,26.8,4.8,0,0,1,False
M01837,T-1425,C-17A,Carver Field,aeromedical,2025-08-06,26.7,12605,79,20.1,13.7,32.6,4.8,1,2,4,False
M01838,T-0914,KC-46A,Halstead AFB,training,2025-08-06,5.4,4439,20,8.4,5.2,20.6,2.7,0,0,1,False
M01839,T-2290,KC-135R,Dunmore AFB,air refueling,2025-08-06,67.8,42978,37,5.2,0.0,22.9,4.6,0,0,1,False
M01840,T-1800,KC-135R,Carver Field,air refueling,2025-08-06,59.6,49983,26,4.5,0.0,37.8,4.0,1,0,6,False
M01841,T-0639,C-17A,Halstead AFB,aeromedical,2025-08-06,21.7,10925,20,37.4,31.5,14.8,8.5,0,0,2,False
M01842,T-0255,C-17A,Halstead AFB,training,2025-08-06,28.5,22538,35,24.9,9.8,15.8,2.3,0,2,0,False
M01843,T-0620,C-17A,Halstead AFB,SAAM,2025-08-06,28.2,15411,27,23.2,23.2,23.6,8.9,0,0,2,False
M01844,T-1964,C-5M,Dunmore AFB,channel,2025-08-06,44.9,34382,27,53.1,164.5,35.0,10.1,0,1,1,False
M01845,T-1940,C-5M,Dunmore AFB,aeromedical,2025-08-06,38.6,34418,65,7.7,32.7,28.4,9.7,1,0,0,False
M01846,T-0217,C-17A,Halstead AFB,SAAM,2025-08-06,31.6,23219,174,7.3,109.4,14.8,9.9,1,0,1,False
M01847,T-0208,C-17A,Halstead AFB,training,2025-08-06,26.8,18481,108,16.9,12.5,17.6,2.5,0,0,1,False
M01848,T-1733,KC-135R,Carver Field,air refueling,2025-08-07,67.8,47860,46,53.2,0.0,26.7,3.6,0,0,3,False
M01849,T-0493,C-17A,Halstead AFB,SAAM,2025-08-07,25.1,23647,33,7.6,76.5,12.4,11.3,0,0,4,False
M01850,T-0463,C-17A,Halstead AFB,SAAM,2025-08-07,30.7,19476,45,7.8,52.5,16.6,10.1,0,0,1,False
M01851,T-0473,C-17A,Halstead AFB,channel,2025-08-07,25.9,25278,56,12.1,53.8,13.7,8.2,0,0,3,False
M01852,T-1537,C-17A,Carver Field,channel,2025-08-07,16.8,13250,25,31.6,99.6,20.2,8.3,0,0,0,False
M01853,T-1654,KC-135R,Carver Field,air refueling,2025-08-07,59.2,50982,180,11.2,0.0,32.7,4.9,1,0,2,False
M01854,T-0620,C-17A,Halstead AFB,aeromedical,2025-08-07,28.2,15411,37,4.1,21.8,18.9,8.0,0,0,2,False
M01855,T-1800,KC-135R,Carver Field,channel,2025-08-07,59.6,49983,18,48.0,16.0,24.0,9.8,0,0,6,False
M01856,T-0599,C-17A,Halstead AFB,aeromedical,2025-08-07,25.4,24118,92,7.5,12.6,7.4,4.6,1,0,1,False
M01857,T-2295,KC-135R,Dunmore AFB,air refueling,2025-08-07,63.1,37980,89,25.6,0.0,24.4,5.2,0,1,1,False
M01858,T-0549,C-17A,Halstead AFB,training,2025-08-07,20.6,16918,86,18.0,15.8,30.2,3.4,0,0,0,False
M01859,T-1713,KC-135R,Carver Field,air refueling,2025-08-08,66.1,44856,70,3.0,0.0,32.3,4.1,1,1,3,False
M01860,T-1964,C-5M,Dunmore AFB,SAAM,2025-08-08,44.9,34382,57,42.0,53.6,16.3,10.9,1,1,1,False
M01861,T-0493,C-17A,Halstead AFB,channel,2025-08-08,25.1,23647,52,5.3,31.1,23.4,10.4,0,0,4,False
M01862,T-1611,C-17A,Carver Field,SAAM,2025-08-08,25.0,24677,114,27.3,,25.8,5.3,0,0,0,False
M01863,T-2161,C-5M,Dunmore AFB,SAAM,2025-08-08,44.9,44409,80,39.4,206.6,35.0,11.6,1,0,1,False
M01864,T-1496,C-17A,Carver Field,aeromedical,2025-08-08,25.9,16243,33,42.4,40.0,26.9,4.1,0,0,0,False
M01865,T-2552,KC-135R,Dunmore AFB,air refueling,2025-08-08,65.1,65331,136,4.2,0.0,21.2,3.2,1,0,2,False
M01866,T-1795,KC-135R,Carver Field,training,2025-08-08,64.6,55962,31,21.3,9.1,25.2,3.2,1,0,0,False
M01867,T-1281,C-17A,Carver Field,aeromedical,2025-08-09,26.9,19964,74,5.6,11.2,38.9,7.6,0,0,0,False
M01868,T-0752,KC-46A,Halstead AFB,channel,2025-08-09,7.9,500,41,7.6,18.3,17.5,6.6,0,0,2,False
M01869,T-0639,C-17A,Halstead AFB,aeromedical,2025-08-09,21.7,10925,89,6.0,27.5,18.6,8.7,0,0,2,False
M01870,T-1619,KC-135R,Carver Field,air refueling,2025-08-09,65.8,33590,89,8.6,0.0,30.2,5.3,0,0,1,False
M01871,T-0870,KC-46A,Halstead AFB,air refueling,2025-08-09,2.6,676,111,17.4,,25.4,5.6,1,1,0,False
M01872,T-0577,C-17A,Halstead AFB,aeromedical,2025-08-09,27.6,14931,54,20.9,12.2,9.3,4.4,0,0,1,False
M01873,T-0620,C-17A,Halstead AFB,channel,2025-08-10,28.2,15411,85,6.8,108.7,28.2,11.6,1,0,2,False
M01874,T-0531,C-17A,Halstead AFB,aeromedical,2025-08-10,31.2,20204,79,25.6,14.6,24.8,4.6,0,1,3,False
M01875,T-0176,C-17A,Halstead AFB,SAAM,2025-08-10,31.3,25596,78,44.7,67.1,21.5,8.0,1,0,0,False
M01876,T-0314,C-17A,Halstead AFB,training,2025-08-10,20.0,5381,18,14.9,7.8,14.2,2.5,0,0,3,False
M01877,T-1137,C-17A,Carver Field,channel,2025-08-10,26.3,26363,29,30.3,65.9,29.2,13.4,0,0,1,False
M01878,T-0208,C-17A,Halstead AFB,aeromedical,2025-08-10,26.8,18481,116,11.0,13.9,21.3,8.9,0,0,1,False
M01879,T-2433,KC-135R,Dunmore AFB,air refueling,2025-08-10,59.2,35488,14,3.9,0.0,16.5,4.4,0,0,0,False
M01880,T-2052,C-5M,Dunmore AFB,channel,2025-08-10,46.4,27070,25,7.5,90.3,21.2,9.2,0,0,0,False
M01881,T-2295,KC-135R,Dunmore AFB,training,2025-08-11,63.1,37980,39,12.7,7.1,22.5,2.7,0,1,1,False
M01882,T-0425,C-17A,Halstead AFB,SAAM,2025-08-11,22.8,18352,65,28.8,63.3,16.5,9.4,0,0,0,False
M01883,T-2386,KC-135R,Dunmore AFB,air refueling,2025-08-11,62.3,36598,54,13.5,,21.9,4.3,1,0,1,False
M01884,T-0493,C-17A,Halstead AFB,SAAM,2025-08-11,25.1,23647,64,38.7,29.1,24.9,11.2,0,0,4,False
M01885,T-0134,C-17A,Halstead AFB,channel,2025-08-11,26.5,6615,27,14.8,48.1,21.9,8.7,1,0,3,False
M01886,T-2504,KC-135R,Dunmore AFB,channel,2025-08-12,65.7,48344,39,3.0,,21.2,8.4,1,1,1,False
M01887,T-2145,C-5M,Dunmore AFB,aeromedical,2025-08-12,44.7,32151,29,40.7,,31.6,6.5,0,0,2,False
M01888,T-0409,C-17A,Halstead AFB,channel,2025-08-12,18.5,23325,22,5.2,84.9,22.9,13.5,0,1,1,False
M01889,T-1869,KC-135R,Carver Field,training,2025-08-12,65.7,38892,60,11.2,4.0,32.2,3.5,0,0,2,False
M01890,T-0463,C-17A,Halstead AFB,channel,2025-08-12,30.7,19476,40,3.4,161.2,23.6,8.0,0,0,1,False
M01891,T-1553,C-17A,Carver Field,channel,2025-08-12,31.5,16953,51,13.0,34.0,30.5,13.7,0,0,2,False
M01892,T-1088,KC-46A,Halstead AFB,air refueling,2025-08-12,4.4,5067,28,55.1,0.0,10.2,3.0,0,1,2,False
M01893,T-1800,KC-135R,Carver Field,air refueling,2025-08-12,59.6,49983,4,15.3,0.0,29.0,3.5,0,0,6,False
M01894,T-1088,KC-46A,Halstead AFB,training,2025-08-12,4.4,5067,28,4.0,4.4,2.1,4.8,0,1,2,False
M01895,T-1056,KC-46A,Halstead AFB,training,2025-08-12,6.9,5985,62,6.1,5.6,10.2,2.9,0,0,0,False
M01896,T-2114,C-5M,Dunmore AFB,channel,2025-08-13,53.9,35390,100,39.1,127.7,18.9,9.1,0,0,3,False
M01897,T-0865,KC-46A,Halstead AFB,training,2025-08-13,3.7,1696,174,5.5,2.4,18.3,4.2,0,0,0,False
M01898,T-1311,C-17A,Carver Field,channel,2025-08-13,20.7,20906,181,8.7,123.6,33.0,11.2,1,0,1,False
M01899,T-0891,KC-46A,Halstead AFB,air refueling,2025-08-13,5.6,500,23,27.0,0.0,9.0,4.7,0,0,1,False
M01900,T-0827,KC-46A,Halstead AFB,air refueling,2025-08-13,2.1,9446,68,6.9,0.0,16.1,3.6,0,0,3,False
M01901,T-1171,C-17A,Carver Field,channel,2025-08-13,26.8,29878,33,13.7,84.5,27.6,7.4,1,0,2,False
M01902,T-0730,KC-46A,Halstead AFB,air refueling,2025-08-13,4.0,500,75,3.4,0.0,23.2,4.8,0,0,2,False
M01903,T-2225,C-5M,Dunmore AFB,channel,2025-08-13,53.3,54876,61,7.1,98.7,19.7,8.2,1,0,0,False
M01904,T-1823,KC-135R,Carver Field,training,2025-08-14,63.0,50201,35,7.3,23.4,22.5,2.6,1,0,0,False
M01905,T-1281,C-17A,Carver Field,SAAM,2025-08-14,26.9,19964,174,12.7,92.5,22.4,9.5,1,0,0,False
M01906,T-0668,KC-46A,Halstead AFB,air refueling,2025-08-14,5.5,998,132,7.0,0.0,26.7,4.8,1,0,0,False
M01907,T-0668,KC-46A,Halstead AFB,training,2025-08-14,5.5,998,19,9.2,7.8,16.1,4.3,1,0,0,False
M01908,T-2366,KC-135R,Dunmore AFB,air refueling,2025-08-14,63.1,45478,21,11.9,0.0,14.7,3.4,0,0,4,False
M01909,T-1258,C-17A,Carver Field,channel,2025-08-14,19.2,15181,42,19.1,42.8,25.2,12.3,0,0,0,False
M01910,T-2433,KC-135R,Dunmore AFB,air refueling,2025-08-15,59.2,35488,92,6.4,0.0,29.2,5.8,0,0,0,False
M01911,T-0730,KC-46A,Halstead AFB,training,2025-08-15,4.0,500,121,15.1,3.1,16.5,3.1,0,0,2,False
M01912,T-0348,C-17A,Halstead AFB,SAAM,2025-08-15,22.8,15441,43,17.6,51.8,17.7,7.2,0,0,0,False
M01913,T-0143,C-17A,Halstead AFB,SAAM,2025-08-15,21.7,20720,76,20.8,43.8,10.0,7.6,0,0,3,False
M01914,T-1856,KC-135R,Carver Field,air refueling,2025-08-15,65.7,50112,38,14.0,0.0,31.4,5.9,1,0,0,False
M01915,T-0348,C-17A,Halstead AFB,channel,2025-08-15,22.8,15441,69,5.9,101.3,26.3,8.3,0,0,0,False
M01916,T-1281,C-17A,Carver Field,channel,2025-08-15,26.9,19964,76,32.7,44.4,28.2,8.1,0,0,0,False
M01917,T-1920,C-5M,Dunmore AFB,channel,2025-08-15,40.4,32103,61,32.4,188.4,23.9,8.0,1,0,0,False
M01918,T-1700,KC-135R,Carver Field,aeromedical,2025-08-15,58.7,53822,186,5.5,4.8,36.4,5.8,1,0,0,False
M01919,T-0827,KC-46A,Halstead AFB,air refueling,2025-08-15,2.1,9446,35,10.8,0.0,14.0,5.5,0,0,3,False
M01920,T-0639,C-17A,Halstead AFB,SAAM,2025-08-15,21.7,10925,37,24.4,55.5,19.0,10.0,0,0,2,False
M01921,T-1859,KC-135R,Carver Field,air refueling,2025-08-15,65.4,50943,55,10.4,0.0,36.9,3.3,0,0,3,False
M01922,T-2161,C-5M,Dunmore AFB,training,2025-08-16,44.9,44409,94,21.6,31.9,16.1,4.8,0,0,1,False
M01923,T-2504,KC-135R,Dunmore AFB,channel,2025-08-16,65.7,48344,93,21.6,20.4,20.5,9.2,1,1,1,False
M01924,T-1311,C-17A,Carver Field,aeromedical,2025-08-16,20.7,20906,15,16.8,13.8,29.2,8.2,0,0,1,False
M01925,T-0255,C-17A,Halstead AFB,SAAM,2025-08-16,28.5,22538,18,21.1,57.9,24.3,9.4,0,2,0,False
M01926,T-0695,KC-46A,Halstead AFB,air refueling,2025-08-16,2.0,500,52,7.8,0.0,21.8,5.1,0,0,1,False
M01927,T-2049,C-5M,Dunmore AFB,SAAM,2025-08-16,39.1,24961,116,25.2,188.4,23.2,7.2,0,0,0,False
M01928,T-2049,C-5M,Dunmore AFB,training,2025-08-16,39.1,24961,89,56.0,15.8,26.9,2.0,0,0,0,False
M01929,T-0914,KC-46A,Halstead AFB,training,2025-08-16,5.4,4439,45,30.2,6.7,19.7,4.6,0,0,1,False
M01930,T-1713,KC-135R,Carver Field,air refueling,2025-08-16,66.1,44856,41,11.0,0.0,33.5,4.8,0,1,3,False
M01931,T-1020,KC-46A,Halstead AFB,air refueling,2025-08-16,3.4,500,115,18.8,0.0,19.4,5.1,0,0,0,False
M01932,T-2572,KC-135R,Dunmore AFB,air refueling,2025-08-16,58.1,43971,13,12.7,0.0,16.0,3.9,0,0,1,False
M01933,T-1496,C-17A,Carver Field,SAAM,2025-08-16,25.9,16243,81,8.9,31.3,30.9,5.0,0,0,0,False
M01934,T-1654,KC-135R,Carver Field,air refueling,2025-08-17,59.2,50982,106,3.1,0.0,28.5,3.8,1,0,2,False
M01935,T-2386,KC-135R,Dunmore AFB,air refueling,2025-08-17,62.3,36598,14,26.6,0.0,20.2,3.7,0,0,1,False
M01936,T-1496,C-17A,Carver Field,aeromedical,2025-08-17,25.9,16243,25,26.8,14.3,32.3,5.6,1,0,0,False
M01937,T-0664,C-17A,Halstead AFB,SAAM,2025-08-17,23.9,23720,73,17.8,33.1,16.0,5.5,1,1,1,False
M01938,T-0549,C-17A,Halstead AFB,channel,2025-08-17,20.6,16918,39,10.9,46.3,19.8,8.1,1,0,0,False
M01939,T-2145,C-5M,Dunmore AFB,aeromedical,2025-08-17,44.7,32151,62,3.2,46.1,16.9,9.4,1,0,2,False
M01940,T-0599,C-17A,Halstead AFB,aeromedical,2025-08-17,25.4,24118,84,7.9,8.8,30.2,4.8,1,0,1,False
M01941,T-1056,KC-46A,Halstead AFB,training,2025-08-17,6.9,5985,61,12.3,8.2,13.3,2.7,0,0,0,False
M01942,T-2545,KC-135R,Dunmore AFB,air refueling,2025-08-18,59.3,46236,42,10.6,0.0,20.2,4.0,0,0,0,False
M01943,T-1611,C-17A,Carver Field,training,2025-08-18,25.0,24677,26,31.2,,25.8,4.7,0,0,0,False
M01944,T-1340,C-17A,Carver Field,channel,2025-08-18,23.5,12865,55,6.5,70.0,30.9,8.0,0,0,0,False
M01945,T-1733,KC-135R,Carver Field,air refueling,2025-08-18,67.8,47860,102,16.8,0.0,20.5,4.0,0,0,3,False
M01946,T-1920,C-5M,Dunmore AFB,training,2025-08-18,40.4,32103,82,39.5,27.9,22.9,3.8,0,0,0,False
M01947,T-0255,C-17A,Halstead AFB,aeromedical,2025-08-18,28.5,22538,112,6.7,11.4,19.1,9.1,1,2,0,False
M01948,T-2052,C-5M,Dunmore AFB,channel,2025-08-18,46.4,27070,31,58.5,83.5,19.0,7.6,0,0,0,False
M01949,T-2572,KC-135R,Dunmore AFB,air refueling,2025-08-18,58.1,43971,45,24.2,0.0,25.4,5.1,1,0,1,False
M01950,T-2366,KC-135R,Dunmore AFB,training,2025-08-19,63.1,45478,48,4.5,13.7,25.8,3.0,1,0,4,False
M01951,T-0780,KC-46A,Halstead AFB,air refueling,2025-08-19,5.4,500,118,7.1,0.0,18.3,4.4,1,0,0,False
M01952,T-1869,KC-135R,Carver Field,air refueling,2025-08-19,65.7,38892,111,3.5,,24.9,4.3,1,0,2,False
M01953,T-0549,C-17A,Halstead AFB,SAAM,2025-08-19,20.6,16918,36,6.2,150.1,16.3,6.7,0,0,0,False
M01954,T-0780,KC-46A,Halstead AFB,air refueling,2025-08-19,5.4,500,18,38.3,0.0,10.5,3.8,0,0,0,False
M01955,T-0752,KC-46A,Halstead AFB,air refueling,2025-08-19,7.9,500,88,21.7,0.0,22.7,5.7,1,0,2,False
M01956,T-1803,KC-135R,Carver Field,air refueling,2025-08-19,63.8,46399,114,10.3,0.0,30.0,3.6,1,0,0,False
M01957,T-1020,KC-46A,Halstead AFB,air refueling,2025-08-19,3.4,500,34,17.1,0.0,25.7,3.3,0,0,0,False
M01958,T-1856,KC-135R,Carver Field,air refueling,2025-08-20,65.7,50112,35,10.7,0.0,28.3,3.4,0,0,0,False
M01959,T-0891,KC-46A,Halstead AFB,air refueling,2025-08-20,5.6,500,19,50.0,0.0,19.7,4.7,0,0,1,False
M01960,T-2540,KC-135R,Dunmore AFB,air refueling,2025-08-20,65.5,57086,66,22.2,0.0,24.9,4.5,0,1,1,False
M01961,T-0217,C-17A,Halstead AFB,SAAM,2025-08-21,31.6,23219,69,12.1,99.3,12.2,8.2,0,0,1,False
M01962,T-0914,KC-46A,Halstead AFB,air refueling,2025-08-21,5.4,4439,28,8.0,0.0,18.2,5.2,1,0,1,False
M01963,T-2073,C-5M,Dunmore AFB,channel,2025-08-21,40.9,26759,42,57.3,170.1,15.1,13.2,1,0,0,False
M01964,T-0790,KC-46A,Halstead AFB,air refueling,2025-08-21,7.8,7001,89,8.4,0.0,17.4,4.0,0,0,0,False
M01965,T-1395,C-17A,Carver Field,aeromedical,2025-08-21,31.0,34623,46,14.0,10.7,26.7,8.3,0,0,2,False
M01966,T-1557,C-17A,Carver Field,training,2025-08-21,19.3,18333,9,33.5,8.9,28.5,4.2,0,0,4,False
M01967,T-1795,KC-135R,Carver Field,air refueling,2025-08-21,64.6,55962,43,15.2,0.0,27.4,3.6,0,0,0,False
M01968,T-2433,KC-135R,Dunmore AFB,training,2025-08-21,59.2,35488,28,28.3,4.4,23.6,3.4,1,0,0,False
M01969,T-1113,KC-46A,Halstead AFB,air refueling,2025-08-21,2.4,500,46,3.2,0.0,30.2,4.3,0,0,3,False
M01970,T-1553,C-17A,Carver Field,SAAM,2025-08-21,31.5,16953,75,14.1,71.0,40.0,5.0,0,0,2,False
M01971,T-0639,C-17A,Halstead AFB,channel,2025-08-21,21.7,10925,57,39.4,34.3,22.9,12.0,0,0,2,False
M01972,T-0988,KC-46A,Halstead AFB,training,2025-08-22,6.0,9210,58,22.5,6.6,19.4,3.2,0,0,4,False
M01973,T-2001,C-5M,Dunmore AFB,channel,2025-08-22,43.4,38613,92,7.0,113.3,24.9,10.1,1,1,0,False
M01974,T-1823,KC-135R,Carver Field,air refueling,2025-08-22,63.0,50201,79,9.3,0.0,30.4,5.7,0,0,0,False
M01975,T-2260,KC-135R,Dunmore AFB,air refueling,2025-08-22,61.5,50733,101,15.8,0.0,28.2,5.7,1,0,2,False
M01976,T-2295,KC-135R,Dunmore AFB,air refueling,2025-08-22,63.1,37980,19,5.2,0.0,19.5,4.5,0,1,1,False
M01977,T-0463,C-17A,Halstead AFB,channel,2025-08-22,30.7,19476,105,10.8,25.4,27.2,9.9,0,0,1,False
M01978,T-2504,KC-135R,Dunmore AFB,air refueling,2025-08-22,65.7,48344,20,16.3,0.0,21.7,4.9,1,1,1,False
M01979,T-1221,C-17A,Carver Field,channel,2025-08-22,15.6,19726,35,34.6,68.2,32.2,12.6,0,0,3,False
M01980,T-1327,C-17A,Carver Field,SAAM,2025-08-22,17.1,16066,40,6.8,74.3,30.1,5.1,0,3,0,False
M01981,T-0348,C-17A,Halstead AFB,channel,2025-08-22,22.8,15441,29,13.0,73.7,16.4,6.1,0,0,0,False
M01982,T-1373,C-17A,Carver Field,channel,2025-08-23,32.3,29232,60,44.1,69.1,25.5,7.9,1,2,1,False
M01983,T-0463,C-17A,Halstead AFB,SAAM,2025-08-23,30.7,19476,29,2.9,54.2,22.3,8.0,0,0,1,False
M01984,T-1897,KC-135R,Carver Field,training,2025-08-23,60.1,41165,22,7.0,7.2,27.8,3.3,0,0,2,False
M01985,T-2001,C-5M,Dunmore AFB,SAAM,2025-08-23,43.4,38613,27,32.2,143.1,18.2,8.6,0,1,0,False
M01986,T-1425,C-17A,Carver Field,SAAM,2025-08-23,26.7,12605,52,19.2,161.5,27.8,8.5,1,2,4,False
M01987,T-0695,KC-46A,Halstead AFB,aeromedical,2025-08-23,2.0,500,93,6.6,5.9,28.4,9.5,0,0,1,False
M01988,T-1171,C-17A,Carver Field,SAAM,2025-08-23,26.8,29878,112,3.2,75.3,25.8,7.4,1,0,2,False
M01989,T-1171,C-17A,Carver Field,channel,2025-08-24,26.8,29878,75,25.3,74.8,29.2,8.2,0,0,2,False
M01990,T-0620,C-17A,Halstead AFB,aeromedical,2025-08-24,28.2,15411,12,12.5,22.6,18.8,5.2,0,0,2,False
M01991,T-2386,KC-135R,Dunmore AFB,air refueling,2025-08-24,62.3,36598,47,3.6,0.0,23.7,5.1,0,0,1,False
M01992,T-2334,KC-135R,Dunmore AFB,channel,2025-08-24,65.9,51911,60,17.3,23.9,28.2,9.2,0,0,1,False
M01993,T-1823,KC-135R,Carver Field,training,2025-08-24,63.0,50201,69,16.5,3.6,24.0,2.8,0,0,0,False
M01994,T-1795,KC-135R,Carver Field,air refueling,2025-08-24,64.6,55962,43,6.2,0.0,30.7,5.8,0,0,0,False
M01995,T-2164,C-5M,Dunmore AFB,aeromedical,2025-08-24,37.4,42570,50,7.9,42.9,24.4,4.4,0,0,0,False
M01996,T-2260,KC-135R,Dunmore AFB,air refueling,2025-08-24,61.5,50733,116,16.9,0.0,23.6,4.9,0,0,2,False
M01997,T-2587,KC-135R,Dunmore AFB,training,2025-08-25,61.2,41342,48,7.9,4.9,31.7,2.1,0,0,0,False
M01998,T-2052,C-5M,Dunmore AFB,training,2025-08-25,46.4,27070,38,22.8,24.6,14.6,3.6,0,0,0,False
M01999,T-2540,KC-135R,Dunmore AFB,air refueling,2025-08-25,65.5,57086,19,20.7,,19.6,3.7,1,1,1,False
M02000,T-2552,KC-135R,Dunmore AFB,air refueling,2025-08-25,65.1,65331,32,21.5,,25.9,3.4,1,0,2,False
M02001,T-0780,KC-46A,Halstead AFB,air refueling,2025-08-25,5.4,500,114,36.2,0.0,24.8,3.4,0,0,0,False
M02002,T-2442,KC-135R,Dunmore AFB,air refueling,2025-08-25,66.9,50383,19,9.1,0.0,15.0,3.9,1,1,2,False
M02003,T-0425,C-17A,Halstead AFB,channel,2025-08-25,22.8,18352,17,16.6,52.9,18.9,8.3,0,0,0,False
M02004,T-1823,KC-135R,Carver Field,air refueling,2025-08-26,63.0,50201,31,12.8,0.0,31.8,5.4,1,0,0,False
M02005,T-1920,C-5M,Dunmore AFB,training,2025-08-26,40.4,32103,45,14.8,20.0,17.3,2.9,0,0,0,False
M02006,T-0314,C-17A,Halstead AFB,aeromedical,2025-08-26,20.0,5381,76,15.3,25.6,17.2,4.8,0,0,3,False
M02007,T-0217,C-17A,Halstead AFB,aeromedical,2025-08-26,31.6,23219,55,11.8,20.2,14.4,9.7,0,0,1,False
M02008,T-2433,KC-135R,Dunmore AFB,training,2025-08-26,59.2,35488,69,4.2,5.6,24.3,3.0,0,0,0,False
M02009,T-1425,C-17A,Carver Field,channel,2025-08-26,26.7,12605,72,17.7,54.1,29.5,13.8,0,2,4,False
M02010,T-1221,C-17A,Carver Field,channel,2025-08-26,15.6,19726,64,12.9,89.4,20.8,10.6,0,0,3,False
M02011,T-1137,C-17A,Carver Field,aeromedical,2025-08-27,26.3,26363,42,9.7,15.1,29.2,8.8,0,0,1,False
M02012,T-1630,KC-135R,Carver Field,training,2025-08-27,58.4,49021,6,16.8,6.0,21.5,3.2,0,0,2,False
M02013,T-1611,C-17A,Carver Field,channel,2025-08-27,25.0,24677,50,5.6,29.9,31.1,12.1,1,0,0,False
M02014,T-2225,C-5M,Dunmore AFB,channel,2025-08-27,53.3,54876,13,6.8,121.0,20.7,13.9,0,0,0,False
M02015,T-1920,C-5M,Dunmore AFB,aeromedical,2025-08-27,40.4,32103,143,23.3,11.6,31.3,5.1,0,0,0,False
M02016,T-2540,KC-135R,Dunmore AFB,air refueling,2025-08-27,65.5,57086,59,12.3,0.0,23.3,4.9,1,1,1,False
M02017,T-1869,KC-135R,Carver Field,air refueling,2025-08-27,65.7,38892,92,10.9,0.0,37.6,6.0,0,0,2,False
M02018,T-1537,C-17A,Carver Field,SAAM,2025-08-27,16.8,13250,200,13.6,110.8,31.6,7.0,1,0,0,False
M02019,T-0493,C-17A,Halstead AFB,aeromedical,2025-08-28,25.1,23647,93,3.3,18.2,20.6,9.2,1,0,4,False
M02020,T-0134,C-17A,Halstead AFB,channel,2025-08-28,26.5,6615,113,13.8,135.7,14.8,13.7,0,0,3,False
M02021,T-0599,C-17A,Halstead AFB,SAAM,2025-08-28,25.4,24118,53,17.8,38.6,20.1,7.4,0,0,1,False
M02022,T-1311,C-17A,Carver Field,channel,2025-08-28,20.7,20906,49,92.6,39.8,29.1,13.6,0,0,1,False
M02023,T-1281,C-17A,Carver Field,SAAM,2025-08-28,26.9,19964,86,9.2,,26.3,11.0,0,0,0,False
M02024,T-2552,KC-135R,Dunmore AFB,air refueling,2025-08-28,65.1,65331,37,7.7,0.0,25.0,5.8,1,0,2,False
M02025,T-0865,KC-46A,Halstead AFB,air refueling,2025-08-28,3.7,1696,138,10.5,0.0,20.8,3.3,0,0,0,False
M02026,T-0463,C-17A,Halstead AFB,channel,2025-08-28,30.7,19476,171,18.0,73.2,19.7,13.1,1,0,1,False
M02027,T-1654,KC-135R,Carver Field,air refueling,2025-08-29,59.2,50982,38,21.9,0.0,35.2,3.3,1,0,2,False
M02028,T-2145,C-5M,Dunmore AFB,training,2025-08-29,44.7,32151,33,47.2,19.3,26.8,3.6,0,0,2,False
M02029,T-0891,KC-46A,Halstead AFB,air refueling,2025-08-29,5.6,500,118,5.0,0.0,19.2,4.8,1,0,1,False
M02030,T-1869,KC-135R,Carver Field,air refueling,2025-08-29,65.7,38892,21,20.7,0.0,21.5,5.2,0,0,2,False
M02031,T-1800,KC-135R,Carver Field,training,2025-08-29,59.6,49983,39,67.2,4.8,22.8,2.2,1,0,6,False
M02032,T-0425,C-17A,Halstead AFB,training,2025-08-29,22.8,18352,129,8.4,15.1,26.9,3.9,0,0,0,False
M02033,T-1113,KC-46A,Halstead AFB,training,2025-08-29,2.4,500,18,6.3,3.9,12.9,3.9,0,0,3,False
M02034,T-0314,C-17A,Halstead AFB,SAAM,2025-08-29,20.0,5381,62,3.1,,14.8,10.6,1,0,3,False
M02035,T-1537,C-17A,Carver Field,SAAM,2025-08-30,16.8,13250,103,11.1,95.1,34.4,5.3,0,0,0,False
M02036,T-1311,C-17A,Carver Field,training,2025-08-30,20.7,20906,106,25.9,8.8,30.8,3.0,0,0,1,False
M02037,T-2540,KC-135R,Dunmore AFB,training,2025-08-30,65.5,57086,38,5.3,,24.8,4.8,1,1,1,False
M02038,T-0134,C-17A,Halstead AFB,SAAM,2025-08-30,26.5,6615,16,21.2,103.4,22.5,9.9,0,0,3,False
M02039,T-0463,C-17A,Halstead AFB,channel,2025-08-31,30.7,19476,88,5.9,71.8,11.9,13.2,0,0,1,False
M02040,T-2545,KC-135R,Dunmore AFB,air refueling,2025-08-31,59.3,46236,59,13.0,0.0,23.3,5.2,0,0,0,False
M02041,T-2474,KC-135R,Dunmore AFB,air refueling,2025-08-31,67.8,48502,200,6.3,0.0,16.3,5.9,0,0,1,False
M02042,T-2225,C-5M,Dunmore AFB,SAAM,2025-08-31,53.3,54876,35,13.3,99.1,23.6,8.2,1,0,0,False
M02043,T-1510,C-17A,Carver Field,SAAM,2025-08-31,18.9,500,75,18.9,63.6,31.1,6.7,0,0,0,False
M02044,T-1593,C-17A,Carver Field,training,2025-09-01,18.3,12995,15,10.7,19.7,22.4,2.5,0,1,0,False
M02045,T-0314,C-17A,Halstead AFB,SAAM,2025-09-01,20.0,5381,56,18.9,59.0,10.9,10.0,0,0,3,False
M02046,T-2023,C-5M,Dunmore AFB,SAAM,2025-09-01,46.5,35310,15,35.0,121.8,21.3,8.1,0,0,0,False
M02047,T-1510,C-17A,Carver Field,channel,2025-09-01,18.9,500,73,34.9,38.1,15.9,8.7,0,0,0,False
M02048,T-2089,C-5M,Dunmore AFB,channel,2025-09-01,42.3,34339,4,18.6,170.2,28.4,13.3,0,0,3,False
M02049,T-0549,C-17A,Halstead AFB,channel,2025-09-01,20.6,16918,59,15.8,161.5,13.9,13.0,0,0,0,False
M02050,T-2552,KC-135R,Dunmore AFB,channel,2025-09-01,65.1,65331,44,29.3,57.9,12.4,11.7,0,0,2,False
M02051,T-0143,C-17A,Halstead AFB,channel,2025-09-01,21.7,20720,11,45.5,103.5,20.1,12.2,0,0,3,False
M02052,T-0314,C-17A,Halstead AFB,channel,2025-09-01,20.0,5381,84,19.7,130.9,18.3,10.5,0,0,3,False
M02053,T-1258,C-17A,Carver Field,SAAM,2025-09-01,19.2,15181,141,13.7,54.6,22.7,10.9,1,0,0,False
M02054,T-1462,C-17A,Carver Field,channel,2025-09-02,21.2,21621,36,6.9,48.2,16.0,13.9,0,0,0,False
M02055,T-0370,C-17A,Halstead AFB,channel,2025-09-02,15.2,15916,64,15.0,65.7,23.2,7.4,0,0,1,False
M02056,T-2524,KC-135R,Dunmore AFB,air refueling,2025-09-02,67.1,57056,49,7.8,0.0,18.8,4.7,1,0,0,False
M02057,T-0790,KC-46A,Halstead AFB,air refueling,2025-09-02,7.8,7001,55,7.9,0.0,14.5,3.7,0,0,0,False
M02058,T-1733,KC-135R,Carver Field,training,2025-09-02,67.8,47860,15,6.9,2.6,27.4,2.2,0,0,3,False
M02059,T-2366,KC-135R,Dunmore AFB,air refueling,2025-09-02,63.1,45478,39,12.3,0.0,23.8,5.2,1,0,4,False
M02060,T-1869,KC-135R,Carver Field,air refueling,2025-09-03,65.7,38892,68,5.2,,31.4,4.7,1,0,2,False
M02061,T-0620,C-17A,Halstead AFB,training,2025-09-03,28.2,15411,103,4.3,16.0,18.0,3.1,1,0,2,False
M02062,T-1510,C-17A,Carver Field,channel,2025-09-03,18.9,500,24,19.4,48.1,30.2,7.5,0,0,0,False
M02063,T-1800,KC-135R,Carver Field,aeromedical,2025-09-03,59.6,49983,93,13.2,8.9,27.7,9.5,0,0,6,False
M02064,T-1311,C-17A,Carver Field,channel,2025-09-04,20.7,20906,73,29.1,83.4,31.9,9.5,1,0,1,False
M02065,T-0870,KC-46A,Halstead AFB,air refueling,2025-09-04,2.6,676,32,10.9,0.0,18.9,4.1,1,1,0,False
M02066,T-1887,KC-135R,Carver Field,training,2025-09-04,67.0,50748,24,11.5,2.4,20.8,3.6,1,0,1,False
M02067,T-0549,C-17A,Halstead AFB,channel,2025-09-04,20.6,16918,79,13.5,56.2,24.0,13.7,0,0,0,False
M02068,T-0314,C-17A,Halstead AFB,channel,2025-09-04,20.0,5381,50,16.4,110.8,12.3,12.0,0,0,3,False
M02069,T-1847,KC-135R,Carver Field,channel,2025-09-04,60.9,53602,134,5.7,54.8,20.5,12.2,1,0,3,False
M02070,T-2442,KC-135R,Dunmore AFB,air refueling,2025-09-04,66.9,50383,31,6.8,0.0,20.2,4.7,0,1,2,False
M02071,T-0255,C-17A,Halstead AFB,SAAM,2025-09-04,28.5,22538,69,18.3,30.9,12.8,5.8,1,2,0,False
M02072,T-0668,KC-46A,Halstead AFB,air refueling,2025-09-04,5.5,998,64,25.6,0.0,12.5,5.7,0,0,0,False
M02073,T-0695,KC-46A,Halstead AFB,air refueling,2025-09-05,2.0,500,65,9.0,0.0,21.4,5.4,0,0,1,False
M02074,T-2442,KC-135R,Dunmore AFB,training,2025-09-05,66.9,50383,157,27.2,6.1,14.1,4.5,0,1,2,False
M02075,T-2397,KC-135R,Dunmore AFB,air refueling,2025-09-05,62.1,47128,22,5.2,0.0,19.2,4.8,0,1,2,False
M02076,T-1630,KC-135R,Carver Field,air refueling,2025-09-05,58.4,49021,67,13.9,0.0,27.6,5.2,0,0,2,False
M02077,T-0255,C-17A,Halstead AFB,channel,2025-09-05,28.5,22538,80,45.2,122.1,18.3,10.4,1,2,0,False
M02078,T-0695,KC-46A,Halstead AFB,air refueling,2025-09-06,2.0,500,26,5.1,0.0,10.0,4.6,0,0,1,False
M02079,T-2394,KC-135R,Dunmore AFB,channel,2025-09-06,59.1,31509,16,3.0,18.2,19.8,13.0,1,0,0,False
M02080,T-1658,KC-135R,Carver Field,air refueling,2025-09-06,60.1,63704,29,27.3,0.0,29.0,5.4,0,2,1,False
M02081,T-0208,C-17A,Halstead AFB,training,2025-09-06,26.8,18481,87,9.1,20.5,16.1,3.8,0,0,1,False
M02082,T-2049,C-5M,Dunmore AFB,SAAM,2025-09-06,39.1,24961,22,9.1,71.0,15.4,10.6,0,0,0,False
M02083,T-2376,KC-135R,Dunmore AFB,channel,2025-09-07,66.8,51278,77,4.9,46.3,19.3,6.1,1,2,2,False
M02084,T-2540,KC-135R,Dunmore AFB,training,2025-09-07,65.5,57086,37,13.0,7.8,23.6,3.7,0,1,1,False
M02085,T-0752,KC-46A,Halstead AFB,air refueling,2025-09-07,7.9,500,17,7.6,0.0,16.9,5.9,0,0,2,False
M02086,T-1258,C-17A,Carver Field,channel,2025-09-07,19.2,15181,63,61.0,57.2,21.4,13.9,0,0,0,False
M02087,T-2290,KC-135R,Dunmore AFB,air refueling,2025-09-07,67.8,42978,50,4.8,0.0,28.1,5.0,1,0,1,False
M02088,T-0827,KC-46A,Halstead AFB,air refueling,2025-09-07,2.1,9446,30,24.8,0.0,9.0,4.1,0,0,3,False
M02089,T-0549,C-17A,Halstead AFB,training,2025-09-07,20.6,16918,24,5.9,13.5,13.3,3.5,0,0,0,False
M02090,T-0143,C-17A,Halstead AFB,training,2025-09-07,21.7,20720,42,14.3,24.7,13.1,3.7,0,0,3,False
M02091,T-0217,C-17A,Halstead AFB,training,2025-09-07,31.6,23219,32,11.3,17.9,21.6,3.0,0,0,1,False
M02092,T-1940,C-5M,Dunmore AFB,training,2025-09-07,38.6,34418,85,5.5,7.2,22.7,2.3,0,0,0,False
M02093,T-0217,C-17A,Halstead AFB,aeromedical,2025-09-07,31.6,23219,136,11.8,21.0,18.1,4.1,0,0,1,False
M02094,T-1593,C-17A,Carver Field,channel,2025-09-08,18.3,12995,7,13.0,57.9,26.6,7.7,0,1,0,False
M02095,T-0764,KC-46A,Halstead AFB,air refueling,2025-09-08,6.4,500,119,8.4,0.0,18.2,4.7,0,0,1,False
M02096,T-1733,KC-135R,Carver Field,air refueling,2025-09-08,67.8,47860,39,9.9,0.0,29.6,3.8,0,0,3,False
M02097,T-2540,KC-135R,Dunmore AFB,channel,2025-09-08,65.5,57086,19,11.8,23.8,24.5,10.8,1,1,1,False
M02098,T-1803,KC-135R,Carver Field,air refueling,2025-09-08,63.8,46399,49,7.1,0.0,33.3,5.9,0,0,0,False
M02099,T-2001,C-5M,Dunmore AFB,training,2025-09-08,43.4,38613,35,17.6,21.0,27.5,2.3,0,1,0,False
M02100,T-0599,C-17A,Halstead AFB,channel,2025-09-08,25.4,24118,44,6.4,30.9,20.1,8.9,0,0,1,False
M02101,T-0493,C-17A,Halstead AFB,SAAM,2025-09-09,25.1,23647,51,13.1,64.0,20.4,7.4,0,0,4,False
M02102,T-2433,KC-135R,Dunmore AFB,aeromedical,2025-09-09,59.2,35488,67,32.6,5.1,8.4,7.1,0,0,0,False
M02103,T-0549,C-17A,Halstead AFB,aeromedical,2025-09-09,20.6,16918,26,5.8,15.7,15.8,5.0,0,0,0,False
M02104,T-0599,C-17A,Halstead AFB,channel,2025-09-09,25.4,24118,20,8.4,70.1,12.6,8.5,0,0,1,False
M02105,T-2225,C-5M,Dunmore AFB,channel,2025-09-09,53.3,54876,20,10.0,,28.3,11.9,1,0,0,False
M02106,T-0409,C-17A,Halstead AFB,SAAM,2025-09-09,18.5,23325,44,13.1,95.2,13.3,11.8,0,1,1,False
M02107,T-0865,KC-46A,Halstead AFB,air refueling,2025-09-09,3.7,1696,110,9.7,0.0,14.4,4.1,0,0,0,False
M02108,T-1869,KC-135R,Carver Field,air refueling,2025-09-10,65.7,38892,34,20.3,0.0,23.7,4.3,0,0,2,False
M02109,T-0208,C-17A,Halstead AFB,training,2025-09-10,26.8,18481,15,23.4,6.4,10.1,4.5,0,0,1,False
M02110,T-2260,KC-135R,Dunmore AFB,training,2025-09-10,61.5,50733,50,19.6,4.1,21.8,3.4,1,0,2,False
M02111,T-2587,KC-135R,Dunmore AFB,training,2025-09-10,61.2,41342,72,9.8,,21.3,2.7,0,0,0,False
M02112,T-0599,C-17A,Halstead AFB,SAAM,2025-09-10,25.4,24118,72,23.7,27.7,7.9,7.9,0,0,1,False
M02113,T-1908,C-5M,Dunmore AFB,aeromedical,2025-09-10,43.3,32747,49,10.5,10.3,19.4,9.9,1,1,2,False
M02114,T-2376,KC-135R,Dunmore AFB,air refueling,2025-09-10,66.8,51278,58,6.9,0.0,11.9,3.8,1,2,2,False
M02115,T-1823,KC-135R,Carver Field,training,2025-09-11,63.0,50201,106,2.7,5.4,28.1,2.8,0,0,0,False
M02116,T-1340,C-17A,Carver Field,channel,2025-09-11,23.5,12865,25,7.7,68.6,28.6,7.6,0,0,0,False
M02117,T-1795,KC-135R,Carver Field,training,2025-09-11,64.6,55962,40,8.5,2.5,24.6,2.6,1,0,0,False
M02118,T-2225,C-5M,Dunmore AFB,channel,2025-09-11,53.3,54876,200,20.1,,14.5,9.7,1,0,0,False
M02119,T-0370,C-17A,Halstead AFB,SAAM,2025-09-11,15.2,15916,30,5.3,74.7,13.7,8.8,0,0,1,False
M02120,T-1496,C-17A,Carver Field,channel,2025-09-11,25.9,16243,54,28.4,59.1,25.6,7.6,0,0,0,False
M02121,T-2524,KC-135R,Dunmore AFB,aeromedical,2025-09-11,67.1,57056,55,20.2,18.1,22.0,5.5,0,0,0,False
M02122,T-0348,C-17A,Halstead AFB,SAAM,2025-09-12,22.8,15441,104,5.4,,25.4,6.5,1,0,0,False
M02123,T-0939,KC-46A,Halstead AFB,air refueling,2025-09-12,7.5,8245,101,30.3,0.0,9.9,3.6,0,0,0,False
M02124,T-0217,C-17A,Halstead AFB,training,2025-09-12,31.6,23219,112,17.0,8.9,13.4,4.2,0,0,1,False
M02125,T-2186,C-5M,Dunmore AFB,aeromedical,2025-09-12,38.2,34011,66,23.3,37.1,21.0,4.1,0,0,0,False
M02126,T-2290,KC-135R,Dunmore AFB,air refueling,2025-09-12,67.8,42978,25,5.1,0.0,17.5,5.4,0,0,1,False
M02127,T-0463,C-17A,Halstead AFB,SAAM,2025-09-12,30.7,19476,61,4.1,45.6,11.5,6.0,0,0,1,False
M02128,T-0473,C-17A,Halstead AFB,training,2025-09-13,25.9,25278,63,13.6,6.4,15.8,4.8,0,0,3,False
M02129,T-1311,C-17A,Carver Field,channel,2025-09-13,20.7,20906,33,25.5,99.8,25.1,11.8,0,0,1,False
M02130,T-0827,KC-46A,Halstead AFB,air refueling,2025-09-13,2.1,9446,58,40.3,0.0,19.3,4.3,0,0,3,False
M02131,T-0827,KC-46A,Halstead AFB,aeromedical,2025-09-13,2.1,9446,120,21.4,6.9,19.0,8.7,0,0,3,False
M02132,T-0891,KC-46A,Halstead AFB,channel,2025-09-13,5.6,500,36,29.9,52.6,19.8,11.6,0,0,1,False
M02133,T-0577,C-17A,Halstead AFB,training,2025-09-13,27.6,14931,61,16.6,12.4,12.9,4.8,0,0,1,False
M02134,T-2260,KC-135R,Dunmore AFB,air refueling,2025-09-13,61.5,50733,33,9.2,0.0,23.5,4.5,0,0,2,False
M02135,T-2260,KC-135R,Dunmore AFB,air refueling,2025-09-13,61.5,50733,68,13.6,0.0,24.8,5.0,1,0,2,False
M02136,T-0208,C-17A,Halstead AFB,channel,2025-09-13,26.8,18481,54,8.1,31.3,13.0,10.4,1,0,1,False
M02137,T-0208,C-17A,Halstead AFB,training,2025-09-13,26.8,18481,78,16.3,5.7,16.2,2.9,0,0,1,False
M02138,T-0664,C-17A,Halstead AFB,aeromedical,2025-09-14,23.9,23720,12,7.9,24.8,20.1,6.9,1,1,1,False
M02139,T-1194,C-17A,Carver Field,SAAM,2025-09-14,17.3,16603,33,6.0,96.8,20.4,10.8,0,1,3,False
M02140,T-1281,C-17A,Carver Field,training,2025-09-14,26.9,19964,61,12.0,40.2,36.1,5.0,0,0,0,False
M02141,T-2049,C-5M,Dunmore AFB,training,2025-09-14,39.1,24961,76,5.8,15.4,18.6,4.3,0,0,0,False
M02142,T-1847,KC-135R,Carver Field,training,2025-09-14,60.9,53602,21,9.9,,37.1,3.3,1,0,3,False
M02143,T-1887,KC-135R,Carver Field,training,2025-09-14,67.0,50748,13,15.5,4.6,24.9,2.2,0,0,1,False
M02144,T-2225,C-5M,Dunmore AFB,channel,2025-09-14,53.3,54876,56,22.0,227.2,19.4,6.9,0,0,0,False
M02145,T-1887,KC-135R,Carver Field,training,2025-09-14,67.0,50748,116,18.8,4.1,35.1,4.7,1,0,1,False
M02146,T-1733,KC-135R,Carver Field,channel,2025-09-14,67.8,47860,55,4.8,26.1,26.6,13.1,1,0,3,False
M02147,T-0752,KC-46A,Halstead AFB,air refueling,2025-09-14,7.9,500,58,11.0,0.0,26.3,4.1,0,0,2,False
M02148,T-1964,C-5M,Dunmore AFB,channel,2025-09-15,44.9,34382,36,56.7,91.7,27.9,6.9,0,1,1,False
M02149,T-0639,C-17A,Halstead AFB,SAAM,2025-09-15,21.7,10925,46,10.1,41.2,16.9,6.9,0,0,2,False
M02150,T-1395,C-17A,Carver Field,SAAM,2025-09-15,31.0,34623,39,28.9,61.8,23.3,7.7,0,0,2,False
M02151,T-2366,KC-135R,Dunmore AFB,channel,2025-09-15,63.1,45478,74,4.0,44.0,14.6,8.1,1,0,4,False
M02152,T-2225,C-5M,Dunmore AFB,channel,2025-09-15,53.3,54876,80,38.0,109.7,24.5,8.6,1,0,0,False
M02153,T-2186,C-5M,Dunmore AFB,SAAM,2025-09-15,38.2,34011,107,30.4,54.5,9.1,6.1,0,0,0,False
M02154,T-2376,KC-135R,Dunmore AFB,training,2025-09-15,66.8,51278,51,5.3,,17.7,5.0,1,2,2,False
M02155,T-1113,KC-46A,Halstead AFB,air refueling,2025-09-15,2.4,500,137,7.5,0.0,12.5,4.1,0,0,3,False
M02156,T-0914,KC-46A,Halstead AFB,air refueling,2025-09-16,5.4,4439,28,12.6,0.0,11.2,5.1,0,0,1,False
M02157,T-0639,C-17A,Halstead AFB,SAAM,2025-09-16,21.7,10925,50,12.3,61.7,15.0,5.3,0,0,2,False
M02158,T-1887,KC-135R,Carver Field,air refueling,2025-09-16,67.0,50748,200,15.3,0.0,28.2,4.4,0,0,1,False
M02159,T-1510,C-17A,Carver Field,channel,2025-09-16,18.9,500,33,24.1,43.3,22.9,10.6,0,0,0,False
M02160,T-0208,C-17A,Halstead AFB,channel,2025-09-16,26.8,18481,111,11.4,65.1,16.6,12.4,1,0,1,False
M02161,T-1395,C-17A,Carver Field,channel,2025-09-16,31.0,34623,102,52.6,58.8,33.4,8.9,0,0,2,False
M02162,T-1658,KC-135R,Carver Field,air refueling,2025-09-16,60.1,63704,35,8.4,0.0,16.2,4.5,0,2,1,False
M02163,T-0668,KC-46A,Halstead AFB,air refueling,2025-09-16,5.5,998,70,9.8,0.0,14.3,4.8,0,0,0,False
M02164,T-1654,KC-135R,Carver Field,training,2025-09-17,59.2,50982,60,7.6,4.5,21.4,4.7,0,0,2,False
M02165,T-2186,C-5M,Dunmore AFB,channel,2025-09-17,38.2,34011,28,41.0,65.6,20.8,7.2,0,0,0,False
M02166,T-2023,C-5M,Dunmore AFB,aeromedical,2025-09-17,46.5,35310,124,8.0,,11.0,6.0,1,0,0,False
M02167,T-2161,C-5M,Dunmore AFB,SAAM,2025-09-17,44.9,44409,7,25.3,166.2,13.6,7.2,1,0,1,False
M02168,T-1856,KC-135R,Carver Field,air refueling,2025-09-17,65.7,50112,58,8.4,0.0,26.3,3.9,0,0,0,False
M02169,T-2089,C-5M,Dunmore AFB,SAAM,2025-09-17,42.3,34339,29,91.2,142.2,19.2,8.7,0,0,3,False
M02170,T-0281,C-17A,Halstead AFB,channel,2025-09-17,23.1,21141,14,28.0,89.9,15.4,6.3,1,2,2,False
M02171,T-0208,C-17A,Halstead AFB,aeromedical,2025-09-18,26.8,18481,32,20.9,21.8,16.3,4.5,0,0,1,False
M02172,T-0370,C-17A,Halstead AFB,aeromedical,2025-09-18,15.2,15916,20,15.5,15.3,1.3,4.7,0,0,1,False
M02173,T-2001,C-5M,Dunmore AFB,aeromedical,2025-09-18,43.4,38613,68,23.1,23.3,18.1,4.7,1,1,0,False
M02174,T-0463,C-17A,Halstead AFB,channel,2025-09-18,30.7,19476,40,8.6,47.7,14.4,10.2,0,0,1,False
M02175,T-1496,C-17A,Carver Field,training,2025-09-18,25.9,16243,80,33.0,12.6,18.8,2.9,1,0,0,False
M02176,T-1425,C-17A,Carver Field,channel,2025-09-18,26.7,12605,51,8.3,46.3,22.8,11.9,0,2,4,False
M02177,T-2474,KC-135R,Dunmore AFB,aeromedical,2025-09-18,67.8,48502,48,7.4,,12.4,6.6,1,0,1,False
M02178,T-1859,KC-135R,Carver Field,air refueling,2025-09-18,65.4,50943,47,2.8,0.0,25.4,5.6,1,0,3,False
M02179,T-0821,KC-46A,Halstead AFB,air refueling,2025-09-18,5.7,500,15,3.1,0.0,9.0,5.9,0,0,3,False
M02180,T-2552,KC-135R,Dunmore AFB,air refueling,2025-09-19,65.1,65331,45,12.2,0.0,21.8,5.0,0,0,2,False
M02181,T-1504,C-17A,Carver Field,channel,2025-09-19,21.4,28553,45,17.8,119.1,26.0,6.4,0,0,0,False
M02182,T-0370,C-17A,Halstead AFB,training,2025-09-19,15.2,15916,24,27.6,,15.7,3.9,0,0,1,False
M02183,T-2366,KC-135R,Dunmore AFB,air refueling,2025-09-19,63.1,45478,47,11.2,0.0,16.8,5.7,0,0,4,False
M02184,T-1340,C-17A,Carver Field,SAAM,2025-09-19,23.5,12865,25,15.0,71.9,21.9,7.2,0,0,0,False
M02185,T-1462,C-17A,Carver Field,aeromedical,2025-09-19,21.2,21621,59,17.3,7.0,20.8,4.1,0,0,0,False
M02186,T-0780,KC-46A,Halstead AFB,air refueling,2025-09-20,5.4,500,63,13.4,0.0,17.6,5.5,1,0,0,False
M02187,T-0176,C-17A,Halstead AFB,channel,2025-09-20,31.3,25596,46,14.2,,9.1,8.6,0,0,0,False
M02188,T-2145,C-5M,Dunmore AFB,aeromedical,2025-09-20,44.7,32151,18,20.2,30.2,15.2,4.5,0,0,2,False
M02189,T-0409,C-17A,Halstead AFB,channel,2025-09-20,18.5,23325,16,3.1,80.9,6.1,12.0,0,1,1,False
M02190,T-2145,C-5M,Dunmore AFB,channel,2025-09-20,44.7,32151,91,15.0,75.0,25.6,12.7,0,0,2,False
M02191,T-0668,KC-46A,Halstead AFB,channel,2025-09-20,5.5,998,106,5.5,11.5,19.8,8.7,0,0,0,False
M02192,T-1258,C-17A,Carver Field,channel,2025-09-21,19.2,15181,58,15.3,54.8,18.0,12.4,0,0,0,False
M02193,T-1847,KC-135R,Carver Field,training,2025-09-21,60.9,53602,197,9.1,6.3,25.3,2.3,1,0,3,False
M02194,T-1619,KC-135R,Carver Field,training,2025-09-21,65.8,33590,155,13.1,7.2,24.7,4.6,0,0,1,False
M02195,T-1859,KC-135R,Carver Field,training,2025-09-21,65.4,50943,37,12.2,5.7,28.7,4.3,0,0,3,False
M02196,T-1767,KC-135R,Carver Field,air refueling,2025-09-21,64.3,61672,153,2.7,0.0,23.8,5.4,1,0,0,False
M02197,T-2397,KC-135R,Dunmore AFB,air refueling,2025-09-21,62.1,47128,31,9.4,0.0,16.1,3.1,1,1,2,False
M02198,T-0639,C-17A,Halstead AFB,channel,2025-09-21,21.7,10925,39,15.5,69.7,14.2,6.6,0,0,2,False
M02199,T-1020,KC-46A,Halstead AFB,air refueling,2025-09-21,3.4,500,17,12.3,0.0,7.6,4.3,0,0,0,False
M02200,T-2073,C-5M,Dunmore AFB,channel,2025-09-21,40.9,26759,71,15.9,170.1,19.6,9.7,0,0,0,False
M02201,T-2114,C-5M,Dunmore AFB,aeromedical,2025-09-21,53.9,35390,68,42.7,19.7,26.3,4.0,0,0,3,False
M02202,T-2225,C-5M,Dunmore AFB,training,2025-09-21,53.3,54876,6,35.7,25.0,27.8,4.0,0,0,0,False
M02203,T-1856,KC-135R,Carver Field,air refueling,2025-09-22,65.7,50112,64,16.2,0.0,20.5,4.8,0,0,0,False
M02204,T-1171,C-17A,Carver Field,channel,2025-09-22,26.8,29878,133,18.5,53.9,29.0,11.9,1,0,2,False
M02205,T-2260,KC-135R,Dunmore AFB,air refueling,2025-09-22,61.5,50733,71,10.5,0.0,12.8,3.2,0,0,2,False
M02206,T-1677,KC-135R,Carver Field,air refueling,2025-09-22,67.6,55886,29,13.2,,27.3,5.1,1,0,1,False
M02207,T-1311,C-17A,Carver Field,channel,2025-09-22,20.7,20906,33,19.9,72.5,23.4,7.1,0,0,1,False
M02208,T-2023,C-5M,Dunmore AFB,channel,2025-09-22,46.5,35310,68,17.9,190.0,16.6,8.7,0,0,0,False
M02209,T-2545,KC-135R,Dunmore AFB,air refueling,2025-09-22,59.3,46236,162,41.0,0.0,22.2,4.3,0,0,0,False
M02210,T-1713,KC-135R,Carver Field,air refueling,2025-09-22,66.1,44856,55,14.2,0.0,20.7,5.3,0,1,3,False
M02211,T-1504,C-17A,Carver Field,channel,2025-09-22,21.4,28553,8,30.8,34.8,27.3,12.4,0,0,0,False
M02212,T-0988,KC-46A,Halstead AFB,channel,2025-09-22,6.0,9210,36,31.0,19.2,5.1,7.3,0,0,4,False
M02213,T-1847,KC-135R,Carver Field,air refueling,2025-09-22,60.9,53602,35,13.9,0.0,28.4,5.0,1,0,3,False
M02214,T-0668,KC-46A,Halstead AFB,air refueling,2025-09-22,5.5,998,34,16.6,0.0,8.1,3.6,0,0,0,False
M02215,T-1194,C-17A,Carver Field,training,2025-09-23,17.3,16603,5,10.3,20.3,26.2,2.3,0,1,3,False
M02216,T-0281,C-17A,Halstead AFB,training,2025-09-23,23.1,21141,12,8.4,7.2,17.1,3.9,0,2,2,False
M02217,T-0988,KC-46A,Halstead AFB,air refueling,2025-09-23,6.0,9210,28,7.9,0.0,10.2,5.4,0,0,4,False
M02218,T-0473,C-17A,Halstead AFB,SAAM,2025-09-23,25.9,25278,90,24.0,80.3,14.0,7.9,0,0,3,False
M02219,T-1281,C-17A,Carver Field,channel,2025-09-23,26.9,19964,12,32.8,57.1,24.2,9.3,0,0,0,False
M02220,T-2225,C-5M,Dunmore AFB,SAAM,2025-09-23,53.3,54876,51,16.8,58.0,20.9,5.0,1,0,0,False
M02221,T-1940,C-5M,Dunmore AFB,SAAM,2025-09-24,38.6,34418,110,19.8,145.5,9.7,8.1,0,0,0,False
M02222,T-1700,KC-135R,Carver Field,channel,2025-09-24,58.7,53822,109,10.3,30.3,21.2,10.3,1,0,0,False
M02223,T-2382,KC-135R,Dunmore AFB,aeromedical,2025-09-24,67.4,65865,27,18.9,11.4,25.0,6.2,0,0,2,False
M02224,T-1803,KC-135R,Carver Field,training,2025-09-24,63.8,46399,90,9.2,5.1,21.5,2.5,0,0,0,False
M02225,T-2397,KC-135R,Dunmore AFB,air refueling,2025-09-24,62.1,47128,123,11.7,0.0,19.7,4.6,1,1,2,False
M02226,T-0764,KC-46A,Halstead AFB,air refueling,2025-09-25,6.4,500,108,2.6,,20.1,3.6,1,0,1,False
M02227,T-2386,KC-135R,Dunmore AFB,training,2025-09-25,62.3,36598,63,7.4,6.7,13.8,2.3,0,0,1,False
M02228,T-0988,KC-46A,Halstead AFB,air refueling,2025-09-25,6.0,9210,42,22.3,0.0,17.4,5.6,0,0,4,False
M02229,T-1964,C-5M,Dunmore AFB,training,2025-09-25,44.9,34382,119,7.2,27.7,11.0,3.9,1,1,1,False
M02230,T-0821,KC-46A,Halstead AFB,training,2025-09-25,5.7,500,72,26.4,9.3,10.0,3.8,0,0,3,False
M02231,T-0664,C-17A,Halstead AFB,SAAM,2025-09-26,23.9,23720,118,7.1,52.1,11.6,10.6,1,1,1,False
M02232,T-0370,C-17A,Halstead AFB,SAAM,2025-09-26,15.2,15916,102,22.5,28.7,11.3,6.9,0,0,1,False
M02233,T-1137,C-17A,Carver Field,aeromedical,2025-09-26,26.3,26363,22,15.9,,22.8,9.3,1,0,1,False
M02234,T-1800,KC-135R,Carver Field,training,2025-09-27,59.6,49983,107,14.7,5.1,17.1,3.2,0,0,6,False
M02235,T-0620,C-17A,Halstead AFB,channel,2025-09-27,28.2,15411,44,5.7,50.1,5.0,10.2,0,0,2,False
M02236,T-1722,KC-135R,Carver Field,air refueling,2025-09-27,65.2,42857,48,7.6,0.0,24.7,4.7,0,0,1,False
M02237,T-2386,KC-135R,Dunmore AFB,air refueling,2025-09-27,62.3,36598,40,8.0,0.0,16.0,4.0,1,0,1,False
M02238,T-1964,C-5M,Dunmore AFB,training,2025-09-27,44.9,34382,51,6.8,22.2,23.5,2.1,1,1,1,False
M02239,T-1088,KC-46A,Halstead AFB,training,2025-09-27,4.4,5067,37,4.3,,6.7,4.3,1,1,2,False
M02240,T-1327,C-17A,Carver Field,channel,2025-09-27,17.1,16066,40,14.8,71.9,25.2,7.0,0,3,0,False
M02241,T-0891,KC-46A,Halstead AFB,air refueling,2025-09-27,5.6,500,24,7.0,0.0,9.0,4.1,0,0,1,False
M02242,T-1800,KC-135R,Carver Field,channel,2025-09-27,59.6,49983,33,10.1,46.7,23.9,11.1,0,0,6,False
M02243,T-1373,C-17A,Carver Field,channel,2025-09-28,32.3,29232,22,5.3,73.0,21.0,8.7,1,2,1,False
M02244,T-2114,C-5M,Dunmore AFB,channel,2025-09-28,53.9,35390,68,29.1,73.0,10.1,6.4,0,0,3,False
M02245,T-2052,C-5M,Dunmore AFB,channel,2025-09-28,46.4,27070,34,12.2,59.7,27.7,9.5,0,0,0,False
M02246,T-2161,C-5M,Dunmore AFB,aeromedical,2025-09-28,44.9,44409,63,8.0,,11.6,5.6,0,0,1,False
M02247,T-2089,C-5M,Dunmore AFB,SAAM,2025-09-28,42.3,34339,87,18.5,176.2,20.8,10.7,1,0,3,False
M02248,T-0134,C-17A,Halstead AFB,channel,2025-09-28,26.5,6615,49,31.8,94.7,8.8,7.0,0,0,3,False
M02249,T-1088,KC-46A,Halstead AFB,air refueling,2025-09-28,4.4,5067,16,19.1,0.0,9.5,5.1,0,1,2,False
M02250,T-1713,KC-135R,Carver Field,training,2025-09-28,66.1,44856,81,7.2,4.9,23.5,2.3,0,1,3,False
M02251,T-0620,C-17A,Halstead AFB,SAAM,2025-09-28,28.2,15411,45,45.6,77.9,7.9,8.9,0,0,2,False
M02252,T-0370,C-17A,Halstead AFB,channel,2025-09-28,15.2,15916,19,7.5,82.0,8.7,6.0,0,0,1,False
M02253,T-0870,KC-46A,Halstead AFB,air refueling,2025-09-28,2.6,676,85,18.4,0.0,11.6,4.2,1,1,0,False
M02254,T-2001,C-5M,Dunmore AFB,training,2025-09-28,43.4,38613,83,6.2,28.8,16.6,2.7,0,1,0,False
M02255,T-0143,C-17A,Halstead AFB,channel,2025-09-29,21.7,20720,116,4.6,35.7,4.6,13.4,0,0,3,False
M02256,T-1194,C-17A,Carver Field,SAAM,2025-09-29,17.3,16603,33,13.4,36.3,25.1,8.0,0,1,3,False
M02257,T-1557,C-17A,Carver Field,channel,2025-09-29,19.3,18333,10,31.5,145.5,19.8,8.0,0,0,4,False
M02258,T-1020,KC-46A,Halstead AFB,air refueling,2025-09-29,3.4,500,68,16.3,0.0,13.8,5.9,0,0,0,False
M02259,T-2114,C-5M,Dunmore AFB,SAAM,2025-09-29,53.9,35390,49,30.1,88.7,9.9,6.2,0,0,3,False
M02260,T-1940,C-5M,Dunmore AFB,channel,2025-09-29,38.6,34418,84,18.2,172.3,14.3,11.0,1,0,0,False
M02261,T-1869,KC-135R,Carver Field,channel,2025-09-29,65.7,38892,40,12.3,51.0,25.7,12.5,0,0,2,False
M02262,T-1537,C-17A,Carver Field,aeromedical,2025-09-29,16.8,13250,40,13.8,15.5,23.0,7.0,0,0,0,False
M02263,T-0865,KC-46A,Halstead AFB,training,2025-09-30,3.7,1696,52,18.6,9.0,7.8,3.3,0,0,0,False
M02264,T-0951,KC-46A,Halstead AFB,channel,2025-09-30,6.7,3673,39,4.6,,19.0,9.7,0,0,1,False
M02265,T-1340,C-17A,Carver Field,channel,2025-09-30,23.5,12865,11,69.4,48.2,21.1,13.1,0,0,0,False
M02266,T-1964,C-5M,Dunmore AFB,channel,2025-09-30,44.9,34382,1,11.9,157.9,19.1,10.7,0,1,1,False
M02267,T-1462,C-17A,Carver Field,aeromedical,2025-09-30,21.2,21621,29,11.1,11.2,22.8,6.3,1,0,0,False
M02268,T-1281,C-17A,Carver Field,channel,2025-09-30,26.9,19964,63,15.3,161.5,20.9,13.5,0,0,0,False
M02269,T-0790,KC-46A,Halstead AFB,air refueling,2025-09-30,7.8,7001,62,18.7,0.0,13.1,4.2,0,0,0,False
M02270,T-1897,KC-135R,Carver Field,training,2025-09-30,60.1,41165,12,12.0,3.9,28.0,4.3,1,0,2,False
M02271,T-1557,C-17A,Carver Field,SAAM,2025-09-30,19.3,18333,28,59.8,89.7,28.3,7.6,0,0,4,False
M02272,T-2376,KC-135R,Dunmore AFB,air refueling,2025-09-30,66.8,51278,36,6.5,0.0,18.5,5.8,1,2,2,False
M02273,T-2394,KC-135R,Dunmore AFB,channel,2025-09-30,59.1,31509,26,7.3,,15.4,10.2,1,0,0,False
M02274,T-2145,C-5M,Dunmore AFB,SAAM,2025-09-30,44.7,32151,46,51.1,103.6,7.7,8.6,0,0,2,False
M02275,T-2397,KC-135R,Dunmore AFB,air refueling,2025-10-01,62.1,47128,75,1.4,0.0,11.7,4.7,0,1,2,False
M02276,T-2474,KC-135R,Dunmore AFB,air refueling,2025-10-01,67.8,48502,181,7.6,0.0,20.8,5.7,0,0,1,False
M02277,T-2114,C-5M,Dunmore AFB,SAAM,2025-10-01,53.9,35390,15,25.7,49.7,17.5,7.5,0,0,3,False
M02278,T-1964,C-5M,Dunmore AFB,SAAM,2025-10-01,44.9,34382,60,11.5,110.0,8.0,6.1,1,1,1,False
M02279,T-2073,C-5M,Dunmore AFB,SAAM,2025-10-01,40.9,26759,60,33.0,136.6,19.8,10.1,0,0,0,False
M02280,T-1194,C-17A,Carver Field,SAAM,2025-10-01,17.3,16603,21,8.5,161.5,18.9,11.9,0,1,3,False
M02281,T-2334,KC-135R,Dunmore AFB,aeromedical,2025-10-01,65.9,51911,35,20.9,6.1,23.8,7.2,1,0,1,False
M02282,T-2073,C-5M,Dunmore AFB,aeromedical,2025-10-01,40.9,26759,200,11.7,35.2,21.5,7.1,0,0,0,False
M02283,T-1920,C-5M,Dunmore AFB,aeromedical,2025-10-01,40.4,32103,47,30.8,21.9,12.5,7.5,0,0,0,False
M02284,T-1722,KC-135R,Carver Field,training,2025-10-01,65.2,42857,28,7.3,7.9,23.1,3.1,0,0,1,False
M02285,T-1700,KC-135R,Carver Field,air refueling,2025-10-01,58.7,53822,86,14.3,0.0,13.4,3.7,1,0,0,False
M02286,T-1677,KC-135R,Carver Field,air refueling,2025-10-01,67.6,55886,91,7.1,0.0,22.3,3.8,0,0,1,False
M02287,T-2474,KC-135R,Dunmore AFB,air refueling,2025-10-02,67.8,48502,11,8.2,0.0,11.2,5.2,0,0,1,False
M02288,T-2397,KC-135R,Dunmore AFB,air refueling,2025-10-02,62.1,47128,51,14.8,0.0,19.7,4.0,1,1,2,False
M02289,T-1700,KC-135R,Carver Field,air refueling,2025-10-02,58.7,53822,64,7.7,0.0,18.7,4.3,0,0,0,False
M02290,T-0780,KC-46A,Halstead AFB,air refueling,2025-10-02,5.4,500,80,14.3,0.0,4.8,5.6,0,0,0,False
M02291,T-2001,C-5M,Dunmore AFB,aeromedical,2025-10-02,43.4,38613,31,32.4,85.4,23.6,4.1,0,1,0,False
M02292,T-1722,KC-135R,Carver Field,channel,2025-10-02,65.2,42857,35,11.4,,20.4,9.7,1,0,1,False
M02293,T-2504,KC-135R,Dunmore AFB,air refueling,2025-10-02,65.7,48344,17,4.0,0.0,14.1,5.4,1,1,1,False
M02294,T-0939,KC-46A,Halstead AFB,air refueling,2025-10-02,7.5,8245,66,9.9,0.0,10.7,4.8,0,0,0,False
M02295,T-0577,C-17A,Halstead AFB,channel,2025-10-02,27.6,14931,151,13.8,60.5,8.5,7.9,0,0,1,False
M02296,T-0208,C-17A,Halstead AFB,channel,2025-10-03,26.8,18481,109,13.5,97.0,0.5,11.3,0,0,1,False
M02297,T-1700,KC-135R,Carver Field,air refueling,2025-10-03,58.7,53822,46,7.9,0.0,15.6,4.3,0,0,0,False
M02298,T-2164,C-5M,Dunmore AFB,channel,2025-10-03,37.4,42570,26,14.7,61.5,25.3,13.5,1,0,0,False
M02299,T-2540,KC-135R,Dunmore AFB,air refueling,2025-10-03,65.5,57086,77,17.1,0.0,15.9,3.4,1,1,1,False
M02300,T-0620,C-17A,Halstead AFB,SAAM,2025-10-03,28.2,15411,91,58.9,,6.5,5.9,1,0,2,False
M02301,T-2049,C-5M,Dunmore AFB,channel,2025-10-03,39.1,24961,86,7.0,211.2,18.4,13.7,0,0,0,False
M02302,T-0409,C-17A,Halstead AFB,channel,2025-10-03,18.5,23325,62,8.7,39.9,9.3,8.0,0,1,1,False
M02303,T-2545,KC-135R,Dunmore AFB,air refueling,2025-10-03,59.3,46236,50,9.0,0.0,21.8,4.0,0,0,0,False
M02304,T-1869,KC-135R,Carver Field,air refueling,2025-10-04,65.7,38892,31,23.6,0.0,17.5,5.5,0,0,2,False
M02305,T-2001,C-5M,Dunmore AFB,SAAM,2025-10-04,43.4,38613,30,24.6,,13.9,8.5,1,1,0,False
M02306,T-1964,C-5M,Dunmore AFB,aeromedical,2025-10-04,44.9,34382,69,21.4,23.9,12.7,8.5,0,1,1,False
M02307,T-2386,KC-135R,Dunmore AFB,air refueling,2025-10-04,62.3,36598,29,27.3,0.0,4.0,3.0,0,0,1,False
M02308,T-0639,C-17A,Halstead AFB,SAAM,2025-10-05,21.7,10925,27,11.5,101.1,1.3,7.8,0,0,2,False
M02309,T-0409,C-17A,Halstead AFB,aeromedical,2025-10-05,18.5,23325,47,5.0,12.8,11.4,8.2,0,1,1,False
M02310,T-2386,KC-135R,Dunmore AFB,air refueling,2025-10-05,62.3,36598,83,5.7,0.0,8.6,5.4,1,0,1,False
M02311,T-2290,KC-135R,Dunmore AFB,training,2025-10-05,67.8,42978,10,8.3,5.9,14.2,3.1,0,0,1,False
M02312,T-0493,C-17A,Halstead AFB,channel,2025-10-05,25.1,23647,67,11.3,42.5,6.4,13.3,0,0,4,False
M02313,T-0531,C-17A,Halstead AFB,aeromedical,2025-10-05,31.2,20204,68,14.9,14.7,4.0,8.3,0,1,3,False
M02314,T-1504,C-17A,Carver Field,channel,2025-10-05,21.4,28553,122,11.9,96.3,21.3,9.6,0,0,0,False
M02315,T-1803,KC-135R,Carver Field,air refueling,2025-10-05,63.8,46399,12,12.3,,28.5,3.8,1,0,0,False
M02316,T-2366,KC-135R,Dunmore AFB,air refueling,2025-10-05,63.1,45478,85,4.8,0.0,20.0,5.9,0,0,4,False
M02317,T-0780,KC-46A,Halstead AFB,air refueling,2025-10-06,5.4,500,142,38.7,0.0,7.3,4.6,0,0,0,False
M02318,T-0134,C-17A,Halstead AFB,channel,2025-10-06,26.5,6615,86,20.0,44.2,13.7,13.0,0,0,3,False
M02319,T-2587,KC-135R,Dunmore AFB,air refueling,2025-10-06,61.2,41342,138,12.7,0.0,11.6,5.2,0,0,0,False
M02320,T-2540,KC-135R,Dunmore AFB,channel,2025-10-06,65.5,57086,32,12.0,40.6,10.3,11.9,0,1,1,False
M02321,T-0939,KC-46A,Halstead AFB,air refueling,2025-10-06,7.5,8245,184,23.6,0.0,6.6,4.9,0,0,0,False
M02322,T-2386,KC-135R,Dunmore AFB,training,2025-10-07,62.3,36598,46,36.7,7.1,9.1,3.5,1,0,1,False
M02323,T-2382,KC-135R,Dunmore AFB,air refueling,2025-10-07,67.4,65865,126,58.5,,12.3,5.0,0,0,2,False
M02324,T-1557,C-17A,Carver Field,channel,2025-10-07,19.3,18333,3,113.6,90.0,22.7,13.7,0,0,4,False
M02325,T-2382,KC-135R,Dunmore AFB,air refueling,2025-10-07,67.4,65865,15,6.9,0.0,15.7,4.5,0,0,2,False
M02326,T-1733,KC-135R,Carver Field,air refueling,2025-10-07,67.8,47860,48,8.6,0.0,18.5,3.0,1,0,3,False
M02327,T-1281,C-17A,Carver Field,channel,2025-10-07,26.9,19964,4,11.4,116.2,20.3,13.6,1,0,0,False
M02328,T-0217,C-17A,Halstead AFB,channel,2025-10-07,31.6,23219,84,25.9,113.6,5.7,6.1,1,0,1,False
M02329,T-1887,KC-135R,Carver Field,air refueling,2025-10-08,67.0,50748,55,7.2,0.0,23.0,4.9,0,0,1,False
M02330,T-0549,C-17A,Halstead AFB,aeromedical,2025-10-08,20.6,16918,9,29.7,30.5,17.0,8.2,0,0,0,False
M02331,T-1537,C-17A,Carver Field,SAAM,2025-10-08,16.8,13250,7,25.9,100.7,23.2,11.0,0,0,0,False
M02332,T-2145,C-5M,Dunmore AFB,SAAM,2025-10-09,44.7,32151,83,12.8,58.5,11.6,10.7,0,0,2,False
M02333,T-1088,KC-46A,Halstead AFB,training,2025-10-09,4.4,5067,102,15.9,1.8,8.9,2.8,0,1,2,False
M02334,T-2023,C-5M,Dunmore AFB,channel,2025-10-09,46.5,35310,41,66.3,104.3,15.7,11.2,0,0,0,False
M02335,T-1462,C-17A,Carver Field,SAAM,2025-10-09,21.2,21621,48,23.2,88.2,17.2,9.4,0,0,0,False
M02336,T-0620,C-17A,Halstead AFB,SAAM,2025-10-09,28.2,15411,39,24.1,41.2,-2.1,5.8,1,0,2,False
M02337,T-1897,KC-135R,Carver Field,air refueling,2025-10-09,60.1,41165,73,8.7,0.0,24.9,4.0,0,0,2,False
M02338,T-1462,C-17A,Carver Field,SAAM,2025-10-09,21.2,21621,51,3.1,28.1,27.3,9.5,0,0,0,False
M02339,T-1088,KC-46A,Halstead AFB,air refueling,2025-10-10,4.4,5067,24,20.5,0.0,5.8,3.3,0,1,2,False
M02340,T-0493,C-17A,Halstead AFB,channel,2025-10-10,25.1,23647,38,16.4,84.4,5.8,10.0,0,0,4,False
M02341,T-2049,C-5M,Dunmore AFB,training,2025-10-10,39.1,24961,35,7.3,10.3,21.5,3.4,1,0,0,False
M02342,T-2334,KC-135R,Dunmore AFB,air refueling,2025-10-10,65.9,51911,72,6.3,0.0,18.4,5.3,0,0,1,False
M02343,T-1803,KC-135R,Carver Field,training,2025-10-10,63.8,46399,18,4.1,11.7,23.6,4.8,0,0,0,False
M02344,T-0208,C-17A,Halstead AFB,channel,2025-10-10,26.8,18481,90,8.3,78.9,6.7,12.3,1,0,1,False
M02345,T-0370,C-17A,Halstead AFB,training,2025-10-10,15.2,15916,144,12.0,23.0,10.5,4.1,0,0,1,False
M02346,T-1221,C-17A,Carver Field,channel,2025-10-10,15.6,19726,14,33.0,56.4,10.3,12.8,0,0,3,False
M02347,T-0134,C-17A,Halstead AFB,channel,2025-10-11,26.5,6615,2,29.1,84.3,6.7,8.0,0,0,3,False
M02348,T-2225,C-5M,Dunmore AFB,channel,2025-10-11,53.3,54876,57,14.2,76.3,27.2,6.2,1,0,0,False
M02349,T-1619,KC-135R,Carver Field,training,2025-10-11,65.8,33590,105,6.0,5.7,16.0,3.1,1,0,1,False
M02350,T-0664,C-17A,Halstead AFB,SAAM,2025-10-11,23.9,23720,74,35.1,108.4,3.4,6.4,0,1,1,False
M02351,T-1395,C-17A,Carver Field,SAAM,2025-10-12,31.0,34623,152,34.9,56.3,22.7,8.5,0,0,2,False
M02352,T-0348,C-17A,Halstead AFB,aeromedical,2025-10-12,22.8,15441,33,16.7,25.1,-3.9,4.7,0,0,0,False
M02353,T-1823,KC-135R,Carver Field,air refueling,2025-10-12,63.0,50201,16,19.3,0.0,23.5,3.4,0,0,0,False
M02354,T-0752,KC-46A,Halstead AFB,training,2025-10-12,7.9,500,12,15.8,,5.4,3.0,1,0,2,False
M02355,T-1373,C-17A,Carver Field,aeromedical,2025-10-12,32.3,29232,126,15.1,20.9,16.9,7.7,0,2,1,False
M02356,T-0914,KC-46A,Halstead AFB,air refueling,2025-10-12,5.4,4439,17,5.9,,7.7,4.2,0,0,1,False
M02357,T-1619,KC-135R,Carver Field,air refueling,2025-10-13,65.8,33590,70,43.1,0.0,21.6,6.0,0,0,1,False
M02358,T-1847,KC-135R,Carver Field,training,2025-10-13,60.9,53602,27,10.4,11.3,24.9,3.3,0,0,3,False
M02359,T-0870,KC-46A,Halstead AFB,air refueling,2025-10-13,2.6,676,5,30.7,0.0,0.4,5.4,0,1,0,False
M02360,T-0668,KC-46A,Halstead AFB,air refueling,2025-10-13,5.5,998,37,11.1,0.0,18.7,4.9,0,0,0,False
M02361,T-0780,KC-46A,Halstead AFB,air refueling,2025-10-13,5.4,500,150,32.7,0.0,8.3,3.7,0,0,0,False
M02362,T-2052,C-5M,Dunmore AFB,training,2025-10-13,46.4,27070,10,9.1,38.7,11.4,2.1,0,0,0,False
M02363,T-1171,C-17A,Carver Field,SAAM,2025-10-13,26.8,29878,19,7.3,70.8,27.2,6.2,0,0,2,False
M02364,T-1677,KC-135R,Carver Field,aeromedical,2025-10-13,67.6,55886,120,22.1,10.0,13.9,4.5,0,0,1,False
M02365,T-2442,KC-135R,Dunmore AFB,air refueling,2025-10-13,66.9,50383,86,6.8,0.0,22.5,5.2,1,1,2,False
M02366,T-1327,C-17A,Carver Field,training,2025-10-13,17.1,16066,15,10.3,13.8,20.8,3.3,0,3,0,False
M02367,T-1496,C-17A,Carver Field,channel,2025-10-13,25.9,16243,29,15.7,83.6,26.3,13.1,0,0,0,False
M02368,T-1611,C-17A,Carver Field,channel,2025-10-14,25.0,24677,15,7.2,53.9,28.1,12.0,0,0,0,False
M02369,T-2052,C-5M,Dunmore AFB,channel,2025-10-14,46.4,27070,95,31.7,148.2,9.7,8.0,1,0,0,False
M02370,T-1859,KC-135R,Carver Field,air refueling,2025-10-14,65.4,50943,90,6.2,0.0,14.8,3.4,0,0,3,False
M02371,T-1593,C-17A,Carver Field,channel,2025-10-14,18.3,12995,14,18.5,83.1,14.8,13.3,0,1,0,False
M02372,T-1113,KC-46A,Halstead AFB,air refueling,2025-10-14,2.4,500,45,18.6,0.0,2.3,3.5,0,0,3,False
M02373,T-2001,C-5M,Dunmore AFB,training,2025-10-14,43.4,38613,162,45.1,21.9,13.5,4.3,1,1,0,False
M02374,T-1795,KC-135R,Carver Field,training,2025-10-14,64.6,55962,47,6.0,4.0,13.8,4.8,0,0,0,False
M02375,T-1920,C-5M,Dunmore AFB,aeromedical,2025-10-15,40.4,32103,94,27.1,81.4,13.8,8.5,0,0,0,False
M02376,T-0780,KC-46A,Halstead AFB,air refueling,2025-10-15,5.4,500,9,15.2,0.0,-1.6,3.9,0,0,0,False
M02377,T-1887,KC-135R,Carver Field,training,2025-10-15,67.0,50748,101,12.5,4.3,19.6,3.7,0,0,1,False
M02378,T-1221,C-17A,Carver Field,SAAM,2025-10-15,15.6,19726,124,20.3,48.3,17.1,5.3,0,0,3,False
M02379,T-0780,KC-46A,Halstead AFB,air refueling,2025-10-15,5.4,500,3,11.1,0.0,-6.3,4.5,0,0,0,False
M02380,T-0208,C-17A,Halstead AFB,aeromedical,2025-10-15,26.8,18481,83,34.6,32.1,1.6,5.7,1,0,1,False
M02381,T-0134,C-17A,Halstead AFB,SAAM,2025-10-15,26.5,6615,137,27.2,,7.6,7.0,1,0,3,False
M02382,T-2394,KC-135R,Dunmore AFB,air refueling,2025-10-16,59.1,31509,8,44.9,0.0,16.7,5.6,0,0,0,False
M02383,T-1654,KC-135R,Carver Field,air refueling,2025-10-16,59.2,50982,44,9.3,,13.0,5.7,0,0,2,False
M02384,T-0821,KC-46A,Halstead AFB,air refueling,2025-10-16,5.7,500,97,11.2,0.0,-2.3,3.8,0,0,3,False
M02385,T-0473,C-17A,Halstead AFB,training,2025-10-16,25.9,25278,14,5.1,27.9,8.7,3.3,0,0,3,False
M02386,T-0780,KC-46A,Halstead AFB,channel,2025-10-16,5.4,500,69,12.3,22.9,9.8,12.1,0,0,0,False
M02387,T-0314,C-17A,Halstead AFB,channel,2025-10-16,20.0,5381,24,8.2,72.5,10.4,6.7,1,0,3,False
M02388,T-1700,KC-135R,Carver Field,air refueling,2025-10-16,58.7,53822,18,10.7,0.0,25.8,5.3,1,0,0,False
M02389,T-0549,C-17A,Halstead AFB,aeromedical,2025-10-16,20.6,16918,33,17.8,15.1,1.9,5.0,0,0,0,False
M02390,T-2161,C-5M,Dunmore AFB,channel,2025-10-16,44.9,44409,89,150.0,84.3,17.8,9.8,1,0,1,False
M02391,T-1056,KC-46A,Halstead AFB,air refueling,2025-10-16,6.9,5985,14,21.7,0.0,-6.6,3.8,0,0,0,False
M02392,T-1733,KC-135R,Carver Field,air refueling,2025-10-16,67.8,47860,100,11.4,0.0,27.7,3.6,0,0,3,False
M02393,T-2049,C-5M,Dunmore AFB,training,2025-10-16,39.1,24961,15,7.4,24.9,15.5,2.5,0,0,0,False
M02394,T-0134,C-17A,Halstead AFB,training,2025-10-16,26.5,6615,50,16.8,15.8,5.5,3.9,0,0,3,False
M02395,T-0577,C-17A,Halstead AFB,SAAM,2025-10-17,27.6,14931,48,12.0,69.7,7.4,7.5,0,0,1,False
M02396,T-0668,KC-46A,Halstead AFB,channel,2025-10-17,5.5,998,28,6.5,28.8,15.9,10.5,0,0,0,False
M02397,T-2164,C-5M,Dunmore AFB,training,2025-10-18,37.4,42570,50,12.7,25.8,7.2,2.8,0,0,0,False
M02398,T-0473,C-17A,Halstead AFB,channel,2025-10-18,25.9,25278,18,3.7,114.4,6.3,11.8,0,0,3,False
M02399,T-2442,KC-135R,Dunmore AFB,training,2025-10-18,66.9,50383,50,2.7,6.6,9.3,4.6,0,1,2,False
M02400,T-1581,C-17A,Carver Field,aeromedical,2025-10-18,17.3,14313,58,12.2,10.7,17.0,4.1,0,0,1,False
M02401,T-1171,C-17A,Carver Field,channel,2025-10-18,26.8,29878,10,13.4,85.4,12.6,12.1,0,0,2,False
M02402,T-1395,C-17A,Carver Field,channel,2025-10-18,31.0,34623,23,36.9,,19.3,11.5,1,0,2,False
M02403,T-1908,C-5M,Dunmore AFB,training,2025-10-18,43.3,32747,32,26.8,26.8,18.6,2.0,0,1,2,False
M02404,T-0217,C-17A,Halstead AFB,channel,2025-10-18,31.6,23219,21,24.0,103.5,4.9,8.6,0,0,1,False
M02405,T-0549,C-17A,Halstead AFB,SAAM,2025-10-18,20.6,16918,200,11.0,103.0,2.0,11.8,1,0,0,False
M02406,T-0668,KC-46A,Halstead AFB,air refueling,2025-10-18,5.5,998,26,23.7,0.0,10.1,4.8,0,0,0,False
M02407,T-2474,KC-135R,Dunmore AFB,channel,2025-10-19,67.8,48502,82,34.5,37.9,4.9,7.2,1,0,1,False
M02408,T-2587,KC-135R,Dunmore AFB,air refueling,2025-10-19,61.2,41342,30,9.7,0.0,7.5,4.5,0,0,0,False
M02409,T-1803,KC-135R,Carver Field,training,2025-10-20,63.8,46399,81,73.6,4.2,17.1,2.7,0,0,0,False
M02410,T-2433,KC-135R,Dunmore AFB,air refueling,2025-10-20,59.2,35488,52,11.1,0.0,11.6,4.0,0,0,0,False
M02411,T-2382,KC-135R,Dunmore AFB,training,2025-10-20,67.4,65865,102,6.7,7.2,6.2,3.9,1,0,2,False
M02412,T-0281,C-17A,Halstead AFB,SAAM,2025-10-20,23.1,21141,18,9.3,62.4,3.5,5.8,0,2,2,False
M02413,T-0409,C-17A,Halstead AFB,SAAM,2025-10-20,18.5,23325,162,11.0,65.6,6.1,9.9,0,1,1,False
M02414,T-2114,C-5M,Dunmore AFB,aeromedical,2025-10-20,53.9,35390,29,8.0,22.8,10.0,7.4,1,0,3,False
M02415,T-2572,KC-135R,Dunmore AFB,air refueling,2025-10-21,58.1,43971,171,7.1,0.0,9.5,3.3,0,0,1,False
M02416,T-0577,C-17A,Halstead AFB,SAAM,2025-10-21,27.6,14931,8,21.9,82.7,11.1,11.3,0,0,1,False
M02417,T-1800,KC-135R,Carver Field,air refueling,2025-10-21,59.6,49983,93,8.9,0.0,31.7,3.8,1,0,6,False
M02418,T-0425,C-17A,Halstead AFB,SAAM,2025-10-21,22.8,18352,40,15.9,27.0,4.8,11.6,0,0,0,False
M02419,T-1113,KC-46A,Halstead AFB,training,2025-10-21,2.4,500,4,15.1,5.4,5.6,2.0,0,0,3,False
M02420,T-0217,C-17A,Halstead AFB,channel,2025-10-22,31.6,23219,23,11.2,73.4,-1.8,11.0,0,0,1,False
M02421,T-0370,C-17A,Halstead AFB,SAAM,2025-10-22,15.2,15916,61,22.5,66.5,7.7,11.0,1,0,1,False
M02422,T-2089,C-5M,Dunmore AFB,training,2025-10-22,42.3,34339,9,10.0,34.3,12.8,2.9,1,0,3,False
M02423,T-2386,KC-135R,Dunmore AFB,aeromedical,2025-10-22,62.3,36598,13,8.0,,15.8,4.9,1,0,1,False
M02424,T-1496,C-17A,Carver Field,channel,2025-10-22,25.9,16243,76,36.8,99.9,17.2,7.4,0,0,0,False
M02425,T-1425,C-17A,Carver Field,channel,2025-10-22,26.7,12605,200,20.1,43.6,17.7,8.1,0,2,4,False
M02426,T-2089,C-5M,Dunmore AFB,channel,2025-10-22,42.3,34339,14,6.5,266.0,12.3,10.1,1,0,3,False
M02427,T-2376,KC-135R,Dunmore AFB,training,2025-10-22,66.8,51278,12,15.5,7.9,6.7,2.6,0,2,2,False
M02428,T-1803,KC-135R,Carver Field,channel,2025-10-22,63.8,46399,116,12.1,32.9,13.0,9.9,1,0,0,False
M02429,T-1194,C-17A,Carver Field,SAAM,2025-10-22,17.3,16603,52,19.4,74.6,23.1,10.5,0,1,3,False
M02430,T-1767,KC-135R,Carver Field,training,2025-10-23,64.3,61672,24,9.0,5.4,28.0,3.7,0,0,0,False
M02431,T-2186,C-5M,Dunmore AFB,training,2025-10-23,38.2,34011,36,10.3,,0.9,4.8,1,0,0,False
M02432,T-0891,KC-46A,Halstead AFB,air refueling,2025-10-23,5.6,500,49,13.8,0.0,8.0,4.4,1,0,1,False
M02433,T-0370,C-17A,Halstead AFB,channel,2025-10-23,15.2,15916,22,36.8,118.4,-4.0,11.8,0,0,1,False
M02434,T-0473,C-17A,Halstead AFB,SAAM,2025-10-23,25.9,25278,26,18.1,46.8,-0.3,11.9,0,0,3,False
M02435,T-0664,C-17A,Halstead AFB,aeromedical,2025-10-23,23.9,23720,26,16.4,22.2,13.9,9.4,1,1,1,False
M02436,T-1677,KC-135R,Carver Field,air refueling,2025-10-24,67.6,55886,96,4.9,0.0,24.7,4.5,0,0,1,False
M02437,T-1327,C-17A,Carver Field,channel,2025-10-24,17.1,16066,66,12.0,84.1,18.1,7.3,0,3,0,False
M02438,T-0255,C-17A,Halstead AFB,channel,2025-10-24,28.5,22538,45,12.4,124.9,-3.0,9.5,0,2,0,False
M02439,T-0549,C-17A,Halstead AFB,SAAM,2025-10-24,20.6,16918,34,11.2,84.3,0.4,11.3,0,0,0,False
M02440,T-0255,C-17A,Halstead AFB,aeromedical,2025-10-24,28.5,22538,104,16.0,11.7,-1.2,7.1,0,2,0,False
M02441,T-0314,C-17A,Halstead AFB,SAAM,2025-10-24,20.0,5381,14,12.3,49.5,-2.9,5.8,0,0,3,False
M02442,T-1823,KC-135R,Carver Field,channel,2025-10-24,63.0,50201,30,8.9,21.0,23.1,13.0,0,0,0,False
M02443,T-2225,C-5M,Dunmore AFB,SAAM,2025-10-24,53.3,54876,26,16.1,58.8,6.7,5.4,1,0,0,False
M02444,T-0764,KC-46A,Halstead AFB,air refueling,2025-10-24,6.4,500,19,12.9,0.0,5.6,5.5,0,0,1,False
M02445,T-0620,C-17A,Halstead AFB,SAAM,2025-10-25,28.2,15411,26,6.9,62.4,2.7,8.5,0,0,2,False
M02446,T-2572,KC-135R,Dunmore AFB,air refueling,2025-10-25,58.1,43971,25,13.1,0.0,9.4,4.5,0,0,1,False
M02447,T-2052,C-5M,Dunmore AFB,training,2025-10-25,46.4,27070,8,78.0,48.7,7.2,2.2,0,0,0,False
M02448,T-2334,KC-135R,Dunmore AFB,training,2025-10-25,65.9,51911,44,7.8,7.6,17.5,3.7,0,0,1,False
M02449,T-1113,KC-46A,Halstead AFB,air refueling,2025-10-25,2.4,500,59,17.6,0.0,0.6,3.9,0,0,3,False
M02450,T-1593,C-17A,Carver Field,aeromedical,2025-10-25,18.3,12995,42,30.9,11.4,26.8,4.9,0,1,0,False
M02451,T-1425,C-17A,Carver Field,SAAM,2025-10-25,26.7,12605,83,14.8,61.9,17.7,5.5,0,2,4,False
M02452,T-2049,C-5M,Dunmore AFB,channel,2025-10-25,39.1,24961,84,17.2,128.5,12.9,11.7,1,0,0,False
M02453,T-1194,C-17A,Carver Field,channel,2025-10-25,17.3,16603,88,13.3,72.7,14.0,11.8,0,1,3,False
M02454,T-1462,C-17A,Carver Field,channel,2025-10-26,21.2,21621,159,11.1,140.4,21.7,12.1,0,0,0,False
M02455,T-0939,KC-46A,Halstead AFB,air refueling,2025-10-26,7.5,8245,32,7.7,0.0,1.5,4.2,0,0,0,False
M02456,T-0143,C-17A,Halstead AFB,SAAM,2025-10-26,21.7,20720,87,5.2,73.9,8.4,7.2,0,0,3,False
M02457,T-2394,KC-135R,Dunmore AFB,air refueling,2025-10-27,59.1,31509,8,15.7,0.0,12.7,5.9,0,0,0,False
M02458,T-2397,KC-135R,Dunmore AFB,air refueling,2025-10-27,62.1,47128,75,32.1,0.0,-2.7,3.4,1,1,2,False
M02459,T-0764,KC-46A,Halstead AFB,training,2025-10-27,6.4,500,39,24.8,3.4,1.2,2.3,0,0,1,False
M02460,T-2023,C-5M,Dunmore AFB,training,2025-10-27,46.5,35310,55,19.8,5.8,12.8,2.2,0,0,0,False
M02461,T-2433,KC-135R,Dunmore AFB,air refueling,2025-10-27,59.2,35488,21,3.4,0.0,10.4,5.0,0,0,0,False
M02462,T-0639,C-17A,Halstead AFB,channel,2025-10-27,21.7,10925,58,4.7,47.9,6.0,9.3,1,0,2,False
M02463,T-1581,C-17A,Carver Field,SAAM,2025-10-27,17.3,14313,135,27.3,82.7,21.9,10.4,0,0,1,False
M02464,T-2145,C-5M,Dunmore AFB,channel,2025-10-27,44.7,32151,112,27.7,143.6,8.6,11.5,0,0,2,False
M02465,T-1113,KC-46A,Halstead AFB,air refueling,2025-10-27,2.4,500,49,22.7,0.0,9.2,3.5,0,0,3,False
M02466,T-0821,KC-46A,Halstead AFB,air refueling,2025-10-28,5.7,500,60,4.3,0.0,9.0,5.5,1,0,3,False
M02467,T-0668,KC-46A,Halstead AFB,air refueling,2025-10-28,5.5,998,21,4.5,0.0,1.7,4.3,0,0,0,False
M02468,T-2587,KC-135R,Dunmore AFB,air refueling,2025-10-28,61.2,41342,104,45.7,0.0,9.5,4.9,1,0,0,False
M02469,T-0639,C-17A,Halstead AFB,channel,2025-10-28,21.7,10925,96,22.2,73.0,5.3,8.4,1,0,2,False
M02470,T-1800,KC-135R,Carver Field,air refueling,2025-10-28,59.6,49983,5,10.7,0.0,19.7,3.5,0,0,6,False
M02471,T-1722,KC-135R,Carver Field,training,2025-10-28,65.2,42857,52,12.5,7.4,8.0,3.1,1,0,1,False
M02472,T-2442,KC-135R,Dunmore AFB,air refueling,2025-10-28,66.9,50383,37,22.0,0.0,15.8,4.8,1,1,2,False
M02473,T-2382,KC-135R,Dunmore AFB,training,2025-10-28,67.4,65865,54,8.0,5.8,10.6,2.1,0,0,2,False
M02474,T-2394,KC-135R,Dunmore AFB,aeromedical,2025-10-29,59.1,31509,56,4.8,8.0,12.4,4.4,1,0,0,False
M02475,T-1221,C-17A,Carver Field,training,2025-10-29,15.6,19726,94,6.7,11.3,13.7,2.2,0,0,3,False
M02476,T-2052,C-5M,Dunmore AFB,training,2025-10-29,46.4,27070,49,9.7,9.3,13.4,2.3,0,0,0,False
M02477,T-0827,KC-46A,Halstead AFB,air refueling,2025-10-29,2.1,9446,113,16.5,0.0,-3.1,3.7,0,0,3,False
M02478,T-1767,KC-135R,Carver Field,air refueling,2025-10-29,64.3,61672,73,18.0,0.0,13.6,4.3,0,0,0,False
M02479,T-0314,C-17A,Halstead AFB,aeromedical,2025-10-29,20.0,5381,14,14.1,29.1,5.2,5.3,0,0,3,False
M02480,T-1221,C-17A,Carver Field,training,2025-10-29,15.6,19726,92,10.8,12.9,13.6,2.2,0,0,3,False
M02481,T-0348,C-17A,Halstead AFB,training,2025-10-29,22.8,15441,117,6.0,7.3,4.8,3.6,0,0,0,False
M02482,T-0531,C-17A,Halstead AFB,training,2025-10-29,31.2,20204,50,14.3,11.2,-1.3,4.4,0,1,3,False
M02483,T-1425,C-17A,Carver Field,SAAM,2025-10-29,26.7,12605,23,35.4,61.1,17.7,7.2,0,2,4,False
M02484,T-2442,KC-135R,Dunmore AFB,air refueling,2025-10-29,66.9,50383,69,7.8,0.0,14.6,4.9,1,1,2,False
M02485,T-0730,KC-46A,Halstead AFB,air refueling,2025-10-29,4.0,500,7,12.2,0.0,0.1,3.9,1,0,2,False
M02486,T-0348,C-17A,Halstead AFB,training,2025-10-30,22.8,15441,39,18.8,16.9,2.6,4.4,0,0,0,False
M02487,T-0217,C-17A,Halstead AFB,channel,2025-10-30,31.6,23219,23,11.4,88.4,-1.6,9.3,1,0,1,False
M02488,T-0780,KC-46A,Halstead AFB,air refueling,2025-10-30,5.4,500,21,14.7,0.0,12.2,4.6,0,0,0,False
M02489,T-0790,KC-46A,Halstead AFB,training,2025-10-30,7.8,7001,144,22.2,5.9,3.9,3.1,0,0,0,False
M02490,T-1504,C-17A,Carver Field,channel,2025-10-30,21.4,28553,14,6.4,51.0,13.3,10.6,0,0,0,False
M02491,T-2474,KC-135R,Dunmore AFB,air refueling,2025-10-30,67.8,48502,29,4.1,0.0,12.3,3.8,1,0,1,False
M02492,T-0493,C-17A,Halstead AFB,training,2025-10-30,25.1,23647,61,30.3,14.1,-2.2,4.6,0,0,4,False
M02493,T-2545,KC-135R,Dunmore AFB,air refueling,2025-10-30,59.3,46236,23,9.2,0.0,11.0,4.4,0,0,0,False
M02494,T-2073,C-5M,Dunmore AFB,channel,2025-10-30,40.9,26759,176,17.1,103.9,11.6,11.6,0,0,0,False
M02495,T-1425,C-17A,Carver Field,SAAM,2025-10-30,26.7,12605,55,25.2,86.4,24.1,7.9,0,2,4,False
M02496,T-1395,C-17A,Carver Field,channel,2025-10-31,31.0,34623,33,9.7,97.1,22.4,6.3,0,0,2,False
M02497,T-2225,C-5M,Dunmore AFB,channel,2025-10-31,53.3,54876,121,14.3,211.8,13.7,8.6,0,0,0,False
M02498,T-0409,C-17A,Halstead AFB,SAAM,2025-10-31,18.5,23325,12,17.7,49.9,5.1,11.1,0,1,1,False
M02499,T-0370,C-17A,Halstead AFB,SAAM,2025-10-31,15.2,15916,97,41.4,62.8,0.5,9.4,0,0,1,False
M02500,T-0217,C-17A,Halstead AFB,channel,2025-10-31,31.6,23219,68,16.7,34.9,10.9,7.6,0,0,1,False
M02501,T-0463,C-17A,Halstead AFB,channel,2025-10-31,30.7,19476,17,7.8,80.4,4.7,6.7,0,0,1,False
M02502,T-2504,KC-135R,Dunmore AFB,air refueling,2025-10-31,65.7,48344,76,57.2,,10.0,3.9,0,1,1,False
M02503,T-2295,KC-135R,Dunmore AFB,training,2025-11-01,63.1,37980,51,3.8,12.2,14.3,2.6,1,1,1,False
M02504,T-0764,KC-46A,Halstead AFB,air refueling,2025-11-01,6.4,500,63,30.3,0.0,-0.0,5.6,0,0,1,False
M02505,T-2073,C-5M,Dunmore AFB,aeromedical,2025-11-01,40.9,26759,50,36.2,67.8,10.1,7.7,1,0,0,False
M02506,T-1462,C-17A,Carver Field,training,2025-11-01,21.2,21621,16,20.9,23.1,19.4,2.4,0,0,0,False
M02507,T-1496,C-17A,Carver Field,SAAM,2025-11-01,25.9,16243,59,8.1,68.4,17.4,10.6,0,0,0,False
M02508,T-0143,C-17A,Halstead AFB,SAAM,2025-11-01,21.7,20720,60,26.7,99.8,4.6,5.4,0,0,3,False
M02509,T-1654,KC-135R,Carver Field,air refueling,2025-11-01,59.2,50982,20,1.9,0.0,13.9,5.0,0,0,2,False
M02510,T-1887,KC-135R,Carver Field,training,2025-11-01,67.0,50748,27,22.7,9.3,11.8,4.4,1,0,1,False
M02511,T-0821,KC-46A,Halstead AFB,channel,2025-11-02,5.7,500,108,18.4,61.8,-3.3,7.4,0,0,3,False
M02512,T-0370,C-17A,Halstead AFB,channel,2025-11-02,15.2,15916,64,40.1,68.4,2.4,12.7,0,0,1,False
M02513,T-0463,C-17A,Halstead AFB,channel,2025-11-02,30.7,19476,109,9.9,136.4,-0.3,10.3,0,0,1,False
M02514,T-1722,KC-135R,Carver Field,air refueling,2025-11-02,65.2,42857,120,7.3,0.0,23.2,4.1,1,0,1,False
M02515,T-2376,KC-135R,Dunmore AFB,air refueling,2025-11-02,66.8,51278,4,12.6,0.0,8.2,3.6,0,2,2,False
M02516,T-1281,C-17A,Carver Field,aeromedical,2025-11-02,26.9,19964,68,9.4,11.7,20.8,6.5,0,0,0,False
M02517,T-0914,KC-46A,Halstead AFB,air refueling,2025-11-02,5.4,4439,36,5.6,0.0,12.1,4.9,0,0,1,False
M02518,T-1137,C-17A,Carver Field,channel,2025-11-02,26.3,26363,44,8.0,39.3,23.6,6.7,0,0,1,False
M02519,T-2186,C-5M,Dunmore AFB,channel,2025-11-02,38.2,34011,22,38.9,107.0,8.1,9.0,0,0,0,False
M02520,T-2386,KC-135R,Dunmore AFB,air refueling,2025-11-02,62.3,36598,37,9.9,0.0,11.5,3.2,0,0,1,False
M02521,T-1088,KC-46A,Halstead AFB,channel,2025-11-02,4.4,5067,48,16.3,16.6,-6.5,8.5,1,1,2,False
M02522,T-2394,KC-135R,Dunmore AFB,air refueling,2025-11-02,59.1,31509,24,23.5,0.0,4.5,4.5,0,0,0,False
M02523,T-2394,KC-135R,Dunmore AFB,air refueling,2025-11-03,59.1,31509,3,17.2,0.0,10.7,3.3,0,0,0,False
M02524,T-2290,KC-135R,Dunmore AFB,air refueling,2025-11-03,67.8,42978,26,11.5,0.0,16.6,5.1,0,0,1,False
M02525,T-2023,C-5M,Dunmore AFB,SAAM,2025-11-03,46.5,35310,73,55.4,131.9,4.2,8.0,1,0,0,False
M02526,T-2114,C-5M,Dunmore AFB,training,2025-11-03,53.9,35390,46,20.0,24.6,21.2,3.3,0,0,3,False
M02527,T-0695,KC-46A,Halstead AFB,aeromedical,2025-11-03,2.0,500,57,10.7,4.6,4.7,9.5,0,0,1,False
M02528,T-1859,KC-135R,Carver Field,air refueling,2025-11-03,65.4,50943,194,5.5,0.0,23.4,5.5,1,0,3,False
M02529,T-1803,KC-135R,Carver Field,training,2025-11-03,63.8,46399,49,9.0,9.3,25.8,2.3,1,0,0,False
M02530,T-1425,C-17A,Carver Field,channel,2025-11-03,26.7,12605,51,16.9,133.8,10.3,10.4,0,2,4,False
M02531,T-2295,KC-135R,Dunmore AFB,air refueling,2025-11-03,63.1,37980,27,9.2,0.0,5.1,3.8,0,1,1,False
M02532,T-0951,KC-46A,Halstead AFB,training,2025-11-04,6.7,3673,32,5.9,6.4,12.2,3.2,0,0,1,False
M02533,T-1137,C-17A,Carver Field,channel,2025-11-04,26.3,26363,38,22.0,55.3,20.6,6.4,0,0,1,False
M02534,T-2545,KC-135R,Dunmore AFB,channel,2025-11-04,59.3,46236,70,15.7,34.0,7.2,11.5,0,0,0,False
M02535,T-1510,C-17A,Carver Field,training,2025-11-04,18.9,500,49,8.8,8.7,18.5,4.2,1,0,0,False
M02536,T-1137,C-17A,Carver Field,SAAM,2025-11-04,26.3,26363,118,14.1,58.3,29.1,6.0,1,0,1,False
M02537,T-1803,KC-135R,Carver Field,air refueling,2025-11-04,63.8,46399,18,2.8,0.0,5.1,5.9,0,0,0,False
M02538,T-2049,C-5M,Dunmore AFB,channel,2025-11-04,39.1,24961,110,16.2,110.6,9.1,7.3,0,0,0,False
M02539,T-2386,KC-135R,Dunmore AFB,air refueling,2025-11-04,62.3,36598,124,6.8,0.0,6.7,3.6,0,0,1,False
M02540,T-2001,C-5M,Dunmore AFB,channel,2025-11-05,43.4,38613,82,13.9,231.6,5.2,8.4,0,1,0,False
M02541,T-0821,KC-46A,Halstead AFB,air refueling,2025-11-05,5.7,500,173,11.0,0.0,-4.4,5.9,1,0,3,False
M02542,T-0425,C-17A,Halstead AFB,SAAM,2025-11-05,22.8,18352,30,59.6,63.4,1.6,7.0,1,0,0,False
M02543,T-1557,C-17A,Carver Field,training,2025-11-05,19.3,18333,15,17.5,27.7,23.2,4.9,0,0,4,False
M02544,T-2049,C-5M,Dunmore AFB,aeromedical,2025-11-05,39.1,24961,49,71.0,43.7,4.6,5.0,0,0,0,False
M02545,T-1496,C-17A,Carver Field,SAAM,2025-11-05,25.9,16243,70,6.2,161.5,11.1,5.5,0,0,0,False
M02546,T-0314,C-17A,Halstead AFB,SAAM,2025-11-05,20.0,5381,74,10.6,51.8,3.3,11.5,0,0,3,False
M02547,T-0255,C-17A,Halstead AFB,channel,2025-11-05,28.5,22538,176,48.7,98.5,-6.3,13.3,1,2,0,False
M02548,T-2504,KC-135R,Dunmore AFB,air refueling,2025-11-05,65.7,48344,35,13.4,,-2.5,4.0,1,1,1,False
M02549,T-2023,C-5M,Dunmore AFB,channel,2025-11-05,46.5,35310,44,21.5,231.8,11.8,11.3,0,0,0,False
M02550,T-2260,KC-135R,Dunmore AFB,channel,2025-11-05,61.5,50733,200,9.6,24.1,12.3,10.4,0,0,2,False
M02551,T-1557,C-17A,Carver Field,channel,2025-11-06,19.3,18333,16,7.6,57.4,19.4,13.8,1,0,4,False
M02552,T-0463,C-17A,Halstead AFB,training,2025-11-06,30.7,19476,41,4.9,14.1,7.7,2.2,0,0,1,False
M02553,T-0821,KC-46A,Halstead AFB,air refueling,2025-11-06,5.7,500,23,2.8,0.0,-0.7,5.8,0,0,3,False
M02554,T-1677,KC-135R,Carver Field,air refueling,2025-11-06,67.6,55886,106,18.9,0.0,17.1,5.5,0,0,1,False
M02555,T-0951,KC-46A,Halstead AFB,air refueling,2025-11-06,6.7,3673,134,15.3,0.0,3.1,5.5,0,0,1,False
M02556,T-0409,C-17A,Halstead AFB,channel,2025-11-06,18.5,23325,36,30.9,89.7,12.2,6.6,0,1,1,False
M02557,T-1311,C-17A,Carver Field,SAAM,2025-11-06,20.7,20906,23,20.9,63.7,18.2,10.3,1,0,1,False
M02558,T-2073,C-5M,Dunmore AFB,channel,2025-11-06,40.9,26759,21,7.6,73.9,16.1,11.5,0,0,0,False
M02559,T-1462,C-17A,Carver Field,aeromedical,2025-11-07,21.2,21621,32,9.5,19.7,16.3,9.9,0,0,0,False
M02560,T-0752,KC-46A,Halstead AFB,aeromedical,2025-11-07,7.9,500,11,14.1,6.4,-1.1,5.7,0,0,2,False
M02561,T-0409,C-17A,Halstead AFB,SAAM,2025-11-07,18.5,23325,67,38.5,48.3,-1.6,5.6,0,1,1,False
M02562,T-0780,KC-46A,Halstead AFB,channel,2025-11-07,5.4,500,80,12.7,38.7,-1.5,7.9,0,0,0,False
M02563,T-1897,KC-135R,Carver Field,channel,2025-11-07,60.1,41165,5,58.1,26.7,12.0,13.8,1,0,2,False
M02564,T-1654,KC-135R,Carver Field,air refueling,2025-11-07,59.2,50982,55,5.0,0.0,22.0,5.4,0,0,2,False
M02565,T-2552,KC-135R,Dunmore AFB,channel,2025-11-07,65.1,65331,33,3.2,76.0,7.5,8.4,0,0,2,False
M02566,T-2114,C-5M,Dunmore AFB,SAAM,2025-11-07,53.9,35390,7,13.0,158.8,4.6,9.3,0,0,3,False
M02567,T-1940,C-5M,Dunmore AFB,channel,2025-11-08,38.6,34418,86,32.1,62.9,1.4,8.4,0,0,0,False
M02568,T-1611,C-17A,Carver Field,SAAM,2025-11-08,25.0,24677,37,7.7,68.3,22.0,7.4,0,0,0,False
M02569,T-1496,C-17A,Carver Field,aeromedical,2025-11-08,25.9,16243,137,27.3,9.1,21.4,5.2,0,0,0,False
M02570,T-0730,KC-46A,Halstead AFB,air refueling,2025-11-08,4.0,500,28,3.8,0.0,3.3,3.4,0,0,2,False
M02571,T-2290,KC-135R,Dunmore AFB,training,2025-11-08,67.8,42978,7,7.1,5.5,3.4,2.2,0,0,1,False
M02572,T-1859,KC-135R,Carver Field,training,2025-11-08,65.4,50943,43,1.7,,20.1,2.7,1,0,3,False
M02573,T-1611,C-17A,Carver Field,training,2025-11-08,25.0,24677,24,36.0,19.7,18.8,3.2,0,0,0,False
M02574,T-1803,KC-135R,Carver Field,air refueling,2025-11-08,63.8,46399,44,13.2,0.0,19.5,4.5,0,0,0,False
M02575,T-2524,KC-135R,Dunmore AFB,air refueling,2025-11-08,67.1,57056,89,8.3,0.0,15.4,5.9,1,0,0,False
M02576,T-1630,KC-135R,Carver Field,channel,2025-11-09,58.4,49021,68,5.0,36.8,15.4,13.0,1,0,2,False
M02577,T-2524,KC-135R,Dunmore AFB,training,2025-11-09,67.1,57056,57,24.3,5.1,9.2,4.5,1,0,0,False
M02578,T-1020,KC-46A,Halstead AFB,training,2025-11-09,3.4,500,13,9.9,4.2,-8.1,4.5,0,0,0,False
M02579,T-1795,KC-135R,Carver Field,air refueling,2025-11-09,64.6,55962,80,6.3,,18.0,3.2,0,0,0,False
M02580,T-0730,KC-46A,Halstead AFB,air refueling,2025-11-09,4.0,500,4,3.2,0.0,-0.6,4.9,0,0,2,False
M02581,T-2540,KC-135R,Dunmore AFB,channel,2025-11-10,65.5,57086,48,4.8,35.1,11.8,10.0,1,1,1,False
M02582,T-0425,C-17A,Halstead AFB,channel,2025-11-10,22.8,18352,74,9.7,118.9,-1.9,12.4,0,0,0,False
M02583,T-0217,C-17A,Halstead AFB,channel,2025-11-10,31.6,23219,48,12.2,143.6,-6.2,7.9,0,0,1,False
M02584,T-1496,C-17A,Carver Field,training,2025-11-11,25.9,16243,28,10.5,,8.7,3.7,0,0,0,False
M02585,T-2290,KC-135R,Dunmore AFB,air refueling,2025-11-11,67.8,42978,47,7.4,0.0,4.9,4.5,1,0,1,False
M02586,T-1373,C-17A,Carver Field,SAAM,2025-11-11,32.3,29232,23,6.0,,12.1,11.2,0,2,1,False
M02587,T-0134,C-17A,Halstead AFB,channel,2025-11-11,26.5,6615,50,34.6,130.0,-9.6,8.1,1,0,3,False
M02588,T-1311,C-17A,Carver Field,SAAM,2025-11-11,20.7,20906,67,14.4,85.8,14.3,8.2,0,0,1,False
M02589,T-1510,C-17A,Carver Field,SAAM,2025-11-11,18.9,500,124,19.3,44.4,18.5,10.2,0,0,0,False
M02590,T-1258,C-17A,Carver Field,channel,2025-11-12,19.2,15181,25,15.2,40.1,16.9,10.8,0,0,0,False
M02591,T-0639,C-17A,Halstead AFB,channel,2025-11-12,21.7,10925,90,12.5,29.6,5.5,12.9,0,0,2,False
M02592,T-0531,C-17A,Halstead AFB,training,2025-11-12,31.2,20204,74,16.6,8.6,1.8,3.3,0,1,3,False
M02593,T-2524,KC-135R,Dunmore AFB,training,2025-11-12,67.1,57056,54,21.3,5.3,8.4,4.3,1,0,0,False
M02594,T-0549,C-17A,Halstead AFB,channel,2025-11-12,20.6,16918,115,1.8,114.7,0.5,8.2,0,0,0,False
M02595,T-1137,C-17A,Carver Field,SAAM,2025-11-13,26.3,26363,46,7.6,41.9,21.1,8.7,0,0,1,False
M02596,T-0176,C-17A,Halstead AFB,SAAM,2025-11-13,31.3,25596,132,17.3,93.3,0.6,11.1,0,0,0,False
M02597,T-0668,KC-46A,Halstead AFB,air refueling,2025-11-13,5.5,998,111,13.3,0.0,-0.7,5.3,0,0,0,False
M02598,T-1964,C-5M,Dunmore AFB,training,2025-11-13,44.9,34382,73,9.8,35.3,0.8,4.0,0,1,1,False
M02599,T-0780,KC-46A,Halstead AFB,channel,2025-11-13,5.4,500,117,7.6,12.8,-6.5,7.2,0,0,0,False
M02600,T-1964,C-5M,Dunmore AFB,SAAM,2025-11-13,44.9,34382,82,39.7,83.8,4.4,5.5,1,1,1,False
M02601,T-2001,C-5M,Dunmore AFB,SAAM,2025-11-13,43.4,38613,109,82.2,147.1,13.0,8.8,0,1,0,False
M02602,T-0951,KC-46A,Halstead AFB,air refueling,2025-11-13,6.7,3673,56,9.7,0.0,-3.3,3.4,1,0,1,False
M02603,T-0891,KC-46A,Halstead AFB,air refueling,2025-11-13,5.6,500,23,20.3,0.0,-2.7,4.4,0,0,1,False
M02604,T-0370,C-17A,Halstead AFB,channel,2025-11-13,15.2,15916,92,15.3,67.0,-3.9,6.8,1,0,1,False
M02605,T-2295,KC-135R,Dunmore AFB,air refueling,2025-11-13,63.1,37980,42,31.3,0.0,18.1,3.5,0,1,1,False
M02606,T-0143,C-17A,Halstead AFB,channel,2025-11-13,21.7,20720,78,15.8,,-6.3,9.7,0,0,3,False
M02607,T-1733,KC-135R,Carver Field,air refueling,2025-11-13,67.8,47860,70,12.2,0.0,25.7,5.1,0,0,3,False
M02608,T-1908,C-5M,Dunmore AFB,SAAM,2025-11-14,43.3,32747,100,10.3,121.1,7.9,11.9,1,1,2,False
M02609,T-1327,C-17A,Carver Field,SAAM,2025-11-14,17.1,16066,79,8.6,63.4,14.4,9.3,1,3,0,False
M02610,T-1056,KC-46A,Halstead AFB,training,2025-11-14,6.9,5985,47,3.8,6.2,3.3,4.9,0,0,0,False
M02611,T-1425,C-17A,Carver Field,channel,2025-11-14,26.7,12605,75,12.5,93.8,20.4,8.8,1,2,4,False
M02612,T-0314,C-17A,Halstead AFB,training,2025-11-15,20.0,5381,42,6.1,13.0,-11.6,3.0,1,0,3,False
M02613,T-1964,C-5M,Dunmore AFB,training,2025-11-15,44.9,34382,55,32.4,22.2,6.6,4.9,1,1,1,False
M02614,T-2290,KC-135R,Dunmore AFB,channel,2025-11-15,67.8,42978,98,5.1,30.2,5.2,7.6,0,0,1,False
M02615,T-1677,KC-135R,Carver Field,air refueling,2025-11-16,67.6,55886,46,74.9,0.0,19.1,5.7,0,0,1,False
M02616,T-2587,KC-135R,Dunmore AFB,air refueling,2025-11-16,61.2,41342,52,7.8,0.0,12.0,4.4,0,0,0,False
M02617,T-0664,C-17A,Halstead AFB,channel,2025-11-16,23.9,23720,98,47.4,83.4,-3.9,12.8,0,1,1,False
M02618,T-0939,KC-46A,Halstead AFB,channel,2025-11-16,7.5,8245,86,14.7,61.8,5.8,8.5,0,0,0,False
M02619,T-0891,KC-46A,Halstead AFB,air refueling,2025-11-16,5.6,500,30,9.9,0.0,-11.4,4.3,1,0,1,False
M02620,T-1340,C-17A,Carver Field,channel,2025-11-16,23.5,12865,23,6.3,94.1,18.2,12.2,0,0,0,False
M02621,T-1887,KC-135R,Carver Field,air refueling,2025-11-16,67.0,50748,14,14.2,0.0,17.8,3.9,1,0,1,False
M02622,T-0780,KC-46A,Halstead AFB,air refueling,2025-11-16,5.4,500,68,21.8,0.0,2.3,4.4,0,0,0,False
M02623,T-1733,KC-135R,Carver Field,training,2025-11-16,67.8,47860,31,8.9,4.6,6.2,4.3,0,0,3,False
M02624,T-1619,KC-135R,Carver Field,training,2025-11-16,65.8,33590,55,10.4,3.2,10.1,4.9,0,0,1,False
M02625,T-1171,C-17A,Carver Field,aeromedical,2025-11-16,26.8,29878,26,14.5,15.9,15.3,7.7,0,0,2,False
M02626,T-1171,C-17A,Carver Field,aeromedical,2025-11-16,26.8,29878,60,10.4,12.0,12.0,7.6,0,0,2,False
M02627,T-1425,C-17A,Carver Field,aeromedical,2025-11-16,26.7,12605,80,12.6,16.8,15.4,5.2,1,2,4,False
M02628,T-1020,KC-46A,Halstead AFB,air refueling,2025-11-16,3.4,500,200,5.0,0.0,-4.8,5.8,0,0,0,False
M02629,T-0577,C-17A,Halstead AFB,channel,2025-11-17,27.6,14931,76,7.8,78.9,-2.3,6.5,0,0,1,False
M02630,T-1373,C-17A,Carver Field,aeromedical,2025-11-17,32.3,29232,57,21.0,15.6,12.0,7.5,0,2,1,False
M02631,T-0865,KC-46A,Halstead AFB,training,2025-11-17,3.7,1696,49,11.2,5.2,-1.8,4.7,1,0,0,False
M02632,T-1327,C-17A,Carver Field,aeromedical,2025-11-17,17.1,16066,95,11.4,14.1,13.9,7.1,0,3,0,False
M02633,T-2397,KC-135R,Dunmore AFB,air refueling,2025-11-17,62.1,47128,181,14.9,0.0,17.5,4.9,1,1,2,False
M02634,T-0891,KC-46A,Halstead AFB,air refueling,2025-11-18,5.6,500,54,8.7,0.0,0.1,5.9,0,0,1,False
M02635,T-2397,KC-135R,Dunmore AFB,aeromedical,2025-11-18,62.1,47128,117,23.7,5.9,1.2,8.3,1,1,2,False
M02636,T-0348,C-17A,Halstead AFB,SAAM,2025-11-18,22.8,15441,130,31.6,103.4,-2.9,10.3,1,0,0,False
M02637,T-1920,C-5M,Dunmore AFB,SAAM,2025-11-18,40.4,32103,7,30.8,121.4,8.5,11.1,1,0,0,False
M02638,T-1897,KC-135R,Carver Field,air refueling,2025-11-18,60.1,41165,138,7.9,0.0,17.7,5.8,0,0,2,False
M02639,T-0939,KC-46A,Halstead AFB,air refueling,2025-11-18,7.5,8245,123,6.0,,1.9,5.8,0,0,0,False
M02640,T-1800,KC-135R,Carver Field,training,2025-11-18,59.6,49983,12,9.6,6.5,26.9,4.9,1,0,6,False
M02641,T-1800,KC-135R,Carver Field,air refueling,2025-11-18,59.6,49983,80,10.1,0.0,21.2,5.1,1,0,6,False
M02642,T-1823,KC-135R,Carver Field,air refueling,2025-11-19,63.0,50201,72,5.3,0.0,9.8,4.7,0,0,0,False
M02643,T-2433,KC-135R,Dunmore AFB,air refueling,2025-11-19,59.2,35488,75,11.6,0.0,6.7,4.9,0,0,0,False
M02644,T-1611,C-17A,Carver Field,channel,2025-11-19,25.0,24677,21,10.7,54.2,10.5,13.6,0,0,0,False
M02645,T-1767,KC-135R,Carver Field,air refueling,2025-11-19,64.3,61672,51,18.3,0.0,15.3,4.1,0,0,0,False
M02646,T-1677,KC-135R,Carver Field,air refueling,2025-11-19,67.6,55886,32,10.6,0.0,18.4,4.4,0,0,1,False
M02647,T-0134,C-17A,Halstead AFB,channel,2025-11-19,26.5,6615,50,10.0,70.6,0.3,8.1,0,0,3,False
M02648,T-2225,C-5M,Dunmore AFB,aeromedical,2025-11-20,53.3,54876,57,94.0,24.2,7.5,7.9,1,0,0,False
M02649,T-0255,C-17A,Halstead AFB,training,2025-11-20,28.5,22538,49,15.7,16.7,-1.2,2.1,1,2,0,False
M02650,T-2295,KC-135R,Dunmore AFB,air refueling,2025-11-20,63.1,37980,23,7.1,0.0,11.1,4.0,0,1,1,False
M02651,T-0531,C-17A,Halstead AFB,channel,2025-11-20,31.2,20204,64,17.8,69.1,-11.1,13.3,1,1,3,False
M02652,T-2504,KC-135R,Dunmore AFB,air refueling,2025-11-20,65.7,48344,114,19.7,0.0,6.2,5.3,0,1,1,False
M02653,T-2587,KC-135R,Dunmore AFB,training,2025-11-20,61.2,41342,37,13.5,14.1,0.9,4.7,0,0,0,False
M02654,T-2290,KC-135R,Dunmore AFB,air refueling,2025-11-20,67.8,42978,28,6.6,0.0,7.3,5.2,0,0,1,False
M02655,T-0790,KC-46A,Halstead AFB,air refueling,2025-11-21,7.8,7001,89,11.3,0.0,-13.8,3.2,1,0,0,False
M02656,T-2290,KC-135R,Dunmore AFB,training,2025-11-21,67.8,42978,54,6.8,9.5,-5.4,3.2,1,0,1,False
M02657,T-0577,C-17A,Halstead AFB,channel,2025-11-21,27.6,14931,45,32.0,36.1,-5.0,13.4,1,0,1,False
M02658,T-1373,C-17A,Carver Field,training,2025-11-21,32.3,29232,85,13.3,19.4,9.5,2.2,1,2,1,False
M02659,T-0639,C-17A,Halstead AFB,training,2025-11-21,21.7,10925,17,18.2,9.9,6.7,4.4,0,0,2,False
M02660,T-1700,KC-135R,Carver Field,training,2025-11-21,58.7,53822,149,7.6,4.3,9.2,4.0,0,0,0,False
M02661,T-0620,C-17A,Halstead AFB,SAAM,2025-11-21,28.2,15411,71,18.2,95.3,2.5,9.5,0,0,2,False
M02662,T-2540,KC-135R,Dunmore AFB,air refueling,2025-11-21,65.5,57086,57,4.9,0.0,0.5,4.8,1,1,1,False
M02663,T-0870,KC-46A,Halstead AFB,air refueling,2025-11-21,2.6,676,94,11.5,0.0,-5.8,5.7,0,1,0,False
M02664,T-1496,C-17A,Carver Field,training,2025-11-21,25.9,16243,39,14.0,22.6,13.1,4.9,1,0,0,False
M02665,T-0473,C-17A,Halstead AFB,channel,2025-11-22,25.9,25278,115,37.0,78.5,-1.7,7.7,0,0,3,False
M02666,T-2114,C-5M,Dunmore AFB,channel,2025-11-22,53.9,35390,123,16.7,,11.5,6.6,0,0,3,False
M02667,T-1795,KC-135R,Carver Field,training,2025-11-22,64.6,55962,77,20.8,7.0,11.7,4.6,1,0,0,False
M02668,T-1619,KC-135R,Carver Field,training,2025-11-22,65.8,33590,61,10.1,16.2,12.2,2.9,1,0,1,False
M02669,T-0865,KC-46A,Halstead AFB,training,2025-11-22,3.7,1696,8,15.9,6.1,-2.2,4.4,0,0,0,False
M02670,T-1425,C-17A,Carver Field,training,2025-11-22,26.7,12605,90,45.5,14.2,13.7,4.4,1,2,4,False
M02671,T-2161,C-5M,Dunmore AFB,aeromedical,2025-11-23,44.9,44409,28,7.2,15.8,4.2,5.4,0,0,1,False
M02672,T-2225,C-5M,Dunmore AFB,channel,2025-11-23,53.3,54876,31,12.2,,14.9,9.3,1,0,0,False
M02673,T-1020,KC-46A,Halstead AFB,training,2025-11-23,3.4,500,20,5.6,4.3,-9.5,3.3,1,0,0,False
M02674,T-1056,KC-46A,Halstead AFB,air refueling,2025-11-23,6.9,5985,16,22.9,0.0,-6.3,4.2,0,0,0,False
M02675,T-1395,C-17A,Carver Field,channel,2025-11-23,31.0,34623,200,9.4,108.2,14.7,7.5,0,0,2,False
M02676,T-1908,C-5M,Dunmore AFB,SAAM,2025-11-24,43.3,32747,101,39.5,79.5,-5.3,5.6,1,1,2,False
M02677,T-2442,KC-135R,Dunmore AFB,channel,2025-11-24,66.9,50383,29,8.3,55.2,8.4,12.2,1,1,2,False
M02678,T-2540,KC-135R,Dunmore AFB,channel,2025-11-24,65.5,57086,94,5.7,38.6,8.8,7.0,1,1,1,False
M02679,T-0255,C-17A,Halstead AFB,SAAM,2025-11-24,28.5,22538,17,22.0,75.0,-5.2,8.4,0,2,0,False
M02680,T-0865,KC-46A,Halstead AFB,air refueling,2025-11-24,3.7,1696,103,14.0,0.0,-14.7,3.9,0,0,0,False
M02681,T-1654,KC-135R,Carver Field,training,2025-11-25,59.2,50982,101,12.5,5.8,6.5,2.2,1,0,2,False
M02682,T-1823,KC-135R,Carver Field,training,2025-11-25,63.0,50201,4,5.8,12.2,13.3,5.0,0,0,0,False
M02683,T-1373,C-17A,Carver Field,training,2025-11-25,32.3,29232,177,64.7,13.6,17.8,2.7,0,2,1,False
M02684,T-1619,KC-135R,Carver Field,air refueling,2025-11-25,65.8,33590,92,5.5,0.0,4.4,4.9,0,0,1,False
M02685,T-0664,C-17A,Halstead AFB,channel,2025-11-25,23.9,23720,114,25.9,36.5,-3.2,10.6,1,1,1,False
M02686,T-1733,KC-135R,Carver Field,training,2025-11-25,67.8,47860,68,4.2,,13.0,2.2,0,0,3,False
M02687,T-0348,C-17A,Halstead AFB,SAAM,2025-11-25,22.8,15441,92,31.7,102.3,-13.0,6.7,1,0,0,False
M02688,T-1593,C-17A,Carver Field,SAAM,2025-11-25,18.3,12995,109,3.4,60.7,13.1,10.3,1,1,0,False
M02689,T-2164,C-5M,Dunmore AFB,channel,2025-11-25,37.4,42570,162,42.1,80.8,-1.9,9.8,0,0,0,False
M02690,T-1311,C-17A,Carver Field,training,2025-11-25,20.7,20906,33,11.9,17.4,15.9,4.7,0,0,1,False
M02691,T-1258,C-17A,Carver Field,SAAM,2025-11-26,19.2,15181,29,18.1,34.7,11.5,9.9,0,0,0,False
M02692,T-2186,C-5M,Dunmore AFB,channel,2025-11-26,38.2,34011,28,48.4,55.3,6.4,7.9,0,0,0,False
M02693,T-1221,C-17A,Carver Field,channel,2025-11-26,15.6,19726,19,33.3,73.0,17.1,7.0,0,0,3,False
M02694,T-0463,C-17A,Halstead AFB,channel,2025-11-26,30.7,19476,49,15.6,46.1,-8.4,11.9,1,0,1,False
M02695,T-2524,KC-135R,Dunmore AFB,air refueling,2025-11-26,67.1,57056,30,5.6,0.0,8.9,4.2,1,0,0,False
M02696,T-1767,KC-135R,Carver Field,channel,2025-11-27,64.3,61672,95,9.9,41.1,12.0,13.0,0,0,0,False
M02697,T-2382,KC-135R,Dunmore AFB,training,2025-11-27,67.4,65865,105,4.5,,-0.6,3.4,1,0,2,False
M02698,T-2366,KC-135R,Dunmore AFB,channel,2025-11-27,63.1,45478,75,86.5,62.9,1.1,12.2,0,0,4,False
M02699,T-0790,KC-46A,Halstead AFB,training,2025-11-27,7.8,7001,6,16.9,4.5,1.6,4.5,0,0,0,False
M02700,T-0780,KC-46A,Halstead AFB,aeromedical,2025-11-27,5.4,500,19,5.1,9.8,-4.2,5.8,0,0,0,False
M02701,T-0865,KC-46A,Halstead AFB,air refueling,2025-11-27,3.7,1696,42,11.2,,-2.4,4.2,0,0,0,False
M02702,T-2023,C-5M,Dunmore AFB,channel,2025-11-27,46.5,35310,80,31.2,146.9,2.1,10.8,0,0,0,False
M02703,T-2394,KC-135R,Dunmore AFB,training,2025-11-27,59.1,31509,86,5.7,6.4,10.4,4.8,0,0,0,False
M02704,T-1462,C-17A,Carver Field,channel,2025-11-27,21.2,21621,19,23.3,78.7,9.7,8.3,0,0,0,False
M02705,T-1869,KC-135R,Carver Field,channel,2025-11-28,65.7,38892,50,10.0,33.6,20.9,10.2,0,0,2,False
M02706,T-0639,C-17A,Halstead AFB,aeromedical,2025-11-28,21.7,10925,24,9.5,16.9,-5.8,7.1,0,0,2,False
M02707,T-0730,KC-46A,Halstead AFB,air refueling,2025-11-28,4.0,500,76,24.5,0.0,-6.3,3.1,0,0,2,False
M02708,T-2540,KC-135R,Dunmore AFB,air refueling,2025-11-28,65.5,57086,91,2.3,0.0,2.2,5.5,1,1,1,False
M02709,T-2386,KC-135R,Dunmore AFB,air refueling,2025-11-28,62.3,36598,96,6.8,0.0,5.1,5.7,1,0,1,False
M02710,T-1908,C-5M,Dunmore AFB,SAAM,2025-11-28,43.3,32747,27,9.7,133.3,3.6,7.7,1,1,2,False
M02711,T-1510,C-17A,Carver Field,aeromedical,2025-11-28,18.9,500,29,16.4,10.7,7.1,8.4,0,0,0,False
M02712,T-1088,KC-46A,Halstead AFB,air refueling,2025-11-28,4.4,5067,98,31.4,0.0,-7.6,4.4,1,1,2,False
M02713,T-1800,KC-135R,Carver Field,training,2025-11-28,59.6,49983,27,12.5,7.4,16.7,3.1,0,0,6,False
M02714,T-0531,C-17A,Halstead AFB,channel,2025-11-28,31.2,20204,35,11.7,86.2,-4.1,9.5,1,1,3,False
M02715,T-1581,C-17A,Carver Field,SAAM,2025-11-28,17.3,14313,40,8.0,20.7,16.8,9.5,0,0,1,False
M02716,T-1869,KC-135R,Carver Field,air refueling,2025-11-28,65.7,38892,38,18.2,0.0,18.1,3.3,0,0,2,False
M02717,T-2225,C-5M,Dunmore AFB,channel,2025-11-29,53.3,54876,59,10.1,134.7,1.5,10.8,0,0,0,False
M02718,T-1940,C-5M,Dunmore AFB,channel,2025-11-29,38.6,34418,19,17.4,100.3,1.9,8.5,0,0,0,False
M02719,T-2001,C-5M,Dunmore AFB,channel,2025-11-29,43.4,38613,65,37.3,99.7,3.4,8.1,1,1,0,False
M02720,T-1887,KC-135R,Carver Field,air refueling,2025-11-29,67.0,50748,21,3.5,0.0,21.5,3.5,0,0,1,False
M02721,T-0764,KC-46A,Halstead AFB,air refueling,2025-11-29,6.4,500,62,11.7,0.0,-5.3,4.1,0,0,1,False
M02722,T-0176,C-17A,Halstead AFB,SAAM,2025-11-29,31.3,25596,32,41.8,76.4,0.0,11.9,1,0,0,False
M02723,T-0664,C-17A,Halstead AFB,channel,2025-11-29,23.9,23720,90,47.2,72.2,1.0,10.7,1,1,1,False
M02724,T-0208,C-17A,Halstead AFB,training,2025-11-29,26.8,18481,66,5.3,16.4,-5.6,2.4,0,0,1,False
M02725,T-0821,KC-46A,Halstead AFB,air refueling,2025-11-30,5.7,500,46,90.0,0.0,-7.3,3.1,0,0,3,False
M02726,T-1395,C-17A,Carver Field,training,2025-11-30,31.0,34623,30,28.3,32.8,10.5,3.5,0,0,2,False
M02727,T-2114,C-5M,Dunmore AFB,channel,2025-11-30,53.9,35390,46,19.9,171.2,0.5,13.9,0,0,3,False
M02728,T-2290,KC-135R,Dunmore AFB,air refueling,2025-11-30,67.8,42978,42,6.9,0.0,7.0,3.1,0,0,1,False
M02729,T-2382,KC-135R,Dunmore AFB,air refueling,2025-11-30,67.4,65865,122,26.8,0.0,6.1,4.8,1,0,2,False
M02730,T-1496,C-17A,Carver Field,channel,2025-11-30,25.9,16243,93,12.6,55.4,11.8,8.7,0,0,0,False
M02731,T-0493,C-17A,Halstead AFB,aeromedical,2025-11-30,25.1,23647,101,25.3,9.5,-4.2,7.8,0,0,4,False
M02732,T-0764,KC-46A,Halstead AFB,air refueling,2025-11-30,6.4,500,70,22.2,0.0,-12.3,5.2,1,0,1,False
M02733,T-0870,KC-46A,Halstead AFB,air refueling,2025-12-01,2.6,676,35,21.0,0.0,-2.5,3.5,0,1,0,False
M02734,T-1581,C-17A,Carver Field,aeromedical,2025-12-01,17.3,14313,42,30.7,10.9,18.7,9.2,0,0,1,False
M02735,T-1395,C-17A,Carver Field,SAAM,2025-12-01,31.0,34623,6,14.3,83.7,9.5,9.5,1,0,2,False
M02736,T-2186,C-5M,Dunmore AFB,training,2025-12-01,38.2,34011,17,81.1,28.3,-1.9,3.2,1,0,0,False
M02737,T-0821,KC-46A,Halstead AFB,training,2025-12-01,5.7,500,61,25.1,4.9,0.6,4.1,0,0,3,False
M02738,T-0914,KC-46A,Halstead AFB,channel,2025-12-01,5.4,4439,122,6.3,20.8,-6.5,7.8,0,0,1,False
M02739,T-1171,C-17A,Carver Field,channel,2025-12-01,26.8,29878,34,20.8,45.0,3.8,9.6,0,0,2,False
M02740,T-1908,C-5M,Dunmore AFB,channel,2025-12-02,43.3,32747,27,19.3,68.6,3.7,8.2,0,1,2,False
M02741,T-2049,C-5M,Dunmore AFB,channel,2025-12-02,39.1,24961,86,14.1,139.7,-8.3,8.1,1,0,0,False
M02742,T-2366,KC-135R,Dunmore AFB,air refueling,2025-12-02,63.1,45478,110,14.4,0.0,-1.4,4.6,0,0,4,False
M02743,T-1940,C-5M,Dunmore AFB,channel,2025-12-02,38.6,34418,133,32.3,139.9,14.3,10.2,0,0,0,False
M02744,T-0988,KC-46A,Halstead AFB,air refueling,2025-12-02,6.0,9210,20,6.6,0.0,-5.6,5.5,0,0,4,False
M02745,T-2572,KC-135R,Dunmore AFB,training,2025-12-02,58.1,43971,8,11.7,12.4,1.6,3.6,1,0,1,False
M02746,T-2161,C-5M,Dunmore AFB,channel,2025-12-02,44.9,44409,44,24.6,144.5,6.6,7.4,0,0,1,False
M02747,T-2295,KC-135R,Dunmore AFB,air refueling,2025-12-02,63.1,37980,36,7.6,0.0,-0.8,5.4,0,1,1,False
M02748,T-1713,KC-135R,Carver Field,air refueling,2025-12-02,66.1,44856,75,4.1,0.0,17.3,3.9,1,1,3,False
M02749,T-2161,C-5M,Dunmore AFB,SAAM,2025-12-03,44.9,44409,78,20.1,266.0,7.2,6.5,1,0,1,False
M02750,T-2366,KC-135R,Dunmore AFB,air refueling,2025-12-03,63.1,45478,34,14.4,0.0,6.0,5.7,0,0,4,False
M02751,T-2052,C-5M,Dunmore AFB,channel,2025-12-03,46.4,27070,23,13.3,124.0,-1.1,7.1,1,0,0,False
M02752,T-0668,KC-46A,Halstead AFB,air refueling,2025-12-03,5.5,998,62,46.0,0.0,-12.7,4.5,1,0,0,False
M02753,T-0493,C-17A,Halstead AFB,channel,2025-12-03,25.1,23647,83,18.6,85.7,-9.6,11.2,1,0,4,False
M02754,T-1733,KC-135R,Carver Field,air refueling,2025-12-03,67.8,47860,119,7.9,0.0,21.8,4.5,0,0,3,False
M02755,T-0664,C-17A,Halstead AFB,SAAM,2025-12-03,23.9,23720,20,13.0,40.9,-0.3,11.8,0,1,1,False
M02756,T-1537,C-17A,Carver Field,channel,2025-12-03,16.8,13250,82,10.9,100.5,16.2,11.2,1,0,0,False
M02757,T-1869,KC-135R,Carver Field,air refueling,2025-12-03,65.7,38892,33,11.5,0.0,18.4,3.3,0,0,2,False
M02758,T-0599,C-17A,Halstead AFB,channel,2025-12-03,25.4,24118,143,8.0,119.2,-11.0,12.0,1,0,1,False
M02759,T-1700,KC-135R,Carver Field,air refueling,2025-12-04,58.7,53822,23,8.8,0.0,9.3,5.8,0,0,0,False
M02760,T-1767,KC-135R,Carver Field,air refueling,2025-12-04,64.3,61672,200,8.4,0.0,9.5,3.9,0,0,0,False
M02761,T-0208,C-17A,Halstead AFB,channel,2025-12-04,26.8,18481,47,11.2,61.4,-13.8,7.6,1,0,1,False
M02762,T-1908,C-5M,Dunmore AFB,channel,2025-12-04,43.3,32747,170,3.8,167.1,-5.4,7.1,1,1,2,False
M02763,T-1194,C-17A,Carver Field,SAAM,2025-12-04,17.3,16603,25,17.5,50.8,10.6,8.6,0,1,3,False
M02764,T-1940,C-5M,Dunmore AFB,channel,2025-12-04,38.6,34418,131,19.2,90.9,9.6,10.0,0,0,0,False
M02765,T-2386,KC-135R,Dunmore AFB,air refueling,2025-12-04,62.3,36598,34,8.4,0.0,11.8,3.9,1,0,1,False
M02766,T-0255,C-17A,Halstead AFB,training,2025-12-04,28.5,22538,56,26.2,6.6,-2.2,3.4,1,2,0,False
M02767,T-0827,KC-46A,Halstead AFB,channel,2025-12-04,2.1,9446,22,60.2,15.0,-11.6,7.1,0,0,3,False
M02768,T-2545,KC-135R,Dunmore AFB,air refueling,2025-12-04,59.3,46236,26,7.6,0.0,4.4,4.1,0,0,0,False
M02769,T-1553,C-17A,Carver Field,SAAM,2025-12-05,31.5,16953,111,21.1,62.6,14.9,9.6,1,0,2,False
M02770,T-2376,KC-135R,Dunmore AFB,air refueling,2025-12-05,66.8,51278,57,13.8,0.0,2.2,4.3,0,2,2,False
M02771,T-1311,C-17A,Carver Field,channel,2025-12-05,20.7,20906,39,34.8,107.2,8.1,10.2,1,0,1,False
M02772,T-1803,KC-135R,Carver Field,air refueling,2025-12-05,63.8,46399,34,10.7,0.0,15.8,5.0,0,0,0,False
M02773,T-0425,C-17A,Halstead AFB,channel,2025-12-05,22.8,18352,43,6.9,30.4,-0.3,9.4,0,0,0,False
M02774,T-2524,KC-135R,Dunmore AFB,air refueling,2025-12-05,67.1,57056,57,21.4,0.0,0.7,4.4,1,0,0,False
M02775,T-2052,C-5M,Dunmore AFB,channel,2025-12-05,46.4,27070,11,22.6,80.1,4.1,10.8,0,0,0,False
M02776,T-2052,C-5M,Dunmore AFB,training,2025-12-05,46.4,27070,16,8.6,,-6.9,3.1,1,0,0,False
M02777,T-1803,KC-135R,Carver Field,air refueling,2025-12-05,63.8,46399,23,7.4,0.0,12.9,5.9,1,0,0,False
M02778,T-2504,KC-135R,Dunmore AFB,air refueling,2025-12-06,65.7,48344,22,13.2,0.0,-3.4,4.5,0,1,1,False
M02779,T-2394,KC-135R,Dunmore AFB,air refueling,2025-12-06,59.1,31509,23,5.9,0.0,1.8,4.3,0,0,0,False
M02780,T-2161,C-5M,Dunmore AFB,SAAM,2025-12-06,44.9,44409,62,39.2,,9.7,8.5,1,0,1,False
M02781,T-0255,C-17A,Halstead AFB,channel,2025-12-06,28.5,22538,74,14.5,147.7,-1.5,10.8,0,2,0,False
M02782,T-0531,C-17A,Halstead AFB,SAAM,2025-12-06,31.2,20204,178,12.2,119.2,-1.4,10.2,1,1,3,False
M02783,T-1281,C-17A,Carver Field,channel,2025-12-06,26.9,19964,36,36.2,73.3,16.5,13.1,0,0,0,False
M02784,T-0865,KC-46A,Halstead AFB,air refueling,2025-12-06,3.7,1696,75,10.6,0.0,-2.6,4.3,0,0,0,False
M02785,T-1964,C-5M,Dunmore AFB,training,2025-12-06,44.9,34382,26,13.5,27.3,0.5,4.5,1,1,1,False
M02786,T-2114,C-5M,Dunmore AFB,training,2025-12-07,53.9,35390,38,9.0,15.8,3.3,3.1,1,0,3,False
M02787,T-1462,C-17A,Carver Field,channel,2025-12-07,21.2,21621,6,8.3,,26.9,13.3,0,0,0,False
M02788,T-1964,C-5M,Dunmore AFB,channel,2025-12-07,44.9,34382,8,59.9,78.5,-2.2,10.0,0,1,1,False
M02789,T-0668,KC-46A,Halstead AFB,air refueling,2025-12-07,5.5,998,22,5.9,0.0,-3.6,5.1,0,0,0,False
M02790,T-0577,C-17A,Halstead AFB,channel,2025-12-07,27.6,14931,23,9.0,68.7,-4.7,7.8,1,0,1,False
M02791,T-1425,C-17A,Carver Field,SAAM,2025-12-07,26.7,12605,63,9.4,52.4,13.7,9.7,1,2,4,False
M02792,T-1581,C-17A,Carver Field,channel,2025-12-07,17.3,14313,91,24.5,50.2,27.5,12.6,0,0,1,False
M02793,T-0370,C-17A,Halstead AFB,aeromedical,2025-12-07,15.2,15916,139,7.8,10.2,1.0,9.0,1,0,1,False
M02794,T-0988,KC-46A,Halstead AFB,training,2025-12-07,6.0,9210,200,10.5,,-7.8,4.6,1,0,4,False
M02795,T-2386,KC-135R,Dunmore AFB,air refueling,2025-12-07,62.3,36598,7,3.3,0.0,-0.8,3.3,1,0,1,False
M02796,T-1940,C-5M,Dunmore AFB,aeromedical,2025-12-08,38.6,34418,96,27.1,76.1,8.4,7.4,1,0,0,False
M02797,T-2504,KC-135R,Dunmore AFB,air refueling,2025-12-08,65.7,48344,51,2.7,0.0,2.2,5.6,1,1,1,False
M02798,T-2366,KC-135R,Dunmore AFB,air refueling,2025-12-08,63.1,45478,200,15.1,0.0,-7.2,4.4,1,0,4,False
M02799,T-1462,C-17A,Carver Field,training,2025-12-08,21.2,21621,60,21.9,6.0,13.0,2.7,1,0,0,False
M02800,T-0176,C-17A,Halstead AFB,SAAM,2025-12-08,31.3,25596,21,18.6,41.2,-1.4,6.5,0,0,0,False
M02801,T-0493,C-17A,Halstead AFB,training,2025-12-08,25.1,23647,75,11.6,28.6,-14.9,3.3,1,0,4,False
M02802,T-0314,C-17A,Halstead AFB,training,2025-12-08,20.0,5381,33,13.1,21.5,-5.2,4.7,0,0,3,False
M02803,T-0914,KC-46A,Halstead AFB,air refueling,2025-12-08,5.4,4439,66,5.5,0.0,-2.8,3.1,0,0,1,False
M02804,T-2001,C-5M,Dunmore AFB,aeromedical,2025-12-08,43.4,38613,88,94.6,34.9,-4.0,9.6,0,1,0,False
M02805,T-2225,C-5M,Dunmore AFB,channel,2025-12-08,53.3,54876,69,58.6,74.6,-0.5,6.2,0,0,0,False
M02806,T-1056,KC-46A,Halstead AFB,air refueling,2025-12-08,6.9,5985,74,5.1,0.0,4.6,4.2,0,0,0,False
M02807,T-0639,C-17A,Halstead AFB,training,2025-12-08,21.7,10925,115,8.0,14.7,-6.7,3.5,0,0,2,False
M02808,T-0730,KC-46A,Halstead AFB,air refueling,2025-12-08,4.0,500,30,34.3,0.0,-13.4,4.9,1,0,2,False
M02809,T-2545,KC-135R,Dunmore AFB,channel,2025-12-09,59.3,46236,20,22.3,37.5,1.9,8.3,0,0,0,False
M02810,T-1056,KC-46A,Halstead AFB,channel,2025-12-09,6.9,5985,38,25.0,24.2,-1.1,9.8,0,0,0,False
M02811,T-1593,C-17A,Carver Field,SAAM,2025-12-09,18.3,12995,35,22.3,61.5,15.8,10.6,0,1,0,False
M02812,T-0348,C-17A,Halstead AFB,SAAM,2025-12-09,22.8,15441,41,12.5,,-11.8,7.6,1,0,0,False
M02813,T-0639,C-17A,Halstead AFB,channel,2025-12-09,21.7,10925,96,8.2,113.9,1.8,10.6,0,0,2,False
M02814,T-2052,C-5M,Dunmore AFB,channel,2025-12-09,46.4,27070,50,24.6,62.6,4.3,12.7,0,0,0,False
M02815,T-2290,KC-135R,Dunmore AFB,air refueling,2025-12-09,67.8,42978,38,6.5,0.0,4.3,6.0,1,0,1,False
M02816,T-1630,KC-135R,Carver Field,air refueling,2025-12-09,58.4,49021,62,5.3,0.0,12.3,4.0,0,0,2,False
M02817,T-2001,C-5M,Dunmore AFB,aeromedical,2025-12-10,43.4,38613,48,32.2,16.9,3.4,6.6,0,1,0,False
M02818,T-1281,C-17A,Carver Field,training,2025-12-10,26.9,19964,5,19.2,23.4,18.5,3.1,0,0,0,False
M02819,T-1920,C-5M,Dunmore AFB,channel,2025-12-10,40.4,32103,11,12.9,266.0,3.9,7.6,0,0,0,False
M02820,T-1803,KC-135R,Carver Field,air refueling,2025-12-10,63.8,46399,117,27.5,0.0,20.6,4.2,0,0,0,False
M02821,T-2023,C-5M,Dunmore AFB,SAAM,2025-12-10,46.5,35310,71,30.3,109.0,-6.4,8.2,1,0,0,False
M02822,T-2049,C-5M,Dunmore AFB,SAAM,2025-12-10,39.1,24961,18,33.4,141.3,-4.4,6.2,0,0,0,False
M02823,T-1920,C-5M,Dunmore AFB,SAAM,2025-12-10,40.4,32103,36,65.1,108.3,-0.1,5.7,0,0,0,False
M02824,T-0790,KC-46A,Halstead AFB,air refueling,2025-12-10,7.8,7001,65,10.8,0.0,-8.1,4.6,0,0,0,False
M02825,T-2295,KC-135R,Dunmore AFB,air refueling,2025-12-10,63.1,37980,70,51.1,0.0,4.8,3.9,0,1,1,False
M02826,T-0939,KC-46A,Halstead AFB,air refueling,2025-12-11,7.5,8245,80,13.0,0.0,-8.5,4.8,0,0,0,False
M02827,T-2073,C-5M,Dunmore AFB,aeromedical,2025-12-11,40.9,26759,94,28.5,21.3,12.3,8.7,0,0,0,False
M02828,T-0821,KC-46A,Halstead AFB,air refueling,2025-12-11,5.7,500,7,5.3,,-15.7,4.1,1,0,3,False
M02829,T-1056,KC-46A,Halstead AFB,air refueling,2025-12-11,6.9,5985,18,19.2,0.0,-0.1,4.9,0,0,0,False
M02830,T-1700,KC-135R,Carver Field,channel,2025-12-11,58.7,53822,22,11.0,20.8,15.7,7.7,0,0,0,False
M02831,T-0493,C-17A,Halstead AFB,aeromedical,2025-12-11,25.1,23647,49,4.4,24.7,-6.5,10.0,0,0,4,False
M02832,T-1767,KC-135R,Carver Field,air refueling,2025-12-11,64.3,61672,22,6.5,0.0,14.9,5.4,0,0,0,False
M02833,T-0730,KC-46A,Halstead AFB,channel,2025-12-11,4.0,500,10,4.9,20.0,-10.2,10.4,0,0,2,False
M02834,T-0939,KC-46A,Halstead AFB,air refueling,2025-12-11,7.5,8245,78,27.7,0.0,-5.2,5.6,1,0,0,False
M02835,T-0668,KC-46A,Halstead AFB,channel,2025-12-11,5.5,998,74,54.4,23.7,-2.1,12.1,0,0,0,False
M02836,T-0620,C-17A,Halstead AFB,training,2025-12-12,28.2,15411,44,26.9,7.7,-7.4,2.4,0,0,2,False
M02837,T-1722,KC-135R,Carver Field,aeromedical,2025-12-12,65.2,42857,26,23.3,3.8,13.4,9.4,0,0,1,False
M02838,T-0314,C-17A,Halstead AFB,training,2025-12-12,20.0,5381,14,9.6,13.3,-2.8,3.9,1,0,3,False
M02839,T-0730,KC-46A,Halstead AFB,training,2025-12-12,4.0,500,24,24.7,2.2,-3.8,3.4,0,0,2,False
M02840,T-0281,C-17A,Halstead AFB,channel,2025-12-12,23.1,21141,59,20.8,,-6.4,9.8,1,2,2,False
M02841,T-1137,C-17A,Carver Field,channel,2025-12-12,26.3,26363,40,3.2,120.4,21.5,10.2,0,0,1,False
M02842,T-1630,KC-135R,Carver Field,air refueling,2025-12-12,58.4,49021,20,16.3,0.0,16.4,3.5,0,0,2,False
M02843,T-0281,C-17A,Halstead AFB,channel,2025-12-12,23.1,21141,44,13.9,104.6,-2.5,7.7,1,2,2,False
M02844,T-2260,KC-135R,Dunmore AFB,air refueling,2025-12-13,61.5,50733,86,28.4,0.0,5.5,5.6,0,0,2,False
M02845,T-1504,C-17A,Carver Field,channel,2025-12-13,21.4,28553,79,34.5,155.6,7.8,11.1,0,0,0,False
M02846,T-2089,C-5M,Dunmore AFB,aeromedical,2025-12-13,42.3,34339,43,35.6,29.9,12.5,9.9,0,0,3,False
M02847,T-0409,C-17A,Halstead AFB,SAAM,2025-12-13,18.5,23325,188,11.0,81.6,-8.6,5.2,1,1,1,False
M02848,T-0370,C-17A,Halstead AFB,channel,2025-12-13,15.2,15916,67,15.0,80.9,-6.8,12.3,0,0,1,False
M02849,T-1847,KC-135R,Carver Field,air refueling,2025-12-13,60.9,53602,35,18.3,0.0,16.9,5.1,0,0,3,False
M02850,T-1677,KC-135R,Carver Field,air refueling,2025-12-13,67.6,55886,38,10.6,0.0,15.6,4.5,0,0,1,False
M02851,T-1964,C-5M,Dunmore AFB,channel,2025-12-13,44.9,34382,83,21.6,192.3,2.5,13.1,0,1,1,False
M02852,T-1258,C-17A,Carver Field,channel,2025-12-13,19.2,15181,160,7.7,61.3,23.4,10.4,0,0,0,False
M02853,T-1713,KC-135R,Carver Field,air refueling,2025-12-13,66.1,44856,34,17.2,0.0,17.7,3.3,0,1,3,False
M02854,T-0577,C-17A,Halstead AFB,channel,2025-12-13,27.6,14931,35,11.4,91.0,-2.7,13.5,1,0,1,False
M02855,T-1964,C-5M,Dunmore AFB,training,2025-12-13,44.9,34382,70,35.0,19.5,5.8,4.7,0,1,1,False
M02856,T-1908,C-5M,Dunmore AFB,channel,2025-12-13,43.3,32747,48,10.2,69.3,-0.3,10.1,1,1,2,False
M02857,T-0914,KC-46A,Halstead AFB,air refueling,2025-12-14,5.4,4439,116,27.4,0.0,-12.0,4.8,1,0,1,False
M02858,T-2572,KC-135R,Dunmore AFB,channel,2025-12-14,58.1,43971,145,6.4,49.9,11.1,9.4,0,0,1,False
M02859,T-1713,KC-135R,Carver Field,air refueling,2025-12-14,66.1,44856,200,10.0,0.0,11.6,5.9,1,1,3,False
M02860,T-1630,KC-135R,Carver Field,channel,2025-12-14,58.4,49021,131,7.5,45.1,14.7,11.8,1,0,2,False
M02861,T-1859,KC-135R,Carver Field,air refueling,2025-12-14,65.4,50943,112,2.9,,15.5,5.2,1,0,3,False
M02862,T-2386,KC-135R,Dunmore AFB,air refueling,2025-12-14,62.3,36598,5,19.2,0.0,8.4,4.6,0,0,1,False
M02863,T-0549,C-17A,Halstead AFB,training,2025-12-14,20.6,16918,41,5.7,12.0,-10.8,4.9,1,0,0,False
M02864,T-1700,KC-135R,Carver Field,air refueling,2025-12-15,58.7,53822,17,4.7,0.0,15.6,5.4,0,0,0,False
M02865,T-2145,C-5M,Dunmore AFB,channel,2025-12-15,44.7,32151,22,59.3,87.5,-4.2,8.7,0,0,2,False
M02866,T-2524,KC-135R,Dunmore AFB,aeromedical,2025-12-15,67.1,57056,13,6.4,9.1,0.9,5.9,1,0,0,False
M02867,T-2164,C-5M,Dunmore AFB,channel,2025-12-15,37.4,42570,48,25.2,80.3,7.9,9.6,0,0,0,False
M02868,T-1619,KC-135R,Carver Field,air refueling,2025-12-16,65.8,33590,37,4.7,0.0,9.5,3.4,1,0,1,False
M02869,T-1859,KC-135R,Carver Field,channel,2025-12-16,65.4,50943,56,40.6,45.0,14.8,11.5,0,0,3,False
M02870,T-0208,C-17A,Halstead AFB,SAAM,2025-12-16,26.8,18481,137,24.1,161.5,-7.8,7.7,0,0,1,False
M02871,T-2442,KC-135R,Dunmore AFB,air refueling,2025-12-16,66.9,50383,25,11.8,0.0,5.2,3.1,1,1,2,False
M02872,T-1258,C-17A,Carver Field,SAAM,2025-12-16,19.2,15181,90,38.4,49.1,24.5,6.9,0,0,0,False
M02873,T-1658,KC-135R,Carver Field,air refueling,2025-12-16,60.1,63704,75,7.7,0.0,9.9,5.3,1,2,1,False
M02874,T-0176,C-17A,Halstead AFB,channel,2025-12-17,31.3,25596,65,15.5,73.9,9.3,8.9,0,0,0,False
M02875,T-1281,C-17A,Carver Field,SAAM,2025-12-17,26.9,19964,110,11.0,161.5,13.8,7.5,0,0,0,False
M02876,T-1581,C-17A,Carver Field,SAAM,2025-12-17,17.3,14313,3,14.3,49.7,11.7,5.1,1,0,1,False
M02877,T-0314,C-17A,Halstead AFB,channel,2025-12-17,20.0,5381,20,22.5,38.1,-10.6,6.3,0,0,3,False
M02878,T-0473,C-17A,Halstead AFB,aeromedical,2025-12-17,25.9,25278,43,9.8,11.5,-5.4,7.6,0,0,3,False
M02879,T-0255,C-17A,Halstead AFB,SAAM,2025-12-17,28.5,22538,128,48.4,50.7,-12.1,8.2,1,2,0,False
M02880,T-1395,C-17A,Carver Field,channel,2025-12-18,31.0,34623,34,26.4,95.2,17.5,6.7,0,0,2,False
M02881,T-0870,KC-46A,Halstead AFB,channel,2025-12-18,2.6,676,41,4.6,23.7,-6.3,12.1,0,1,0,False
M02882,T-1340,C-17A,Carver Field,SAAM,2025-12-18,23.5,12865,22,9.5,32.6,12.2,9.9,0,0,0,False
M02883,T-0821,KC-46A,Halstead AFB,aeromedical,2025-12-18,5.7,500,31,9.2,6.3,-7.3,9.8,0,0,3,False
M02884,T-2504,KC-135R,Dunmore AFB,channel,2025-12-18,65.7,48344,67,6.6,51.5,5.1,11.0,1,1,1,False
M02885,T-0577,C-17A,Halstead AFB,channel,2025-12-18,27.6,14931,1,40.9,88.7,-1.6,7.6,0,0,1,False
M02886,T-1137,C-17A,Carver Field,channel,2025-12-18,26.3,26363,46,14.6,43.5,15.7,10.7,0,0,1,False
M02887,T-0473,C-17A,Halstead AFB,SAAM,2025-12-18,25.9,25278,31,7.5,79.5,-14.9,8.9,1,0,3,False
M02888,T-0752,KC-46A,Halstead AFB,training,2025-12-18,7.9,500,62,28.7,3.1,-9.1,2.1,0,0,2,False
M02889,T-2023,C-5M,Dunmore AFB,training,2025-12-19,46.5,35310,31,11.5,12.8,-0.7,2.9,0,0,0,False
M02890,T-0695,KC-46A,Halstead AFB,training,2025-12-19,2.0,500,44,17.9,3.7,-1.5,2.5,0,0,1,False
M02891,T-2334,KC-135R,Dunmore AFB,air refueling,2025-12-19,65.9,51911,36,47.4,0.0,7.1,3.4,1,0,1,False
M02892,T-1619,KC-135R,Carver Field,air refueling,2025-12-19,65.8,33590,86,9.3,0.0,9.9,3.9,0,0,1,False
M02893,T-1020,KC-46A,Halstead AFB,training,2025-12-19,3.4,500,41,18.8,8.4,-8.3,2.5,0,0,0,False
M02894,T-0790,KC-46A,Halstead AFB,training,2025-12-19,7.8,7001,152,36.5,3.0,-10.6,2.1,0,0,0,False
M02895,T-2442,KC-135R,Dunmore AFB,air refueling,2025-12-19,66.9,50383,16,4.4,0.0,2.3,3.4,0,1,2,False
M02896,T-0668,KC-46A,Halstead AFB,channel,2025-12-19,5.5,998,15,7.2,12.9,-15.3,7.4,1,0,0,False
M02897,T-0473,C-17A,Halstead AFB,channel,2025-12-19,25.9,25278,27,7.2,56.1,-14.1,13.9,1,0,3,False
M02898,T-1920,C-5M,Dunmore AFB,channel,2025-12-20,40.4,32103,54,22.1,139.6,-0.6,10.8,1,0,0,False
M02899,T-2114,C-5M,Dunmore AFB,SAAM,2025-12-20,53.9,35390,32,22.6,,4.0,8.8,1,0,3,False
M02900,T-0463,C-17A,Halstead AFB,training,2025-12-20,30.7,19476,29,9.7,11.8,-3.3,2.7,0,0,1,False
M02901,T-1553,C-17A,Carver Field,SAAM,2025-12-20,31.5,16953,33,7.0,142.4,20.9,12.0,0,0,2,False
M02902,T-0425,C-17A,Halstead AFB,channel,2025-12-20,22.8,18352,43,14.1,69.2,-0.7,9.2,0,0,0,False
M02903,T-1823,KC-135R,Carver Field,air refueling,2025-12-20,63.0,50201,66,7.1,0.0,13.1,5.2,0,0,0,False
M02904,T-1713,KC-135R,Carver Field,air refueling,2025-12-20,66.1,44856,13,20.0,0.0,22.0,3.1,1,1,3,False
M02905,T-2545,KC-135R,Dunmore AFB,air refueling,2025-12-20,59.3,46236,9,3.5,0.0,9.0,3.8,0,0,0,False
M02906,T-2052,C-5M,Dunmore AFB,SAAM,2025-12-20,46.4,27070,38,27.6,141.0,6.1,8.5,1,0,0,False
M02907,T-2545,KC-135R,Dunmore AFB,air refueling,2025-12-21,59.3,46236,110,6.2,0.0,-2.8,4.9,0,0,0,False
M02908,T-2334,KC-135R,Dunmore AFB,aeromedical,2025-12-21,65.9,51911,24,17.9,12.6,1.6,5.5,0,0,1,False
M02909,T-0599,C-17A,Halstead AFB,aeromedical,2025-12-21,25.4,24118,43,48.9,19.9,-3.0,4.7,1,0,1,False
M02910,T-0409,C-17A,Halstead AFB,aeromedical,2025-12-21,18.5,23325,73,27.2,27.2,-1.0,6.6,0,1,1,False
M02911,T-1593,C-17A,Carver Field,SAAM,2025-12-21,18.3,12995,78,16.3,90.6,7.7,9.4,0,1,0,False
M02912,T-2572,KC-135R,Dunmore AFB,air refueling,2025-12-21,58.1,43971,171,12.5,0.0,5.6,3.6,0,0,1,False
M02913,T-2545,KC-135R,Dunmore AFB,air refueling,2025-12-21,59.3,46236,32,7.7,0.0,8.8,4.8,0,0,0,False
M02914,T-1557,C-17A,Carver Field,channel,2025-12-22,19.3,18333,59,7.5,37.9,6.5,11.6,0,0,4,False
M02915,T-1630,KC-135R,Carver Field,air refueling,2025-12-22,58.4,49021,58,20.6,0.0,14.3,4.8,0,0,2,False
M02916,T-2366,KC-135R,Dunmore AFB,channel,2025-12-22,63.1,45478,33,4.1,31.2,1.5,12.9,1,0,4,False
M02917,T-0463,C-17A,Halstead AFB,SAAM,2025-12-22,30.7,19476,7,2.6,,-10.0,5.9,1,0,1,False
M02918,T-2023,C-5M,Dunmore AFB,channel,2025-12-22,46.5,35310,34,6.6,118.8,-3.0,13.4,0,0,0,False
M02919,T-1510,C-17A,Carver Field,SAAM,2025-12-22,18.9,500,28,5.4,94.0,14.9,9.8,0,0,0,False
M02920,T-1221,C-17A,Carver Field,aeromedical,2025-12-22,15.6,19726,17,15.7,27.5,6.3,9.4,0,0,3,False
M02921,T-1611,C-17A,Carver Field,training,2025-12-22,25.0,24677,21,10.6,9.1,15.3,4.1,0,0,0,False
M02922,T-0951,KC-46A,Halstead AFB,air refueling,2025-12-22,6.7,3673,42,19.2,,-4.1,5.1,1,0,1,False
M02923,T-1221,C-17A,Carver Field,SAAM,2025-12-23,15.6,19726,9,24.7,111.6,20.4,8.0,0,0,3,False
M02924,T-1856,KC-135R,Carver Field,aeromedical,2025-12-23,65.7,50112,80,9.1,6.1,15.6,7.0,0,0,0,False
M02925,T-0764,KC-46A,Halstead AFB,air refueling,2025-12-23,6.4,500,63,14.9,,1.4,3.1,0,0,1,False
M02926,T-0409,C-17A,Halstead AFB,channel,2025-12-23,18.5,23325,58,8.8,103.5,-5.6,9.7,1,1,1,False
M02927,T-0865,KC-46A,Halstead AFB,training,2025-12-23,3.7,1696,14,28.1,3.5,-13.1,4.4,1,0,0,False
M02928,T-1630,KC-135R,Carver Field,air refueling,2025-12-23,58.4,49021,75,26.1,0.0,13.7,3.2,1,0,2,False
M02929,T-1020,KC-46A,Halstead AFB,air refueling,2025-12-23,3.4,500,44,12.4,0.0,-8.7,4.9,1,0,0,False
M02930,T-0730,KC-46A,Halstead AFB,air refueling,2025-12-23,4.0,500,66,6.5,0.0,-15.2,5.2,0,0,2,False
M02931,T-1800,KC-135R,Carver Field,air refueling,2025-12-23,59.6,49983,53,26.5,0.0,13.5,4.7,0,0,6,False
M02932,T-2164,C-5M,Dunmore AFB,channel,2025-12-24,37.4,42570,147,21.0,144.2,3.5,12.1,1,0,0,False
M02933,T-1510,C-17A,Carver Field,training,2025-12-24,18.9,500,200,12.1,14.8,15.7,2.0,0,0,0,False
M02934,T-0764,KC-46A,Halstead AFB,channel,2025-12-24,6.4,500,8,13.9,16.5,-10.0,9.7,1,0,1,False
M02935,T-2386,KC-135R,Dunmore AFB,air refueling,2025-12-24,62.3,36598,55,6.9,0.0,-1.1,4.1,0,0,1,False
M02936,T-2587,KC-135R,Dunmore AFB,air refueling,2025-12-24,61.2,41342,70,11.3,0.0,-3.1,5.6,0,0,0,False
M02937,T-0176,C-17A,Halstead AFB,channel,2025-12-24,31.3,25596,36,32.9,63.5,-0.6,12.4,0,0,0,False
M02938,T-1611,C-17A,Carver Field,SAAM,2025-12-24,25.0,24677,77,9.8,57.4,9.7,7.4,0,0,0,False
M02939,T-2089,C-5M,Dunmore AFB,channel,2025-12-24,42.3,34339,32,40.2,61.2,1.2,13.9,0,0,3,False
M02940,T-1897,KC-135R,Carver Field,air refueling,2025-12-24,60.1,41165,154,6.0,0.0,9.8,5.6,0,0,2,False
M02941,T-2433,KC-135R,Dunmore AFB,air refueling,2025-12-25,59.2,35488,54,9.5,0.0,5.9,3.4,0,0,0,False
M02942,T-1920,C-5M,Dunmore AFB,training,2025-12-25,40.4,32103,84,18.6,35.0,1.6,4.9,1,0,0,False
M02943,T-1823,KC-135R,Carver Field,air refueling,2025-12-25,63.0,50201,115,4.3,0.0,9.5,5.6,0,0,0,False
M02944,T-0870,KC-46A,Halstead AFB,air refueling,2025-12-25,2.6,676,27,6.7,0.0,-5.8,5.3,0,1,0,False
M02945,T-1964,C-5M,Dunmore AFB,aeromedical,2025-12-26,44.9,34382,41,3.3,36.8,-2.6,6.2,1,1,1,False
M02946,T-2161,C-5M,Dunmore AFB,channel,2025-12-26,44.9,44409,55,5.6,117.9,-7.4,13.5,0,0,1,False
M02947,T-0752,KC-46A,Halstead AFB,air refueling,2025-12-26,7.9,500,18,3.3,,-16.9,5.6,1,0,2,False
M02948,T-0620,C-17A,Halstead AFB,SAAM,2025-12-26,28.2,15411,36,14.9,,-0.6,9.3,1,0,2,False
M02949,T-2145,C-5M,Dunmore AFB,aeromedical,2025-12-26,44.7,32151,5,7.7,33.4,2.0,5.3,0,0,2,False
M02950,T-2334,KC-135R,Dunmore AFB,aeromedical,2025-12-27,65.9,51911,49,16.1,7.8,-1.2,5.5,1,0,1,False
M02951,T-0531,C-17A,Halstead AFB,SAAM,2025-12-27,31.2,20204,50,70.0,30.7,-9.2,6.5,0,1,3,False
M02952,T-0988,KC-46A,Halstead AFB,training,2025-12-27,6.0,9210,70,13.2,7.4,-12.3,2.4,1,0,4,False
M02953,T-2504,KC-135R,Dunmore AFB,air refueling,2025-12-27,65.7,48344,23,19.0,0.0,4.4,3.5,1,1,1,False
M02954,T-2001,C-5M,Dunmore AFB,aeromedical,2025-12-27,43.4,38613,28,60.9,,8.5,5.6,1,1,0,False
M02955,T-1856,KC-135R,Carver Field,air refueling,2025-12-27,65.7,50112,39,40.5,0.0,18.8,4.5,0,0,0,False
M02956,T-0891,KC-46A,Halstead AFB,air refueling,2025-12-27,5.6,500,14,14.0,0.0,-10.4,4.7,1,0,1,False
M02957,T-0752,KC-46A,Halstead AFB,air refueling,2025-12-27,7.9,500,71,28.9,0.0,-15.3,3.7,0,0,2,False
M02958,T-0891,KC-46A,Halstead AFB,channel,2025-12-27,5.6,500,25,9.5,14.1,-6.3,8.6,0,0,1,False
M02959,T-2001,C-5M,Dunmore AFB,SAAM,2025-12-27,43.4,38613,105,31.8,101.1,-1.2,11.7,1,1,0,False
M02960,T-0668,KC-46A,Halstead AFB,training,2025-12-27,5.5,998,58,20.1,5.7,-1.7,3.0,0,0,0,False
M02961,T-0914,KC-46A,Halstead AFB,air refueling,2025-12-27,5.4,4439,56,7.6,0.0,-4.4,4.5,0,0,1,False
M02962,T-2552,KC-135R,Dunmore AFB,channel,2025-12-27,65.1,65331,27,7.9,31.2,-7.2,8.4,1,0,2,False
M02963,T-0790,KC-46A,Halstead AFB,air refueling,2025-12-28,7.8,7001,12,12.8,0.0,-8.3,4.4,1,0,0,False
M02964,T-1557,C-17A,Carver Field,channel,2025-12-28,19.3,18333,56,36.8,72.4,16.2,13.4,0,0,4,False
M02965,T-2474,KC-135R,Dunmore AFB,aeromedical,2025-12-28,67.8,48502,98,22.2,11.8,-4.3,6.8,0,0,1,False
M02966,T-0827,KC-46A,Halstead AFB,air refueling,2025-12-28,2.1,9446,56,14.2,0.0,-10.1,5.5,1,0,3,False
M02967,T-2376,KC-135R,Dunmore AFB,air refueling,2025-12-28,66.8,51278,48,17.6,,5.7,5.9,1,2,2,False
M02968,T-0639,C-17A,Halstead AFB,aeromedical,2025-12-28,21.7,10925,60,4.7,25.7,-14.1,6.6,0,0,2,False
M02969,T-1767,KC-135R,Carver Field,air refueling,2025-12-28,64.3,61672,10,20.2,0.0,21.8,5.0,0,0,0,False
M02970,T-1940,C-5M,Dunmore AFB,channel,2025-12-28,38.6,34418,35,13.3,167.8,4.3,13.4,0,0,0,False
M02971,T-2073,C-5M,Dunmore AFB,channel,2025-12-29,40.9,26759,40,33.7,109.4,3.0,6.3,0,0,0,False
M02972,T-1658,KC-135R,Carver Field,air refueling,2025-12-29,60.1,63704,29,4.8,0.0,12.1,5.6,1,2,1,False
M02973,T-0348,C-17A,Halstead AFB,channel,2025-12-29,22.8,15441,60,9.1,,-1.7,9.6,0,0,0,False
M02974,T-2545,KC-135R,Dunmore AFB,training,2025-12-29,59.3,46236,74,17.0,8.2,-2.7,2.3,1,0,0,False
M02975,T-0134,C-17A,Halstead AFB,channel,2025-12-29,26.5,6615,61,2.3,47.5,-15.2,8.8,1,0,3,False
M02976,T-1630,KC-135R,Carver Field,channel,2025-12-29,58.4,49021,137,5.1,76.0,12.3,8.3,0,0,2,False
M02977,T-1856,KC-135R,Carver Field,air refueling,2025-12-29,65.7,50112,42,13.4,0.0,6.7,3.1,0,0,0,False
M02978,T-2540,KC-135R,Dunmore AFB,aeromedical,2025-12-29,65.5,57086,46,17.4,8.3,10.0,6.9,0,1,1,False
M02979,T-0620,C-17A,Halstead AFB,training,2025-12-29,28.2,15411,32,10.8,8.5,-7.7,4.7,1,0,2,False
M02980,T-0870,KC-46A,Halstead AFB,air refueling,2025-12-29,2.6,676,31,29.1,0.0,-10.1,4.1,1,1,0,False
M02981,T-2161,C-5M,Dunmore AFB,channel,2025-12-29,44.9,44409,20,18.8,207.1,2.2,6.5,0,0,1,False
M02982,T-0891,KC-46A,Halstead AFB,training,2025-12-29,5.6,500,54,17.1,6.2,-6.4,2.1,0,0,1,False
M02983,T-2366,KC-135R,Dunmore AFB,air refueling,2025-12-30,63.1,45478,25,9.2,0.0,-8.7,5.1,0,0,4,False
M02984,T-0870,KC-46A,Halstead AFB,air refueling,2025-12-30,2.6,676,49,3.0,0.0,-10.3,5.5,0,1,0,False
M02985,T-1395,C-17A,Carver Field,channel,2025-12-30,31.0,34623,147,9.1,73.0,15.4,12.0,0,0,2,False
M02986,T-0780,KC-46A,Halstead AFB,air refueling,2025-12-30,5.4,500,64,4.7,0.0,-10.8,3.6,0,0,0,False
M02987,T-2164,C-5M,Dunmore AFB,SAAM,2025-12-30,37.4,42570,55,72.8,105.3,-4.6,11.7,0,0,0,False
M02988,T-2540,KC-135R,Dunmore AFB,channel,2025-12-30,65.5,57086,46,12.3,,2.3,10.3,1,1,1,False
M02989,T-0988,KC-46A,Halstead AFB,air refueling,2025-12-30,6.0,9210,83,11.2,0.0,-10.1,4.7,0,0,4,False
M02990,T-1847,KC-135R,Carver Field,air refueling,2025-12-30,60.9,53602,17,19.9,0.0,16.2,5.1,0,0,3,False
M02991,T-0425,C-17A,Halstead AFB,channel,2025-12-30,22.8,18352,54,40.2,97.8,-10.4,13.8,1,0,0,False
M02992,T-1221,C-17A,Carver Field,channel,2025-12-30,15.6,19726,77,8.3,97.7,16.1,12.7,1,0,3,False
M02993,T-2334,KC-135R,Dunmore AFB,training,2025-12-30,65.9,51911,4,5.4,6.1,0.7,3.4,0,0,1,False
M02994,T-1630,KC-135R,Carver Field,air refueling,2025-12-30,58.4,49021,107,5.6,0.0,8.2,4.0,0,0,2,False
M02995,T-1795,KC-135R,Carver Field,aeromedical,2025-12-31,64.6,55962,200,5.1,9.7,21.3,9.6,1,0,0,False
M02996,T-2295,KC-135R,Dunmore AFB,air refueling,2025-12-31,63.1,37980,23,16.1,0.0,1.8,4.3,0,1,1,False
M02997,T-1847,KC-135R,Carver Field,air refueling,2025-12-31,60.9,53602,34,4.9,0.0,17.3,5.1,0,0,3,False
M02998,T-2552,KC-135R,Dunmore AFB,training,2025-12-31,65.1,65331,181,10.3,18.1,2.5,3.6,1,0,2,False
M02999,T-1611,C-17A,Carver Field,SAAM,2025-12-31,25.0,24677,146,30.6,42.0,11.0,5.3,0,0,0,False
M03000,T-2290,KC-135R,Dunmore AFB,channel,2025-12-31,67.8,42978,24,3.3,31.4,3.1,6.1,1,0,1,False
